--
-- PostgreSQL database dump
--

-- Dumped from database version 15.3
-- Dumped by pg_dump version 15.3

SET statement_timeout = 0;
SET lock_timeout = 0;
SET idle_in_transaction_session_timeout = 0;
SET client_encoding = 'UTF8';
SET standard_conforming_strings = on;
SELECT pg_catalog.set_config('search_path', '', false);
SET check_function_bodies = false;
SET xmloption = content;
SET client_min_messages = warning;
SET row_security = off;

ALTER TABLE IF EXISTS ONLY public.store_currency DROP CONSTRAINT IF EXISTS store_currency_store_id_foreign;
ALTER TABLE IF EXISTS ONLY public.stock_location DROP CONSTRAINT IF EXISTS stock_location_address_id_foreign;
ALTER TABLE IF EXISTS ONLY public.shipping_option DROP CONSTRAINT IF EXISTS shipping_option_shipping_profile_id_foreign;
ALTER TABLE IF EXISTS ONLY public.shipping_option DROP CONSTRAINT IF EXISTS shipping_option_shipping_option_type_id_foreign;
ALTER TABLE IF EXISTS ONLY public.shipping_option DROP CONSTRAINT IF EXISTS shipping_option_service_zone_id_foreign;
ALTER TABLE IF EXISTS ONLY public.shipping_option_rule DROP CONSTRAINT IF EXISTS shipping_option_rule_shipping_option_id_foreign;
ALTER TABLE IF EXISTS ONLY public.shipping_option DROP CONSTRAINT IF EXISTS shipping_option_provider_id_foreign;
ALTER TABLE IF EXISTS ONLY public.service_zone DROP CONSTRAINT IF EXISTS service_zone_fulfillment_set_id_foreign;
ALTER TABLE IF EXISTS ONLY public.return_reason DROP CONSTRAINT IF EXISTS return_reason_parent_return_reason_id_foreign;
ALTER TABLE IF EXISTS ONLY public.reservation_item DROP CONSTRAINT IF EXISTS reservation_item_inventory_item_id_foreign;
ALTER TABLE IF EXISTS ONLY public.region_country DROP CONSTRAINT IF EXISTS region_country_region_id_foreign;
ALTER TABLE IF EXISTS ONLY public.refund DROP CONSTRAINT IF EXISTS refund_payment_id_foreign;
ALTER TABLE IF EXISTS ONLY public.provider_identity DROP CONSTRAINT IF EXISTS provider_identity_auth_identity_id_foreign;
ALTER TABLE IF EXISTS ONLY public.promotion_rule_value DROP CONSTRAINT IF EXISTS promotion_rule_value_promotion_rule_id_foreign;
ALTER TABLE IF EXISTS ONLY public.promotion_promotion_rule DROP CONSTRAINT IF EXISTS promotion_promotion_rule_promotion_rule_id_foreign;
ALTER TABLE IF EXISTS ONLY public.promotion_promotion_rule DROP CONSTRAINT IF EXISTS promotion_promotion_rule_promotion_id_foreign;
ALTER TABLE IF EXISTS ONLY public.promotion DROP CONSTRAINT IF EXISTS promotion_campaign_id_foreign;
ALTER TABLE IF EXISTS ONLY public.promotion_campaign_budget DROP CONSTRAINT IF EXISTS promotion_campaign_budget_campaign_id_foreign;
ALTER TABLE IF EXISTS ONLY public.promotion_application_method DROP CONSTRAINT IF EXISTS promotion_application_method_promotion_id_foreign;
ALTER TABLE IF EXISTS ONLY public.product_variant DROP CONSTRAINT IF EXISTS product_variant_product_id_foreign;
ALTER TABLE IF EXISTS ONLY public.product_variant_option DROP CONSTRAINT IF EXISTS product_variant_option_variant_id_foreign;
ALTER TABLE IF EXISTS ONLY public.product_variant_option DROP CONSTRAINT IF EXISTS product_variant_option_option_value_id_foreign;
ALTER TABLE IF EXISTS ONLY public.product DROP CONSTRAINT IF EXISTS product_type_id_foreign;
ALTER TABLE IF EXISTS ONLY public.product_tags DROP CONSTRAINT IF EXISTS product_tags_product_tag_id_foreign;
ALTER TABLE IF EXISTS ONLY public.product_tags DROP CONSTRAINT IF EXISTS product_tags_product_id_foreign;
ALTER TABLE IF EXISTS ONLY public.product_option_value DROP CONSTRAINT IF EXISTS product_option_value_option_id_foreign;
ALTER TABLE IF EXISTS ONLY public.product_option DROP CONSTRAINT IF EXISTS product_option_product_id_foreign;
ALTER TABLE IF EXISTS ONLY public.product DROP CONSTRAINT IF EXISTS product_collection_id_foreign;
ALTER TABLE IF EXISTS ONLY public.product_category_product DROP CONSTRAINT IF EXISTS product_category_product_product_id_foreign;
ALTER TABLE IF EXISTS ONLY public.product_category_product DROP CONSTRAINT IF EXISTS product_category_product_product_category_id_foreign;
ALTER TABLE IF EXISTS ONLY public.product_category DROP CONSTRAINT IF EXISTS product_category_parent_category_id_foreign;
ALTER TABLE IF EXISTS ONLY public.price_rule DROP CONSTRAINT IF EXISTS price_rule_price_id_foreign;
ALTER TABLE IF EXISTS ONLY public.price DROP CONSTRAINT IF EXISTS price_price_set_id_foreign;
ALTER TABLE IF EXISTS ONLY public.price DROP CONSTRAINT IF EXISTS price_price_list_id_foreign;
ALTER TABLE IF EXISTS ONLY public.price_list_rule DROP CONSTRAINT IF EXISTS price_list_rule_price_list_id_foreign;
ALTER TABLE IF EXISTS ONLY public.payment_session DROP CONSTRAINT IF EXISTS payment_session_payment_collection_id_foreign;
ALTER TABLE IF EXISTS ONLY public.payment DROP CONSTRAINT IF EXISTS payment_payment_collection_id_foreign;
ALTER TABLE IF EXISTS ONLY public.payment_collection_payment_providers DROP CONSTRAINT IF EXISTS payment_collection_payment_providers_payment_pro_2d555_foreign;
ALTER TABLE IF EXISTS ONLY public.payment_collection_payment_providers DROP CONSTRAINT IF EXISTS payment_collection_payment_providers_payment_col_aa276_foreign;
ALTER TABLE IF EXISTS ONLY public.order_transaction DROP CONSTRAINT IF EXISTS order_transaction_order_id_foreign;
ALTER TABLE IF EXISTS ONLY public.order_shipping DROP CONSTRAINT IF EXISTS order_shipping_order_id_foreign;
ALTER TABLE IF EXISTS ONLY public.order_shipping_method_tax_line DROP CONSTRAINT IF EXISTS order_shipping_method_tax_line_shipping_method_id_foreign;
ALTER TABLE IF EXISTS ONLY public.order_shipping_method_adjustment DROP CONSTRAINT IF EXISTS order_shipping_method_adjustment_shipping_method_id_foreign;
ALTER TABLE IF EXISTS ONLY public."order" DROP CONSTRAINT IF EXISTS order_shipping_address_id_foreign;
ALTER TABLE IF EXISTS ONLY public.order_line_item DROP CONSTRAINT IF EXISTS order_line_item_totals_id_foreign;
ALTER TABLE IF EXISTS ONLY public.order_line_item_tax_line DROP CONSTRAINT IF EXISTS order_line_item_tax_line_item_id_foreign;
ALTER TABLE IF EXISTS ONLY public.order_line_item_adjustment DROP CONSTRAINT IF EXISTS order_line_item_adjustment_item_id_foreign;
ALTER TABLE IF EXISTS ONLY public.order_item DROP CONSTRAINT IF EXISTS order_item_order_id_foreign;
ALTER TABLE IF EXISTS ONLY public.order_item DROP CONSTRAINT IF EXISTS order_item_item_id_foreign;
ALTER TABLE IF EXISTS ONLY public.order_credit_line DROP CONSTRAINT IF EXISTS order_credit_line_order_id_foreign;
ALTER TABLE IF EXISTS ONLY public.order_change DROP CONSTRAINT IF EXISTS order_change_order_id_foreign;
ALTER TABLE IF EXISTS ONLY public.order_change_action DROP CONSTRAINT IF EXISTS order_change_action_order_change_id_foreign;
ALTER TABLE IF EXISTS ONLY public."order" DROP CONSTRAINT IF EXISTS order_billing_address_id_foreign;
ALTER TABLE IF EXISTS ONLY public.notification DROP CONSTRAINT IF EXISTS notification_provider_id_foreign;
ALTER TABLE IF EXISTS ONLY public.inventory_level DROP CONSTRAINT IF EXISTS inventory_level_inventory_item_id_foreign;
ALTER TABLE IF EXISTS ONLY public.image DROP CONSTRAINT IF EXISTS image_product_id_foreign;
ALTER TABLE IF EXISTS ONLY public.geo_zone DROP CONSTRAINT IF EXISTS geo_zone_service_zone_id_foreign;
ALTER TABLE IF EXISTS ONLY public.fulfillment DROP CONSTRAINT IF EXISTS fulfillment_shipping_option_id_foreign;
ALTER TABLE IF EXISTS ONLY public.fulfillment DROP CONSTRAINT IF EXISTS fulfillment_provider_id_foreign;
ALTER TABLE IF EXISTS ONLY public.fulfillment_label DROP CONSTRAINT IF EXISTS fulfillment_label_fulfillment_id_foreign;
ALTER TABLE IF EXISTS ONLY public.fulfillment_item DROP CONSTRAINT IF EXISTS fulfillment_item_fulfillment_id_foreign;
ALTER TABLE IF EXISTS ONLY public.fulfillment DROP CONSTRAINT IF EXISTS fulfillment_delivery_address_id_foreign;
ALTER TABLE IF EXISTS ONLY public.digitalproduct_digitalproductorders DROP CONSTRAINT IF EXISTS digitalproduct_digitalproductorders_digital_product_id_foreign;
ALTER TABLE IF EXISTS ONLY public.digitalproduct_digitalproductorders DROP CONSTRAINT IF EXISTS digitalproduct_digitalproductorders_digital_produ_c0c21_foreign;
ALTER TABLE IF EXISTS ONLY public.digital_product_media DROP CONSTRAINT IF EXISTS digital_product_media_digital_product_id_foreign;
ALTER TABLE IF EXISTS ONLY public.customer_group_customer DROP CONSTRAINT IF EXISTS customer_group_customer_customer_id_foreign;
ALTER TABLE IF EXISTS ONLY public.customer_group_customer DROP CONSTRAINT IF EXISTS customer_group_customer_customer_group_id_foreign;
ALTER TABLE IF EXISTS ONLY public.customer_address DROP CONSTRAINT IF EXISTS customer_address_customer_id_foreign;
ALTER TABLE IF EXISTS ONLY public.credit_line DROP CONSTRAINT IF EXISTS credit_line_cart_id_foreign;
ALTER TABLE IF EXISTS ONLY public.cart_shipping_method_tax_line DROP CONSTRAINT IF EXISTS cart_shipping_method_tax_line_shipping_method_id_foreign;
ALTER TABLE IF EXISTS ONLY public.cart_shipping_method DROP CONSTRAINT IF EXISTS cart_shipping_method_cart_id_foreign;
ALTER TABLE IF EXISTS ONLY public.cart_shipping_method_adjustment DROP CONSTRAINT IF EXISTS cart_shipping_method_adjustment_shipping_method_id_foreign;
ALTER TABLE IF EXISTS ONLY public.cart DROP CONSTRAINT IF EXISTS cart_shipping_address_id_foreign;
ALTER TABLE IF EXISTS ONLY public.cart_line_item_tax_line DROP CONSTRAINT IF EXISTS cart_line_item_tax_line_item_id_foreign;
ALTER TABLE IF EXISTS ONLY public.cart_line_item DROP CONSTRAINT IF EXISTS cart_line_item_cart_id_foreign;
ALTER TABLE IF EXISTS ONLY public.cart_line_item_adjustment DROP CONSTRAINT IF EXISTS cart_line_item_adjustment_item_id_foreign;
ALTER TABLE IF EXISTS ONLY public.cart DROP CONSTRAINT IF EXISTS cart_billing_address_id_foreign;
ALTER TABLE IF EXISTS ONLY public.capture DROP CONSTRAINT IF EXISTS capture_payment_id_foreign;
ALTER TABLE IF EXISTS ONLY public.application_method_target_rules DROP CONSTRAINT IF EXISTS application_method_target_rules_promotion_rule_id_foreign;
ALTER TABLE IF EXISTS ONLY public.application_method_target_rules DROP CONSTRAINT IF EXISTS application_method_target_rules_application_method_id_foreign;
ALTER TABLE IF EXISTS ONLY public.application_method_buy_rules DROP CONSTRAINT IF EXISTS application_method_buy_rules_promotion_rule_id_foreign;
ALTER TABLE IF EXISTS ONLY public.application_method_buy_rules DROP CONSTRAINT IF EXISTS application_method_buy_rules_application_method_id_foreign;
ALTER TABLE IF EXISTS ONLY public.tax_region DROP CONSTRAINT IF EXISTS "FK_tax_region_provider_id";
ALTER TABLE IF EXISTS ONLY public.tax_region DROP CONSTRAINT IF EXISTS "FK_tax_region_parent_id";
ALTER TABLE IF EXISTS ONLY public.tax_rate DROP CONSTRAINT IF EXISTS "FK_tax_rate_tax_region_id";
ALTER TABLE IF EXISTS ONLY public.tax_rate_rule DROP CONSTRAINT IF EXISTS "FK_tax_rate_rule_tax_rate_id";
DROP INDEX IF EXISTS public.idx_script_name_unique;
DROP INDEX IF EXISTS public."IDX_workflow_execution_workflow_id";
DROP INDEX IF EXISTS public."IDX_workflow_execution_transaction_id";
DROP INDEX IF EXISTS public."IDX_workflow_execution_state";
DROP INDEX IF EXISTS public."IDX_workflow_execution_id";
DROP INDEX IF EXISTS public."IDX_workflow_execution_deleted_at";
DROP INDEX IF EXISTS public."IDX_variant_id_52b23597";
DROP INDEX IF EXISTS public."IDX_variant_id_17b4c4e35";
DROP INDEX IF EXISTS public."IDX_user_email_unique";
DROP INDEX IF EXISTS public."IDX_user_deleted_at";
DROP INDEX IF EXISTS public."IDX_unique_promotion_code";
DROP INDEX IF EXISTS public."IDX_type_value_unique";
DROP INDEX IF EXISTS public."IDX_tax_region_unique_country_province";
DROP INDEX IF EXISTS public."IDX_tax_region_unique_country_nullable_province";
DROP INDEX IF EXISTS public."IDX_tax_region_provider_id";
DROP INDEX IF EXISTS public."IDX_tax_region_parent_id";
DROP INDEX IF EXISTS public."IDX_tax_region_deleted_at";
DROP INDEX IF EXISTS public."IDX_tax_rate_tax_region_id";
DROP INDEX IF EXISTS public."IDX_tax_rate_rule_unique_rate_reference";
DROP INDEX IF EXISTS public."IDX_tax_rate_rule_tax_rate_id";
DROP INDEX IF EXISTS public."IDX_tax_rate_rule_reference_id";
DROP INDEX IF EXISTS public."IDX_tax_rate_rule_deleted_at";
DROP INDEX IF EXISTS public."IDX_tax_rate_deleted_at";
DROP INDEX IF EXISTS public."IDX_tax_provider_deleted_at";
DROP INDEX IF EXISTS public."IDX_tax_line_shipping_method_id";
DROP INDEX IF EXISTS public."IDX_tax_line_item_id";
DROP INDEX IF EXISTS public."IDX_tag_value_unique";
DROP INDEX IF EXISTS public."IDX_store_deleted_at";
DROP INDEX IF EXISTS public."IDX_store_currency_store_id";
DROP INDEX IF EXISTS public."IDX_store_currency_deleted_at";
DROP INDEX IF EXISTS public."IDX_stock_location_id_26d06f470";
DROP INDEX IF EXISTS public."IDX_stock_location_id_-e88adb96";
DROP INDEX IF EXISTS public."IDX_stock_location_id_-1e5992737";
DROP INDEX IF EXISTS public."IDX_stock_location_deleted_at";
DROP INDEX IF EXISTS public."IDX_stock_location_address_id_unique";
DROP INDEX IF EXISTS public."IDX_stock_location_address_deleted_at";
DROP INDEX IF EXISTS public."IDX_single_default_region";
DROP INDEX IF EXISTS public."IDX_shipping_profile_name_unique";
DROP INDEX IF EXISTS public."IDX_shipping_profile_id_17a262437";
DROP INDEX IF EXISTS public."IDX_shipping_profile_deleted_at";
DROP INDEX IF EXISTS public."IDX_shipping_option_type_deleted_at";
DROP INDEX IF EXISTS public."IDX_shipping_option_shipping_profile_id";
DROP INDEX IF EXISTS public."IDX_shipping_option_service_zone_id";
DROP INDEX IF EXISTS public."IDX_shipping_option_rule_shipping_option_id";
DROP INDEX IF EXISTS public."IDX_shipping_option_rule_deleted_at";
DROP INDEX IF EXISTS public."IDX_shipping_option_provider_id";
DROP INDEX IF EXISTS public."IDX_shipping_option_id_ba32fa9c";
DROP INDEX IF EXISTS public."IDX_shipping_option_deleted_at";
DROP INDEX IF EXISTS public."IDX_shipping_method_tax_line_tax_rate_id";
DROP INDEX IF EXISTS public."IDX_shipping_method_option_id";
DROP INDEX IF EXISTS public."IDX_shipping_method_cart_id";
DROP INDEX IF EXISTS public."IDX_shipping_method_adjustment_promotion_id";
DROP INDEX IF EXISTS public."IDX_service_zone_name_unique";
DROP INDEX IF EXISTS public."IDX_service_zone_fulfillment_set_id";
DROP INDEX IF EXISTS public."IDX_service_zone_deleted_at";
DROP INDEX IF EXISTS public."IDX_sales_channel_id_26d06f470";
DROP INDEX IF EXISTS public."IDX_sales_channel_id_20b454295";
DROP INDEX IF EXISTS public."IDX_sales_channel_id_-1d67bae40";
DROP INDEX IF EXISTS public."IDX_sales_channel_deleted_at";
DROP INDEX IF EXISTS public."IDX_return_reason_value";
DROP INDEX IF EXISTS public."IDX_return_order_id";
DROP INDEX IF EXISTS public."IDX_return_item_return_id";
DROP INDEX IF EXISTS public."IDX_return_item_reason_id";
DROP INDEX IF EXISTS public."IDX_return_item_item_id";
DROP INDEX IF EXISTS public."IDX_return_item_deleted_at";
DROP INDEX IF EXISTS public."IDX_return_id_-31ea43a";
DROP INDEX IF EXISTS public."IDX_return_exchange_id";
DROP INDEX IF EXISTS public."IDX_return_display_id";
DROP INDEX IF EXISTS public."IDX_return_claim_id";
DROP INDEX IF EXISTS public."IDX_reservation_item_location_id";
DROP INDEX IF EXISTS public."IDX_reservation_item_line_item_id";
DROP INDEX IF EXISTS public."IDX_reservation_item_inventory_item_id";
DROP INDEX IF EXISTS public."IDX_reservation_item_deleted_at";
DROP INDEX IF EXISTS public."IDX_region_id_1c934dab0";
DROP INDEX IF EXISTS public."IDX_region_deleted_at";
DROP INDEX IF EXISTS public."IDX_region_country_region_id_iso_2_unique";
DROP INDEX IF EXISTS public."IDX_region_country_region_id";
DROP INDEX IF EXISTS public."IDX_region_country_deleted_at";
DROP INDEX IF EXISTS public."IDX_refund_refund_reason_id";
DROP INDEX IF EXISTS public."IDX_refund_reason_deleted_at";
DROP INDEX IF EXISTS public."IDX_refund_payment_id";
DROP INDEX IF EXISTS public."IDX_refund_deleted_at";
DROP INDEX IF EXISTS public."IDX_publishable_key_id_-1d67bae40";
DROP INDEX IF EXISTS public."IDX_provider_identity_provider_entity_id";
DROP INDEX IF EXISTS public."IDX_provider_identity_deleted_at";
DROP INDEX IF EXISTS public."IDX_provider_identity_auth_identity_id";
DROP INDEX IF EXISTS public."IDX_promotion_type";
DROP INDEX IF EXISTS public."IDX_promotion_status";
DROP INDEX IF EXISTS public."IDX_promotion_rule_value_promotion_rule_id";
DROP INDEX IF EXISTS public."IDX_promotion_rule_value_deleted_at";
DROP INDEX IF EXISTS public."IDX_promotion_rule_operator";
DROP INDEX IF EXISTS public."IDX_promotion_rule_deleted_at";
DROP INDEX IF EXISTS public."IDX_promotion_rule_attribute";
DROP INDEX IF EXISTS public."IDX_promotion_id_-a9d4a70b";
DROP INDEX IF EXISTS public."IDX_promotion_id_-71518339";
DROP INDEX IF EXISTS public."IDX_promotion_deleted_at";
DROP INDEX IF EXISTS public."IDX_promotion_campaign_id";
DROP INDEX IF EXISTS public."IDX_promotion_campaign_deleted_at";
DROP INDEX IF EXISTS public."IDX_promotion_campaign_campaign_identifier_unique";
DROP INDEX IF EXISTS public."IDX_promotion_campaign_budget_deleted_at";
DROP INDEX IF EXISTS public."IDX_promotion_campaign_budget_campaign_id_unique";
DROP INDEX IF EXISTS public."IDX_promotion_application_method_promotion_id_unique";
DROP INDEX IF EXISTS public."IDX_promotion_application_method_deleted_at";
DROP INDEX IF EXISTS public."IDX_promotion_application_method_currency_code";
DROP INDEX IF EXISTS public."IDX_product_variant_upc_unique";
DROP INDEX IF EXISTS public."IDX_product_variant_sku_unique";
DROP INDEX IF EXISTS public."IDX_product_variant_product_id";
DROP INDEX IF EXISTS public."IDX_product_variant_id_-537762e25";
DROP INDEX IF EXISTS public."IDX_product_variant_ean_unique";
DROP INDEX IF EXISTS public."IDX_product_variant_deleted_at";
DROP INDEX IF EXISTS public."IDX_product_variant_barcode_unique";
DROP INDEX IF EXISTS public."IDX_product_type_id";
DROP INDEX IF EXISTS public."IDX_product_type_deleted_at";
DROP INDEX IF EXISTS public."IDX_product_tag_deleted_at";
DROP INDEX IF EXISTS public."IDX_product_option_value_option_id";
DROP INDEX IF EXISTS public."IDX_product_option_value_deleted_at";
DROP INDEX IF EXISTS public."IDX_product_option_product_id";
DROP INDEX IF EXISTS public."IDX_product_option_deleted_at";
DROP INDEX IF EXISTS public."IDX_product_image_url";
DROP INDEX IF EXISTS public."IDX_product_id_20b454295";
DROP INDEX IF EXISTS public."IDX_product_id_17a262437";
DROP INDEX IF EXISTS public."IDX_product_handle_unique";
DROP INDEX IF EXISTS public."IDX_product_deleted_at";
DROP INDEX IF EXISTS public."IDX_product_collection_id";
DROP INDEX IF EXISTS public."IDX_product_collection_deleted_at";
DROP INDEX IF EXISTS public."IDX_product_category_path";
DROP INDEX IF EXISTS public."IDX_product_category_parent_category_id";
DROP INDEX IF EXISTS public."IDX_product_category_deleted_at";
DROP INDEX IF EXISTS public."IDX_price_set_id_ba32fa9c";
DROP INDEX IF EXISTS public."IDX_price_set_id_52b23597";
DROP INDEX IF EXISTS public."IDX_price_set_deleted_at";
DROP INDEX IF EXISTS public."IDX_price_rule_price_id_attribute_operator_unique";
DROP INDEX IF EXISTS public."IDX_price_rule_price_id";
DROP INDEX IF EXISTS public."IDX_price_rule_operator";
DROP INDEX IF EXISTS public."IDX_price_rule_deleted_at";
DROP INDEX IF EXISTS public."IDX_price_price_set_id";
DROP INDEX IF EXISTS public."IDX_price_price_list_id";
DROP INDEX IF EXISTS public."IDX_price_preference_deleted_at";
DROP INDEX IF EXISTS public."IDX_price_preference_attribute_value";
DROP INDEX IF EXISTS public."IDX_price_list_rule_price_list_id";
DROP INDEX IF EXISTS public."IDX_price_list_rule_deleted_at";
DROP INDEX IF EXISTS public."IDX_price_list_deleted_at";
DROP INDEX IF EXISTS public."IDX_price_deleted_at";
DROP INDEX IF EXISTS public."IDX_price_currency_code";
DROP INDEX IF EXISTS public."IDX_payment_session_payment_collection_id";
DROP INDEX IF EXISTS public."IDX_payment_session_deleted_at";
DROP INDEX IF EXISTS public."IDX_payment_provider_id_1c934dab0";
DROP INDEX IF EXISTS public."IDX_payment_provider_id";
DROP INDEX IF EXISTS public."IDX_payment_provider_deleted_at";
DROP INDEX IF EXISTS public."IDX_payment_payment_session_id_unique";
DROP INDEX IF EXISTS public."IDX_payment_payment_session_id";
DROP INDEX IF EXISTS public."IDX_payment_payment_collection_id";
DROP INDEX IF EXISTS public."IDX_payment_deleted_at";
DROP INDEX IF EXISTS public."IDX_payment_collection_id_f42b9949";
DROP INDEX IF EXISTS public."IDX_payment_collection_id_-4a39f6c9";
DROP INDEX IF EXISTS public."IDX_payment_collection_deleted_at";
DROP INDEX IF EXISTS public."IDX_order_transaction_return_id";
DROP INDEX IF EXISTS public."IDX_order_transaction_reference_id";
DROP INDEX IF EXISTS public."IDX_order_transaction_order_id_version";
DROP INDEX IF EXISTS public."IDX_order_transaction_exchange_id";
DROP INDEX IF EXISTS public."IDX_order_transaction_currency_code";
DROP INDEX IF EXISTS public."IDX_order_transaction_claim_id";
DROP INDEX IF EXISTS public."IDX_order_summary_order_id_version";
DROP INDEX IF EXISTS public."IDX_order_summary_deleted_at";
DROP INDEX IF EXISTS public."IDX_order_shipping_return_id";
DROP INDEX IF EXISTS public."IDX_order_shipping_order_id_version";
DROP INDEX IF EXISTS public."IDX_order_shipping_order_id";
DROP INDEX IF EXISTS public."IDX_order_shipping_method_tax_line_shipping_method_id";
DROP INDEX IF EXISTS public."IDX_order_shipping_method_shipping_option_id";
DROP INDEX IF EXISTS public."IDX_order_shipping_method_adjustment_shipping_method_id";
DROP INDEX IF EXISTS public."IDX_order_shipping_item_id";
DROP INDEX IF EXISTS public."IDX_order_shipping_exchange_id";
DROP INDEX IF EXISTS public."IDX_order_shipping_deleted_at";
DROP INDEX IF EXISTS public."IDX_order_shipping_claim_id";
DROP INDEX IF EXISTS public."IDX_order_shipping_address_id";
DROP INDEX IF EXISTS public."IDX_order_region_id";
DROP INDEX IF EXISTS public."IDX_order_line_item_variant_id";
DROP INDEX IF EXISTS public."IDX_order_line_item_tax_line_item_id";
DROP INDEX IF EXISTS public."IDX_order_line_item_product_id";
DROP INDEX IF EXISTS public."IDX_order_line_item_adjustment_item_id";
DROP INDEX IF EXISTS public."IDX_order_item_order_id_version";
DROP INDEX IF EXISTS public."IDX_order_item_order_id";
DROP INDEX IF EXISTS public."IDX_order_item_item_id";
DROP INDEX IF EXISTS public."IDX_order_item_deleted_at";
DROP INDEX IF EXISTS public."IDX_order_is_draft_order";
DROP INDEX IF EXISTS public."IDX_order_id_f42b9949";
DROP INDEX IF EXISTS public."IDX_order_id_-e8d2543e";
DROP INDEX IF EXISTS public."IDX_order_id_-71518339";
DROP INDEX IF EXISTS public."IDX_order_id_-71069c16";
DROP INDEX IF EXISTS public."IDX_order_id_-467835428";
DROP INDEX IF EXISTS public."IDX_order_exchange_return_id";
DROP INDEX IF EXISTS public."IDX_order_exchange_order_id";
DROP INDEX IF EXISTS public."IDX_order_exchange_item_item_id";
DROP INDEX IF EXISTS public."IDX_order_exchange_item_exchange_id";
DROP INDEX IF EXISTS public."IDX_order_exchange_item_deleted_at";
DROP INDEX IF EXISTS public."IDX_order_exchange_display_id";
DROP INDEX IF EXISTS public."IDX_order_exchange_deleted_at";
DROP INDEX IF EXISTS public."IDX_order_display_id";
DROP INDEX IF EXISTS public."IDX_order_deleted_at";
DROP INDEX IF EXISTS public."IDX_order_customer_id";
DROP INDEX IF EXISTS public."IDX_order_currency_code";
DROP INDEX IF EXISTS public."IDX_order_credit_line_order_id";
DROP INDEX IF EXISTS public."IDX_order_credit_line_deleted_at";
DROP INDEX IF EXISTS public."IDX_order_claim_return_id";
DROP INDEX IF EXISTS public."IDX_order_claim_order_id";
DROP INDEX IF EXISTS public."IDX_order_claim_item_item_id";
DROP INDEX IF EXISTS public."IDX_order_claim_item_image_deleted_at";
DROP INDEX IF EXISTS public."IDX_order_claim_item_image_claim_item_id";
DROP INDEX IF EXISTS public."IDX_order_claim_item_deleted_at";
DROP INDEX IF EXISTS public."IDX_order_claim_item_claim_id";
DROP INDEX IF EXISTS public."IDX_order_claim_display_id";
DROP INDEX IF EXISTS public."IDX_order_claim_deleted_at";
DROP INDEX IF EXISTS public."IDX_order_change_status";
DROP INDEX IF EXISTS public."IDX_order_change_return_id";
DROP INDEX IF EXISTS public."IDX_order_change_order_id_version";
DROP INDEX IF EXISTS public."IDX_order_change_order_id";
DROP INDEX IF EXISTS public."IDX_order_change_exchange_id";
DROP INDEX IF EXISTS public."IDX_order_change_deleted_at";
DROP INDEX IF EXISTS public."IDX_order_change_claim_id";
DROP INDEX IF EXISTS public."IDX_order_change_change_type";
DROP INDEX IF EXISTS public."IDX_order_change_action_return_id";
DROP INDEX IF EXISTS public."IDX_order_change_action_ordering";
DROP INDEX IF EXISTS public."IDX_order_change_action_order_id";
DROP INDEX IF EXISTS public."IDX_order_change_action_order_change_id";
DROP INDEX IF EXISTS public."IDX_order_change_action_exchange_id";
DROP INDEX IF EXISTS public."IDX_order_change_action_deleted_at";
DROP INDEX IF EXISTS public."IDX_order_change_action_claim_id";
DROP INDEX IF EXISTS public."IDX_order_billing_address_id";
DROP INDEX IF EXISTS public."IDX_order_address_deleted_at";
DROP INDEX IF EXISTS public."IDX_order_address_customer_id";
DROP INDEX IF EXISTS public."IDX_option_value_option_id_unique";
DROP INDEX IF EXISTS public."IDX_option_product_id_title_unique";
DROP INDEX IF EXISTS public."IDX_notification_receiver_id";
DROP INDEX IF EXISTS public."IDX_notification_provider_id";
DROP INDEX IF EXISTS public."IDX_notification_provider_deleted_at";
DROP INDEX IF EXISTS public."IDX_notification_idempotency_key_unique";
DROP INDEX IF EXISTS public."IDX_notification_deleted_at";
DROP INDEX IF EXISTS public."IDX_line_item_variant_id";
DROP INDEX IF EXISTS public."IDX_line_item_tax_line_tax_rate_id";
DROP INDEX IF EXISTS public."IDX_line_item_product_type_id";
DROP INDEX IF EXISTS public."IDX_line_item_product_id";
DROP INDEX IF EXISTS public."IDX_line_item_cart_id";
DROP INDEX IF EXISTS public."IDX_line_item_adjustment_promotion_id";
DROP INDEX IF EXISTS public."IDX_invite_token";
DROP INDEX IF EXISTS public."IDX_invite_email_unique";
DROP INDEX IF EXISTS public."IDX_invite_deleted_at";
DROP INDEX IF EXISTS public."IDX_inventory_level_location_id_inventory_item_id";
DROP INDEX IF EXISTS public."IDX_inventory_level_location_id";
DROP INDEX IF EXISTS public."IDX_inventory_level_item_location";
DROP INDEX IF EXISTS public."IDX_inventory_level_inventory_item_id";
DROP INDEX IF EXISTS public."IDX_inventory_level_deleted_at";
DROP INDEX IF EXISTS public."IDX_inventory_item_sku";
DROP INDEX IF EXISTS public."IDX_inventory_item_id_17b4c4e35";
DROP INDEX IF EXISTS public."IDX_inventory_item_deleted_at";
DROP INDEX IF EXISTS public."IDX_image_deleted_at";
DROP INDEX IF EXISTS public."IDX_id_f42b9949";
DROP INDEX IF EXISTS public."IDX_id_ba32fa9c";
DROP INDEX IF EXISTS public."IDX_id_5cb3a0c0";
DROP INDEX IF EXISTS public."IDX_id_52b23597";
DROP INDEX IF EXISTS public."IDX_id_26d06f470";
DROP INDEX IF EXISTS public."IDX_id_20b454295";
DROP INDEX IF EXISTS public."IDX_id_1c934dab0";
DROP INDEX IF EXISTS public."IDX_id_17b4c4e35";
DROP INDEX IF EXISTS public."IDX_id_17a262437";
DROP INDEX IF EXISTS public."IDX_id_-e8d2543e";
DROP INDEX IF EXISTS public."IDX_id_-e88adb96";
DROP INDEX IF EXISTS public."IDX_id_-a9d4a70b";
DROP INDEX IF EXISTS public."IDX_id_-71518339";
DROP INDEX IF EXISTS public."IDX_id_-71069c16";
DROP INDEX IF EXISTS public."IDX_id_-537762e25";
DROP INDEX IF EXISTS public."IDX_id_-4a39f6c9";
DROP INDEX IF EXISTS public."IDX_id_-467835428";
DROP INDEX IF EXISTS public."IDX_id_-31ea43a";
DROP INDEX IF EXISTS public."IDX_id_-1e5992737";
DROP INDEX IF EXISTS public."IDX_id_-1d67bae40";
DROP INDEX IF EXISTS public."IDX_geo_zone_service_zone_id";
DROP INDEX IF EXISTS public."IDX_geo_zone_province_code";
DROP INDEX IF EXISTS public."IDX_geo_zone_deleted_at";
DROP INDEX IF EXISTS public."IDX_geo_zone_country_code";
DROP INDEX IF EXISTS public."IDX_geo_zone_city";
DROP INDEX IF EXISTS public."IDX_fulfillment_shipping_option_id";
DROP INDEX IF EXISTS public."IDX_fulfillment_set_name_unique";
DROP INDEX IF EXISTS public."IDX_fulfillment_set_id_-e88adb96";
DROP INDEX IF EXISTS public."IDX_fulfillment_set_deleted_at";
DROP INDEX IF EXISTS public."IDX_fulfillment_provider_id_-1e5992737";
DROP INDEX IF EXISTS public."IDX_fulfillment_provider_deleted_at";
DROP INDEX IF EXISTS public."IDX_fulfillment_location_id";
DROP INDEX IF EXISTS public."IDX_fulfillment_label_fulfillment_id";
DROP INDEX IF EXISTS public."IDX_fulfillment_label_deleted_at";
DROP INDEX IF EXISTS public."IDX_fulfillment_item_line_item_id";
DROP INDEX IF EXISTS public."IDX_fulfillment_item_inventory_item_id";
DROP INDEX IF EXISTS public."IDX_fulfillment_item_fulfillment_id";
DROP INDEX IF EXISTS public."IDX_fulfillment_item_deleted_at";
DROP INDEX IF EXISTS public."IDX_fulfillment_id_-e8d2543e";
DROP INDEX IF EXISTS public."IDX_fulfillment_id_-31ea43a";
DROP INDEX IF EXISTS public."IDX_fulfillment_deleted_at";
DROP INDEX IF EXISTS public."IDX_fulfillment_address_deleted_at";
DROP INDEX IF EXISTS public."IDX_digital_product_order_id_-467835428";
DROP INDEX IF EXISTS public."IDX_digital_product_media_digital_product_id";
DROP INDEX IF EXISTS public."IDX_digital_product_id_-537762e25";
DROP INDEX IF EXISTS public."IDX_deleted_at_f42b9949";
DROP INDEX IF EXISTS public."IDX_deleted_at_ba32fa9c";
DROP INDEX IF EXISTS public."IDX_deleted_at_5cb3a0c0";
DROP INDEX IF EXISTS public."IDX_deleted_at_52b23597";
DROP INDEX IF EXISTS public."IDX_deleted_at_26d06f470";
DROP INDEX IF EXISTS public."IDX_deleted_at_20b454295";
DROP INDEX IF EXISTS public."IDX_deleted_at_1c934dab0";
DROP INDEX IF EXISTS public."IDX_deleted_at_17b4c4e35";
DROP INDEX IF EXISTS public."IDX_deleted_at_17a262437";
DROP INDEX IF EXISTS public."IDX_deleted_at_-e8d2543e";
DROP INDEX IF EXISTS public."IDX_deleted_at_-e88adb96";
DROP INDEX IF EXISTS public."IDX_deleted_at_-a9d4a70b";
DROP INDEX IF EXISTS public."IDX_deleted_at_-71518339";
DROP INDEX IF EXISTS public."IDX_deleted_at_-71069c16";
DROP INDEX IF EXISTS public."IDX_deleted_at_-537762e25";
DROP INDEX IF EXISTS public."IDX_deleted_at_-4a39f6c9";
DROP INDEX IF EXISTS public."IDX_deleted_at_-467835428";
DROP INDEX IF EXISTS public."IDX_deleted_at_-31ea43a";
DROP INDEX IF EXISTS public."IDX_deleted_at_-1e5992737";
DROP INDEX IF EXISTS public."IDX_deleted_at_-1d67bae40";
DROP INDEX IF EXISTS public."IDX_customer_id_5cb3a0c0";
DROP INDEX IF EXISTS public."IDX_customer_group_name_unique";
DROP INDEX IF EXISTS public."IDX_customer_group_name";
DROP INDEX IF EXISTS public."IDX_customer_group_deleted_at";
DROP INDEX IF EXISTS public."IDX_customer_group_customer_deleted_at";
DROP INDEX IF EXISTS public."IDX_customer_group_customer_customer_id";
DROP INDEX IF EXISTS public."IDX_customer_group_customer_customer_group_id";
DROP INDEX IF EXISTS public."IDX_customer_email_has_account_unique";
DROP INDEX IF EXISTS public."IDX_customer_deleted_at";
DROP INDEX IF EXISTS public."IDX_customer_address_unique_customer_shipping";
DROP INDEX IF EXISTS public."IDX_customer_address_unique_customer_billing";
DROP INDEX IF EXISTS public."IDX_customer_address_deleted_at";
DROP INDEX IF EXISTS public."IDX_customer_address_customer_id";
DROP INDEX IF EXISTS public."IDX_credit_line_deleted_at";
DROP INDEX IF EXISTS public."IDX_credit_line_cart_id";
DROP INDEX IF EXISTS public."IDX_collection_handle_unique";
DROP INDEX IF EXISTS public."IDX_category_handle_unique";
DROP INDEX IF EXISTS public."IDX_cart_shipping_method_tax_line_shipping_method_id";
DROP INDEX IF EXISTS public."IDX_cart_shipping_method_tax_line_deleted_at";
DROP INDEX IF EXISTS public."IDX_cart_shipping_method_deleted_at";
DROP INDEX IF EXISTS public."IDX_cart_shipping_method_cart_id";
DROP INDEX IF EXISTS public."IDX_cart_shipping_method_adjustment_shipping_method_id";
DROP INDEX IF EXISTS public."IDX_cart_shipping_method_adjustment_deleted_at";
DROP INDEX IF EXISTS public."IDX_cart_shipping_address_id";
DROP INDEX IF EXISTS public."IDX_cart_sales_channel_id";
DROP INDEX IF EXISTS public."IDX_cart_region_id";
DROP INDEX IF EXISTS public."IDX_cart_line_item_tax_line_item_id";
DROP INDEX IF EXISTS public."IDX_cart_line_item_tax_line_deleted_at";
DROP INDEX IF EXISTS public."IDX_cart_line_item_deleted_at";
DROP INDEX IF EXISTS public."IDX_cart_line_item_cart_id";
DROP INDEX IF EXISTS public."IDX_cart_line_item_adjustment_item_id";
DROP INDEX IF EXISTS public."IDX_cart_line_item_adjustment_deleted_at";
DROP INDEX IF EXISTS public."IDX_cart_id_-a9d4a70b";
DROP INDEX IF EXISTS public."IDX_cart_id_-71069c16";
DROP INDEX IF EXISTS public."IDX_cart_id_-4a39f6c9";
DROP INDEX IF EXISTS public."IDX_cart_deleted_at";
DROP INDEX IF EXISTS public."IDX_cart_customer_id";
DROP INDEX IF EXISTS public."IDX_cart_currency_code";
DROP INDEX IF EXISTS public."IDX_cart_credit_line_reference_reference_id";
DROP INDEX IF EXISTS public."IDX_cart_billing_address_id";
DROP INDEX IF EXISTS public."IDX_cart_address_deleted_at";
DROP INDEX IF EXISTS public."IDX_capture_payment_id";
DROP INDEX IF EXISTS public."IDX_capture_deleted_at";
DROP INDEX IF EXISTS public."IDX_campaign_budget_type";
DROP INDEX IF EXISTS public."IDX_auth_identity_deleted_at";
DROP INDEX IF EXISTS public."IDX_application_method_type";
DROP INDEX IF EXISTS public."IDX_application_method_target_type";
DROP INDEX IF EXISTS public."IDX_application_method_allocation";
DROP INDEX IF EXISTS public."IDX_api_key_type";
DROP INDEX IF EXISTS public."IDX_api_key_token_unique";
DROP INDEX IF EXISTS public."IDX_api_key_deleted_at";
DROP INDEX IF EXISTS public."IDX_adjustment_shipping_method_id";
DROP INDEX IF EXISTS public."IDX_adjustment_item_id";
DROP INDEX IF EXISTS public."IDX_account_holder_provider_id_external_id_unique";
DROP INDEX IF EXISTS public."IDX_account_holder_id_5cb3a0c0";
DROP INDEX IF EXISTS public."IDX_account_holder_deleted_at";
ALTER TABLE IF EXISTS ONLY public."user" DROP CONSTRAINT IF EXISTS user_pkey;
ALTER TABLE IF EXISTS ONLY public.tax_region DROP CONSTRAINT IF EXISTS tax_region_pkey;
ALTER TABLE IF EXISTS ONLY public.tax_rate_rule DROP CONSTRAINT IF EXISTS tax_rate_rule_pkey;
ALTER TABLE IF EXISTS ONLY public.tax_rate DROP CONSTRAINT IF EXISTS tax_rate_pkey;
ALTER TABLE IF EXISTS ONLY public.tax_provider DROP CONSTRAINT IF EXISTS tax_provider_pkey;
ALTER TABLE IF EXISTS ONLY public.store DROP CONSTRAINT IF EXISTS store_pkey;
ALTER TABLE IF EXISTS ONLY public.store_currency DROP CONSTRAINT IF EXISTS store_currency_pkey;
ALTER TABLE IF EXISTS ONLY public.stock_location DROP CONSTRAINT IF EXISTS stock_location_pkey;
ALTER TABLE IF EXISTS ONLY public.stock_location_address DROP CONSTRAINT IF EXISTS stock_location_address_pkey;
ALTER TABLE IF EXISTS ONLY public.shipping_profile DROP CONSTRAINT IF EXISTS shipping_profile_pkey;
ALTER TABLE IF EXISTS ONLY public.shipping_option_type DROP CONSTRAINT IF EXISTS shipping_option_type_pkey;
ALTER TABLE IF EXISTS ONLY public.shipping_option_rule DROP CONSTRAINT IF EXISTS shipping_option_rule_pkey;
ALTER TABLE IF EXISTS ONLY public.shipping_option_price_set DROP CONSTRAINT IF EXISTS shipping_option_price_set_pkey;
ALTER TABLE IF EXISTS ONLY public.shipping_option DROP CONSTRAINT IF EXISTS shipping_option_pkey;
ALTER TABLE IF EXISTS ONLY public.service_zone DROP CONSTRAINT IF EXISTS service_zone_pkey;
ALTER TABLE IF EXISTS ONLY public.script_migrations DROP CONSTRAINT IF EXISTS script_migrations_pkey;
ALTER TABLE IF EXISTS ONLY public.sales_channel_stock_location DROP CONSTRAINT IF EXISTS sales_channel_stock_location_pkey;
ALTER TABLE IF EXISTS ONLY public.sales_channel DROP CONSTRAINT IF EXISTS sales_channel_pkey;
ALTER TABLE IF EXISTS ONLY public.return_reason DROP CONSTRAINT IF EXISTS return_reason_pkey;
ALTER TABLE IF EXISTS ONLY public.return DROP CONSTRAINT IF EXISTS return_pkey;
ALTER TABLE IF EXISTS ONLY public.return_item DROP CONSTRAINT IF EXISTS return_item_pkey;
ALTER TABLE IF EXISTS ONLY public.return_fulfillment DROP CONSTRAINT IF EXISTS return_fulfillment_pkey;
ALTER TABLE IF EXISTS ONLY public.reservation_item DROP CONSTRAINT IF EXISTS reservation_item_pkey;
ALTER TABLE IF EXISTS ONLY public.region DROP CONSTRAINT IF EXISTS region_pkey;
ALTER TABLE IF EXISTS ONLY public.region_payment_provider DROP CONSTRAINT IF EXISTS region_payment_provider_pkey;
ALTER TABLE IF EXISTS ONLY public.region_country DROP CONSTRAINT IF EXISTS region_country_pkey;
ALTER TABLE IF EXISTS ONLY public.refund_reason DROP CONSTRAINT IF EXISTS refund_reason_pkey;
ALTER TABLE IF EXISTS ONLY public.refund DROP CONSTRAINT IF EXISTS refund_pkey;
ALTER TABLE IF EXISTS ONLY public.publishable_api_key_sales_channel DROP CONSTRAINT IF EXISTS publishable_api_key_sales_channel_pkey;
ALTER TABLE IF EXISTS ONLY public.provider_identity DROP CONSTRAINT IF EXISTS provider_identity_pkey;
ALTER TABLE IF EXISTS ONLY public.promotion_rule_value DROP CONSTRAINT IF EXISTS promotion_rule_value_pkey;
ALTER TABLE IF EXISTS ONLY public.promotion_rule DROP CONSTRAINT IF EXISTS promotion_rule_pkey;
ALTER TABLE IF EXISTS ONLY public.promotion_promotion_rule DROP CONSTRAINT IF EXISTS promotion_promotion_rule_pkey;
ALTER TABLE IF EXISTS ONLY public.promotion DROP CONSTRAINT IF EXISTS promotion_pkey;
ALTER TABLE IF EXISTS ONLY public.promotion_campaign DROP CONSTRAINT IF EXISTS promotion_campaign_pkey;
ALTER TABLE IF EXISTS ONLY public.promotion_campaign_budget DROP CONSTRAINT IF EXISTS promotion_campaign_budget_pkey;
ALTER TABLE IF EXISTS ONLY public.promotion_application_method DROP CONSTRAINT IF EXISTS promotion_application_method_pkey;
ALTER TABLE IF EXISTS ONLY public.product_variant_price_set DROP CONSTRAINT IF EXISTS product_variant_price_set_pkey;
ALTER TABLE IF EXISTS ONLY public.product_variant DROP CONSTRAINT IF EXISTS product_variant_pkey;
ALTER TABLE IF EXISTS ONLY public.product_variant_option DROP CONSTRAINT IF EXISTS product_variant_option_pkey;
ALTER TABLE IF EXISTS ONLY public.product_variant_inventory_item DROP CONSTRAINT IF EXISTS product_variant_inventory_item_pkey;
ALTER TABLE IF EXISTS ONLY public.product_type DROP CONSTRAINT IF EXISTS product_type_pkey;
ALTER TABLE IF EXISTS ONLY public.product_tags DROP CONSTRAINT IF EXISTS product_tags_pkey;
ALTER TABLE IF EXISTS ONLY public.product_tag DROP CONSTRAINT IF EXISTS product_tag_pkey;
ALTER TABLE IF EXISTS ONLY public.product_shipping_profile DROP CONSTRAINT IF EXISTS product_shipping_profile_pkey;
ALTER TABLE IF EXISTS ONLY public.product_sales_channel DROP CONSTRAINT IF EXISTS product_sales_channel_pkey;
ALTER TABLE IF EXISTS ONLY public.product DROP CONSTRAINT IF EXISTS product_pkey;
ALTER TABLE IF EXISTS ONLY public.product_option_value DROP CONSTRAINT IF EXISTS product_option_value_pkey;
ALTER TABLE IF EXISTS ONLY public.product_option DROP CONSTRAINT IF EXISTS product_option_pkey;
ALTER TABLE IF EXISTS ONLY public.product_collection DROP CONSTRAINT IF EXISTS product_collection_pkey;
ALTER TABLE IF EXISTS ONLY public.product_category_product DROP CONSTRAINT IF EXISTS product_category_product_pkey;
ALTER TABLE IF EXISTS ONLY public.product_category DROP CONSTRAINT IF EXISTS product_category_pkey;
ALTER TABLE IF EXISTS ONLY public.price_set DROP CONSTRAINT IF EXISTS price_set_pkey;
ALTER TABLE IF EXISTS ONLY public.price_rule DROP CONSTRAINT IF EXISTS price_rule_pkey;
ALTER TABLE IF EXISTS ONLY public.price_preference DROP CONSTRAINT IF EXISTS price_preference_pkey;
ALTER TABLE IF EXISTS ONLY public.price DROP CONSTRAINT IF EXISTS price_pkey;
ALTER TABLE IF EXISTS ONLY public.price_list_rule DROP CONSTRAINT IF EXISTS price_list_rule_pkey;
ALTER TABLE IF EXISTS ONLY public.price_list DROP CONSTRAINT IF EXISTS price_list_pkey;
ALTER TABLE IF EXISTS ONLY public.payment_session DROP CONSTRAINT IF EXISTS payment_session_pkey;
ALTER TABLE IF EXISTS ONLY public.payment_provider DROP CONSTRAINT IF EXISTS payment_provider_pkey;
ALTER TABLE IF EXISTS ONLY public.payment DROP CONSTRAINT IF EXISTS payment_pkey;
ALTER TABLE IF EXISTS ONLY public.payment_collection DROP CONSTRAINT IF EXISTS payment_collection_pkey;
ALTER TABLE IF EXISTS ONLY public.payment_collection_payment_providers DROP CONSTRAINT IF EXISTS payment_collection_payment_providers_pkey;
ALTER TABLE IF EXISTS ONLY public.order_transaction DROP CONSTRAINT IF EXISTS order_transaction_pkey;
ALTER TABLE IF EXISTS ONLY public.order_summary DROP CONSTRAINT IF EXISTS order_summary_pkey;
ALTER TABLE IF EXISTS ONLY public.order_shipping DROP CONSTRAINT IF EXISTS order_shipping_pkey;
ALTER TABLE IF EXISTS ONLY public.order_shipping_method_tax_line DROP CONSTRAINT IF EXISTS order_shipping_method_tax_line_pkey;
ALTER TABLE IF EXISTS ONLY public.order_shipping_method DROP CONSTRAINT IF EXISTS order_shipping_method_pkey;
ALTER TABLE IF EXISTS ONLY public.order_shipping_method_adjustment DROP CONSTRAINT IF EXISTS order_shipping_method_adjustment_pkey;
ALTER TABLE IF EXISTS ONLY public.order_promotion DROP CONSTRAINT IF EXISTS order_promotion_pkey;
ALTER TABLE IF EXISTS ONLY public."order" DROP CONSTRAINT IF EXISTS order_pkey;
ALTER TABLE IF EXISTS ONLY public.order_payment_collection DROP CONSTRAINT IF EXISTS order_payment_collection_pkey;
ALTER TABLE IF EXISTS ONLY public.order_line_item_tax_line DROP CONSTRAINT IF EXISTS order_line_item_tax_line_pkey;
ALTER TABLE IF EXISTS ONLY public.order_line_item DROP CONSTRAINT IF EXISTS order_line_item_pkey;
ALTER TABLE IF EXISTS ONLY public.order_line_item_adjustment DROP CONSTRAINT IF EXISTS order_line_item_adjustment_pkey;
ALTER TABLE IF EXISTS ONLY public.order_item DROP CONSTRAINT IF EXISTS order_item_pkey;
ALTER TABLE IF EXISTS ONLY public.order_fulfillment DROP CONSTRAINT IF EXISTS order_fulfillment_pkey;
ALTER TABLE IF EXISTS ONLY public.order_exchange DROP CONSTRAINT IF EXISTS order_exchange_pkey;
ALTER TABLE IF EXISTS ONLY public.order_exchange_item DROP CONSTRAINT IF EXISTS order_exchange_item_pkey;
ALTER TABLE IF EXISTS ONLY public.order_credit_line DROP CONSTRAINT IF EXISTS order_credit_line_pkey;
ALTER TABLE IF EXISTS ONLY public.order_claim DROP CONSTRAINT IF EXISTS order_claim_pkey;
ALTER TABLE IF EXISTS ONLY public.order_claim_item DROP CONSTRAINT IF EXISTS order_claim_item_pkey;
ALTER TABLE IF EXISTS ONLY public.order_claim_item_image DROP CONSTRAINT IF EXISTS order_claim_item_image_pkey;
ALTER TABLE IF EXISTS ONLY public.order_change DROP CONSTRAINT IF EXISTS order_change_pkey;
ALTER TABLE IF EXISTS ONLY public.order_change_action DROP CONSTRAINT IF EXISTS order_change_action_pkey;
ALTER TABLE IF EXISTS ONLY public.order_cart DROP CONSTRAINT IF EXISTS order_cart_pkey;
ALTER TABLE IF EXISTS ONLY public.order_address DROP CONSTRAINT IF EXISTS order_address_pkey;
ALTER TABLE IF EXISTS ONLY public.notification_provider DROP CONSTRAINT IF EXISTS notification_provider_pkey;
ALTER TABLE IF EXISTS ONLY public.notification DROP CONSTRAINT IF EXISTS notification_pkey;
ALTER TABLE IF EXISTS ONLY public.mikro_orm_migrations DROP CONSTRAINT IF EXISTS mikro_orm_migrations_pkey;
ALTER TABLE IF EXISTS ONLY public.location_fulfillment_set DROP CONSTRAINT IF EXISTS location_fulfillment_set_pkey;
ALTER TABLE IF EXISTS ONLY public.location_fulfillment_provider DROP CONSTRAINT IF EXISTS location_fulfillment_provider_pkey;
ALTER TABLE IF EXISTS ONLY public.link_module_migrations DROP CONSTRAINT IF EXISTS link_module_migrations_table_name_key;
ALTER TABLE IF EXISTS ONLY public.link_module_migrations DROP CONSTRAINT IF EXISTS link_module_migrations_pkey;
ALTER TABLE IF EXISTS ONLY public.invite DROP CONSTRAINT IF EXISTS invite_pkey;
ALTER TABLE IF EXISTS ONLY public.inventory_level DROP CONSTRAINT IF EXISTS inventory_level_pkey;
ALTER TABLE IF EXISTS ONLY public.inventory_item DROP CONSTRAINT IF EXISTS inventory_item_pkey;
ALTER TABLE IF EXISTS ONLY public.image DROP CONSTRAINT IF EXISTS image_pkey;
ALTER TABLE IF EXISTS ONLY public.geo_zone DROP CONSTRAINT IF EXISTS geo_zone_pkey;
ALTER TABLE IF EXISTS ONLY public.fulfillment_set DROP CONSTRAINT IF EXISTS fulfillment_set_pkey;
ALTER TABLE IF EXISTS ONLY public.fulfillment_provider DROP CONSTRAINT IF EXISTS fulfillment_provider_pkey;
ALTER TABLE IF EXISTS ONLY public.fulfillment DROP CONSTRAINT IF EXISTS fulfillment_pkey;
ALTER TABLE IF EXISTS ONLY public.fulfillment_label DROP CONSTRAINT IF EXISTS fulfillment_label_pkey;
ALTER TABLE IF EXISTS ONLY public.fulfillment_item DROP CONSTRAINT IF EXISTS fulfillment_item_pkey;
ALTER TABLE IF EXISTS ONLY public.fulfillment_address DROP CONSTRAINT IF EXISTS fulfillment_address_pkey;
ALTER TABLE IF EXISTS ONLY public."digitalproductmodule_digital_product_variant-537762e25" DROP CONSTRAINT IF EXISTS "digitalproductmodule_digital_product_variant-537762e25_pkey";
ALTER TABLE IF EXISTS ONLY public.digitalproductmodule_digital_product_order_order_order DROP CONSTRAINT IF EXISTS digitalproductmodule_digital_product_order_order_order_pkey;
ALTER TABLE IF EXISTS ONLY public.digitalproduct_digitalproductorders DROP CONSTRAINT IF EXISTS digitalproduct_digitalproductorders_pkey;
ALTER TABLE IF EXISTS ONLY public.digital_product DROP CONSTRAINT IF EXISTS digital_product_pkey;
ALTER TABLE IF EXISTS ONLY public.digital_product_order DROP CONSTRAINT IF EXISTS digital_product_order_pkey;
ALTER TABLE IF EXISTS ONLY public.digital_product_media DROP CONSTRAINT IF EXISTS digital_product_media_pkey;
ALTER TABLE IF EXISTS ONLY public.customer DROP CONSTRAINT IF EXISTS customer_pkey;
ALTER TABLE IF EXISTS ONLY public.customer_group DROP CONSTRAINT IF EXISTS customer_group_pkey;
ALTER TABLE IF EXISTS ONLY public.customer_group_customer DROP CONSTRAINT IF EXISTS customer_group_customer_pkey;
ALTER TABLE IF EXISTS ONLY public.customer_address DROP CONSTRAINT IF EXISTS customer_address_pkey;
ALTER TABLE IF EXISTS ONLY public.customer_account_holder DROP CONSTRAINT IF EXISTS customer_account_holder_pkey;
ALTER TABLE IF EXISTS ONLY public.currency DROP CONSTRAINT IF EXISTS currency_pkey;
ALTER TABLE IF EXISTS ONLY public.credit_line DROP CONSTRAINT IF EXISTS credit_line_pkey;
ALTER TABLE IF EXISTS ONLY public.cart_shipping_method_tax_line DROP CONSTRAINT IF EXISTS cart_shipping_method_tax_line_pkey;
ALTER TABLE IF EXISTS ONLY public.cart_shipping_method DROP CONSTRAINT IF EXISTS cart_shipping_method_pkey;
ALTER TABLE IF EXISTS ONLY public.cart_shipping_method_adjustment DROP CONSTRAINT IF EXISTS cart_shipping_method_adjustment_pkey;
ALTER TABLE IF EXISTS ONLY public.cart_promotion DROP CONSTRAINT IF EXISTS cart_promotion_pkey;
ALTER TABLE IF EXISTS ONLY public.cart DROP CONSTRAINT IF EXISTS cart_pkey;
ALTER TABLE IF EXISTS ONLY public.cart_payment_collection DROP CONSTRAINT IF EXISTS cart_payment_collection_pkey;
ALTER TABLE IF EXISTS ONLY public.cart_line_item_tax_line DROP CONSTRAINT IF EXISTS cart_line_item_tax_line_pkey;
ALTER TABLE IF EXISTS ONLY public.cart_line_item DROP CONSTRAINT IF EXISTS cart_line_item_pkey;
ALTER TABLE IF EXISTS ONLY public.cart_line_item_adjustment DROP CONSTRAINT IF EXISTS cart_line_item_adjustment_pkey;
ALTER TABLE IF EXISTS ONLY public.cart_address DROP CONSTRAINT IF EXISTS cart_address_pkey;
ALTER TABLE IF EXISTS ONLY public.capture DROP CONSTRAINT IF EXISTS capture_pkey;
ALTER TABLE IF EXISTS ONLY public.auth_identity DROP CONSTRAINT IF EXISTS auth_identity_pkey;
ALTER TABLE IF EXISTS ONLY public.application_method_target_rules DROP CONSTRAINT IF EXISTS application_method_target_rules_pkey;
ALTER TABLE IF EXISTS ONLY public.application_method_buy_rules DROP CONSTRAINT IF EXISTS application_method_buy_rules_pkey;
ALTER TABLE IF EXISTS ONLY public.api_key DROP CONSTRAINT IF EXISTS api_key_pkey;
ALTER TABLE IF EXISTS ONLY public.account_holder DROP CONSTRAINT IF EXISTS account_holder_pkey;
ALTER TABLE IF EXISTS ONLY public.workflow_execution DROP CONSTRAINT IF EXISTS "PK_workflow_execution_workflow_id_transaction_id";
ALTER TABLE IF EXISTS public.script_migrations ALTER COLUMN id DROP DEFAULT;
ALTER TABLE IF EXISTS public.return ALTER COLUMN display_id DROP DEFAULT;
ALTER TABLE IF EXISTS public.order_exchange ALTER COLUMN display_id DROP DEFAULT;
ALTER TABLE IF EXISTS public.order_claim ALTER COLUMN display_id DROP DEFAULT;
ALTER TABLE IF EXISTS public.order_change_action ALTER COLUMN ordering DROP DEFAULT;
ALTER TABLE IF EXISTS public."order" ALTER COLUMN display_id DROP DEFAULT;
ALTER TABLE IF EXISTS public.mikro_orm_migrations ALTER COLUMN id DROP DEFAULT;
ALTER TABLE IF EXISTS public.link_module_migrations ALTER COLUMN id DROP DEFAULT;
DROP TABLE IF EXISTS public.workflow_execution;
DROP TABLE IF EXISTS public."user";
DROP TABLE IF EXISTS public.tax_region;
DROP TABLE IF EXISTS public.tax_rate_rule;
DROP TABLE IF EXISTS public.tax_rate;
DROP TABLE IF EXISTS public.tax_provider;
DROP TABLE IF EXISTS public.store_currency;
DROP TABLE IF EXISTS public.store;
DROP TABLE IF EXISTS public.stock_location_address;
DROP TABLE IF EXISTS public.stock_location;
DROP TABLE IF EXISTS public.shipping_profile;
DROP TABLE IF EXISTS public.shipping_option_type;
DROP TABLE IF EXISTS public.shipping_option_rule;
DROP TABLE IF EXISTS public.shipping_option_price_set;
DROP TABLE IF EXISTS public.shipping_option;
DROP TABLE IF EXISTS public.service_zone;
DROP SEQUENCE IF EXISTS public.script_migrations_id_seq;
DROP TABLE IF EXISTS public.script_migrations;
DROP TABLE IF EXISTS public.sales_channel_stock_location;
DROP TABLE IF EXISTS public.sales_channel;
DROP TABLE IF EXISTS public.return_reason;
DROP TABLE IF EXISTS public.return_item;
DROP TABLE IF EXISTS public.return_fulfillment;
DROP SEQUENCE IF EXISTS public.return_display_id_seq;
DROP TABLE IF EXISTS public.return;
DROP TABLE IF EXISTS public.reservation_item;
DROP TABLE IF EXISTS public.region_payment_provider;
DROP TABLE IF EXISTS public.region_country;
DROP TABLE IF EXISTS public.region;
DROP TABLE IF EXISTS public.refund_reason;
DROP TABLE IF EXISTS public.refund;
DROP TABLE IF EXISTS public.publishable_api_key_sales_channel;
DROP TABLE IF EXISTS public.provider_identity;
DROP TABLE IF EXISTS public.promotion_rule_value;
DROP TABLE IF EXISTS public.promotion_rule;
DROP TABLE IF EXISTS public.promotion_promotion_rule;
DROP TABLE IF EXISTS public.promotion_campaign_budget;
DROP TABLE IF EXISTS public.promotion_campaign;
DROP TABLE IF EXISTS public.promotion_application_method;
DROP TABLE IF EXISTS public.promotion;
DROP TABLE IF EXISTS public.product_variant_price_set;
DROP TABLE IF EXISTS public.product_variant_option;
DROP TABLE IF EXISTS public.product_variant_inventory_item;
DROP TABLE IF EXISTS public.product_variant;
DROP TABLE IF EXISTS public.product_type;
DROP TABLE IF EXISTS public.product_tags;
DROP TABLE IF EXISTS public.product_tag;
DROP TABLE IF EXISTS public.product_shipping_profile;
DROP TABLE IF EXISTS public.product_sales_channel;
DROP TABLE IF EXISTS public.product_option_value;
DROP TABLE IF EXISTS public.product_option;
DROP TABLE IF EXISTS public.product_collection;
DROP TABLE IF EXISTS public.product_category_product;
DROP TABLE IF EXISTS public.product_category;
DROP TABLE IF EXISTS public.product;
DROP TABLE IF EXISTS public.price_set;
DROP TABLE IF EXISTS public.price_rule;
DROP TABLE IF EXISTS public.price_preference;
DROP TABLE IF EXISTS public.price_list_rule;
DROP TABLE IF EXISTS public.price_list;
DROP TABLE IF EXISTS public.price;
DROP TABLE IF EXISTS public.payment_session;
DROP TABLE IF EXISTS public.payment_provider;
DROP TABLE IF EXISTS public.payment_collection_payment_providers;
DROP TABLE IF EXISTS public.payment_collection;
DROP TABLE IF EXISTS public.payment;
DROP TABLE IF EXISTS public.order_transaction;
DROP TABLE IF EXISTS public.order_summary;
DROP TABLE IF EXISTS public.order_shipping_method_tax_line;
DROP TABLE IF EXISTS public.order_shipping_method_adjustment;
DROP TABLE IF EXISTS public.order_shipping_method;
DROP TABLE IF EXISTS public.order_shipping;
DROP TABLE IF EXISTS public.order_promotion;
DROP TABLE IF EXISTS public.order_payment_collection;
DROP TABLE IF EXISTS public.order_line_item_tax_line;
DROP TABLE IF EXISTS public.order_line_item_adjustment;
DROP TABLE IF EXISTS public.order_line_item;
DROP TABLE IF EXISTS public.order_item;
DROP TABLE IF EXISTS public.order_fulfillment;
DROP TABLE IF EXISTS public.order_exchange_item;
DROP SEQUENCE IF EXISTS public.order_exchange_display_id_seq;
DROP TABLE IF EXISTS public.order_exchange;
DROP SEQUENCE IF EXISTS public.order_display_id_seq;
DROP TABLE IF EXISTS public.order_credit_line;
DROP TABLE IF EXISTS public.order_claim_item_image;
DROP TABLE IF EXISTS public.order_claim_item;
DROP SEQUENCE IF EXISTS public.order_claim_display_id_seq;
DROP TABLE IF EXISTS public.order_claim;
DROP SEQUENCE IF EXISTS public.order_change_action_ordering_seq;
DROP TABLE IF EXISTS public.order_change_action;
DROP TABLE IF EXISTS public.order_change;
DROP TABLE IF EXISTS public.order_cart;
DROP TABLE IF EXISTS public.order_address;
DROP TABLE IF EXISTS public."order";
DROP TABLE IF EXISTS public.notification_provider;
DROP TABLE IF EXISTS public.notification;
DROP SEQUENCE IF EXISTS public.mikro_orm_migrations_id_seq;
DROP TABLE IF EXISTS public.mikro_orm_migrations;
DROP TABLE IF EXISTS public.location_fulfillment_set;
DROP TABLE IF EXISTS public.location_fulfillment_provider;
DROP SEQUENCE IF EXISTS public.link_module_migrations_id_seq;
DROP TABLE IF EXISTS public.link_module_migrations;
DROP TABLE IF EXISTS public.invite;
DROP TABLE IF EXISTS public.inventory_level;
DROP TABLE IF EXISTS public.inventory_item;
DROP TABLE IF EXISTS public.image;
DROP TABLE IF EXISTS public.geo_zone;
DROP TABLE IF EXISTS public.fulfillment_set;
DROP TABLE IF EXISTS public.fulfillment_provider;
DROP TABLE IF EXISTS public.fulfillment_label;
DROP TABLE IF EXISTS public.fulfillment_item;
DROP TABLE IF EXISTS public.fulfillment_address;
DROP TABLE IF EXISTS public.fulfillment;
DROP TABLE IF EXISTS public."digitalproductmodule_digital_product_variant-537762e25";
DROP TABLE IF EXISTS public.digitalproductmodule_digital_product_order_order_order;
DROP TABLE IF EXISTS public.digitalproduct_digitalproductorders;
DROP TABLE IF EXISTS public.digital_product_order;
DROP TABLE IF EXISTS public.digital_product_media;
DROP TABLE IF EXISTS public.digital_product;
DROP TABLE IF EXISTS public.customer_group_customer;
DROP TABLE IF EXISTS public.customer_group;
DROP TABLE IF EXISTS public.customer_address;
DROP TABLE IF EXISTS public.customer_account_holder;
DROP TABLE IF EXISTS public.customer;
DROP TABLE IF EXISTS public.currency;
DROP TABLE IF EXISTS public.credit_line;
DROP TABLE IF EXISTS public.cart_shipping_method_tax_line;
DROP TABLE IF EXISTS public.cart_shipping_method_adjustment;
DROP TABLE IF EXISTS public.cart_shipping_method;
DROP TABLE IF EXISTS public.cart_promotion;
DROP TABLE IF EXISTS public.cart_payment_collection;
DROP TABLE IF EXISTS public.cart_line_item_tax_line;
DROP TABLE IF EXISTS public.cart_line_item_adjustment;
DROP TABLE IF EXISTS public.cart_line_item;
DROP TABLE IF EXISTS public.cart_address;
DROP TABLE IF EXISTS public.cart;
DROP TABLE IF EXISTS public.capture;
DROP TABLE IF EXISTS public.auth_identity;
DROP TABLE IF EXISTS public.application_method_target_rules;
DROP TABLE IF EXISTS public.application_method_buy_rules;
DROP TABLE IF EXISTS public.api_key;
DROP TABLE IF EXISTS public.account_holder;
DROP TYPE IF EXISTS public.return_status_enum;
DROP TYPE IF EXISTS public.order_status_enum;
DROP TYPE IF EXISTS public.order_claim_type_enum;
DROP TYPE IF EXISTS public.claim_reason_enum;
--
-- Name: claim_reason_enum; Type: TYPE; Schema: public; Owner: marketplace
--

CREATE TYPE public.claim_reason_enum AS ENUM (
    'missing_item',
    'wrong_item',
    'production_failure',
    'other'
);


ALTER TYPE public.claim_reason_enum OWNER TO marketplace;

--
-- Name: order_claim_type_enum; Type: TYPE; Schema: public; Owner: marketplace
--

CREATE TYPE public.order_claim_type_enum AS ENUM (
    'refund',
    'replace'
);


ALTER TYPE public.order_claim_type_enum OWNER TO marketplace;

--
-- Name: order_status_enum; Type: TYPE; Schema: public; Owner: marketplace
--

CREATE TYPE public.order_status_enum AS ENUM (
    'pending',
    'completed',
    'draft',
    'archived',
    'canceled',
    'requires_action'
);


ALTER TYPE public.order_status_enum OWNER TO marketplace;

--
-- Name: return_status_enum; Type: TYPE; Schema: public; Owner: marketplace
--

CREATE TYPE public.return_status_enum AS ENUM (
    'open',
    'requested',
    'received',
    'partially_received',
    'canceled'
);


ALTER TYPE public.return_status_enum OWNER TO marketplace;

SET default_tablespace = '';

SET default_table_access_method = heap;

--
-- Name: account_holder; Type: TABLE; Schema: public; Owner: marketplace
--

CREATE TABLE public.account_holder (
    id text NOT NULL,
    provider_id text NOT NULL,
    external_id text NOT NULL,
    email text,
    data jsonb DEFAULT '{}'::jsonb NOT NULL,
    metadata jsonb,
    created_at timestamp with time zone DEFAULT now() NOT NULL,
    updated_at timestamp with time zone DEFAULT now() NOT NULL,
    deleted_at timestamp with time zone
);


ALTER TABLE public.account_holder OWNER TO marketplace;

--
-- Name: api_key; Type: TABLE; Schema: public; Owner: marketplace
--

CREATE TABLE public.api_key (
    id text NOT NULL,
    token text NOT NULL,
    salt text NOT NULL,
    redacted text NOT NULL,
    title text NOT NULL,
    type text NOT NULL,
    last_used_at timestamp with time zone,
    created_by text NOT NULL,
    created_at timestamp with time zone DEFAULT now() NOT NULL,
    revoked_by text,
    revoked_at timestamp with time zone,
    updated_at timestamp with time zone DEFAULT now() NOT NULL,
    deleted_at timestamp with time zone,
    CONSTRAINT api_key_type_check CHECK ((type = ANY (ARRAY['publishable'::text, 'secret'::text])))
);


ALTER TABLE public.api_key OWNER TO marketplace;

--
-- Name: application_method_buy_rules; Type: TABLE; Schema: public; Owner: marketplace
--

CREATE TABLE public.application_method_buy_rules (
    application_method_id text NOT NULL,
    promotion_rule_id text NOT NULL
);


ALTER TABLE public.application_method_buy_rules OWNER TO marketplace;

--
-- Name: application_method_target_rules; Type: TABLE; Schema: public; Owner: marketplace
--

CREATE TABLE public.application_method_target_rules (
    application_method_id text NOT NULL,
    promotion_rule_id text NOT NULL
);


ALTER TABLE public.application_method_target_rules OWNER TO marketplace;

--
-- Name: auth_identity; Type: TABLE; Schema: public; Owner: marketplace
--

CREATE TABLE public.auth_identity (
    id text NOT NULL,
    app_metadata jsonb,
    created_at timestamp with time zone DEFAULT now() NOT NULL,
    updated_at timestamp with time zone DEFAULT now() NOT NULL,
    deleted_at timestamp with time zone
);


ALTER TABLE public.auth_identity OWNER TO marketplace;

--
-- Name: capture; Type: TABLE; Schema: public; Owner: marketplace
--

CREATE TABLE public.capture (
    id text NOT NULL,
    amount numeric NOT NULL,
    raw_amount jsonb NOT NULL,
    payment_id text NOT NULL,
    created_at timestamp with time zone DEFAULT now() NOT NULL,
    updated_at timestamp with time zone DEFAULT now() NOT NULL,
    deleted_at timestamp with time zone,
    created_by text,
    metadata jsonb
);


ALTER TABLE public.capture OWNER TO marketplace;

--
-- Name: cart; Type: TABLE; Schema: public; Owner: marketplace
--

CREATE TABLE public.cart (
    id text NOT NULL,
    region_id text,
    customer_id text,
    sales_channel_id text,
    email text,
    currency_code text NOT NULL,
    shipping_address_id text,
    billing_address_id text,
    metadata jsonb,
    created_at timestamp with time zone DEFAULT now() NOT NULL,
    updated_at timestamp with time zone DEFAULT now() NOT NULL,
    deleted_at timestamp with time zone,
    completed_at timestamp with time zone
);


ALTER TABLE public.cart OWNER TO marketplace;

--
-- Name: cart_address; Type: TABLE; Schema: public; Owner: marketplace
--

CREATE TABLE public.cart_address (
    id text NOT NULL,
    customer_id text,
    company text,
    first_name text,
    last_name text,
    address_1 text,
    address_2 text,
    city text,
    country_code text,
    province text,
    postal_code text,
    phone text,
    metadata jsonb,
    created_at timestamp with time zone DEFAULT now() NOT NULL,
    updated_at timestamp with time zone DEFAULT now() NOT NULL,
    deleted_at timestamp with time zone
);


ALTER TABLE public.cart_address OWNER TO marketplace;

--
-- Name: cart_line_item; Type: TABLE; Schema: public; Owner: marketplace
--

CREATE TABLE public.cart_line_item (
    id text NOT NULL,
    cart_id text NOT NULL,
    title text NOT NULL,
    subtitle text,
    thumbnail text,
    quantity integer NOT NULL,
    variant_id text,
    product_id text,
    product_title text,
    product_description text,
    product_subtitle text,
    product_type text,
    product_collection text,
    product_handle text,
    variant_sku text,
    variant_barcode text,
    variant_title text,
    variant_option_values jsonb,
    requires_shipping boolean DEFAULT true NOT NULL,
    is_discountable boolean DEFAULT true NOT NULL,
    is_tax_inclusive boolean DEFAULT false NOT NULL,
    compare_at_unit_price numeric,
    raw_compare_at_unit_price jsonb,
    unit_price numeric NOT NULL,
    raw_unit_price jsonb NOT NULL,
    metadata jsonb,
    created_at timestamp with time zone DEFAULT now() NOT NULL,
    updated_at timestamp with time zone DEFAULT now() NOT NULL,
    deleted_at timestamp with time zone,
    product_type_id text,
    is_custom_price boolean DEFAULT false NOT NULL,
    CONSTRAINT cart_line_item_unit_price_check CHECK ((unit_price >= (0)::numeric))
);


ALTER TABLE public.cart_line_item OWNER TO marketplace;

--
-- Name: cart_line_item_adjustment; Type: TABLE; Schema: public; Owner: marketplace
--

CREATE TABLE public.cart_line_item_adjustment (
    id text NOT NULL,
    description text,
    promotion_id text,
    code text,
    amount numeric NOT NULL,
    raw_amount jsonb NOT NULL,
    provider_id text,
    metadata jsonb,
    created_at timestamp with time zone DEFAULT now() NOT NULL,
    updated_at timestamp with time zone DEFAULT now() NOT NULL,
    deleted_at timestamp with time zone,
    item_id text,
    CONSTRAINT cart_line_item_adjustment_check CHECK ((amount >= (0)::numeric))
);


ALTER TABLE public.cart_line_item_adjustment OWNER TO marketplace;

--
-- Name: cart_line_item_tax_line; Type: TABLE; Schema: public; Owner: marketplace
--

CREATE TABLE public.cart_line_item_tax_line (
    id text NOT NULL,
    description text,
    tax_rate_id text,
    code text NOT NULL,
    rate real NOT NULL,
    provider_id text,
    metadata jsonb,
    created_at timestamp with time zone DEFAULT now() NOT NULL,
    updated_at timestamp with time zone DEFAULT now() NOT NULL,
    deleted_at timestamp with time zone,
    item_id text
);


ALTER TABLE public.cart_line_item_tax_line OWNER TO marketplace;

--
-- Name: cart_payment_collection; Type: TABLE; Schema: public; Owner: marketplace
--

CREATE TABLE public.cart_payment_collection (
    cart_id character varying(255) NOT NULL,
    payment_collection_id character varying(255) NOT NULL,
    id character varying(255) NOT NULL,
    created_at timestamp with time zone DEFAULT CURRENT_TIMESTAMP NOT NULL,
    updated_at timestamp with time zone DEFAULT CURRENT_TIMESTAMP NOT NULL,
    deleted_at timestamp with time zone
);


ALTER TABLE public.cart_payment_collection OWNER TO marketplace;

--
-- Name: cart_promotion; Type: TABLE; Schema: public; Owner: marketplace
--

CREATE TABLE public.cart_promotion (
    cart_id character varying(255) NOT NULL,
    promotion_id character varying(255) NOT NULL,
    id character varying(255) NOT NULL,
    created_at timestamp with time zone DEFAULT CURRENT_TIMESTAMP NOT NULL,
    updated_at timestamp with time zone DEFAULT CURRENT_TIMESTAMP NOT NULL,
    deleted_at timestamp with time zone
);


ALTER TABLE public.cart_promotion OWNER TO marketplace;

--
-- Name: cart_shipping_method; Type: TABLE; Schema: public; Owner: marketplace
--

CREATE TABLE public.cart_shipping_method (
    id text NOT NULL,
    cart_id text NOT NULL,
    name text NOT NULL,
    description jsonb,
    amount numeric NOT NULL,
    raw_amount jsonb NOT NULL,
    is_tax_inclusive boolean DEFAULT false NOT NULL,
    shipping_option_id text,
    data jsonb,
    metadata jsonb,
    created_at timestamp with time zone DEFAULT now() NOT NULL,
    updated_at timestamp with time zone DEFAULT now() NOT NULL,
    deleted_at timestamp with time zone,
    CONSTRAINT cart_shipping_method_check CHECK ((amount >= (0)::numeric))
);


ALTER TABLE public.cart_shipping_method OWNER TO marketplace;

--
-- Name: cart_shipping_method_adjustment; Type: TABLE; Schema: public; Owner: marketplace
--

CREATE TABLE public.cart_shipping_method_adjustment (
    id text NOT NULL,
    description text,
    promotion_id text,
    code text,
    amount numeric NOT NULL,
    raw_amount jsonb NOT NULL,
    provider_id text,
    metadata jsonb,
    created_at timestamp with time zone DEFAULT now() NOT NULL,
    updated_at timestamp with time zone DEFAULT now() NOT NULL,
    deleted_at timestamp with time zone,
    shipping_method_id text
);


ALTER TABLE public.cart_shipping_method_adjustment OWNER TO marketplace;

--
-- Name: cart_shipping_method_tax_line; Type: TABLE; Schema: public; Owner: marketplace
--

CREATE TABLE public.cart_shipping_method_tax_line (
    id text NOT NULL,
    description text,
    tax_rate_id text,
    code text NOT NULL,
    rate real NOT NULL,
    provider_id text,
    metadata jsonb,
    created_at timestamp with time zone DEFAULT now() NOT NULL,
    updated_at timestamp with time zone DEFAULT now() NOT NULL,
    deleted_at timestamp with time zone,
    shipping_method_id text
);


ALTER TABLE public.cart_shipping_method_tax_line OWNER TO marketplace;

--
-- Name: credit_line; Type: TABLE; Schema: public; Owner: marketplace
--

CREATE TABLE public.credit_line (
    id text NOT NULL,
    cart_id text NOT NULL,
    reference text,
    reference_id text,
    amount numeric NOT NULL,
    raw_amount jsonb NOT NULL,
    metadata jsonb,
    created_at timestamp with time zone DEFAULT now() NOT NULL,
    updated_at timestamp with time zone DEFAULT now() NOT NULL,
    deleted_at timestamp with time zone
);


ALTER TABLE public.credit_line OWNER TO marketplace;

--
-- Name: currency; Type: TABLE; Schema: public; Owner: marketplace
--

CREATE TABLE public.currency (
    code text NOT NULL,
    symbol text NOT NULL,
    symbol_native text NOT NULL,
    decimal_digits integer DEFAULT 0 NOT NULL,
    rounding numeric DEFAULT 0 NOT NULL,
    raw_rounding jsonb NOT NULL,
    name text NOT NULL,
    created_at timestamp with time zone DEFAULT now() NOT NULL,
    updated_at timestamp with time zone DEFAULT now() NOT NULL,
    deleted_at timestamp with time zone
);


ALTER TABLE public.currency OWNER TO marketplace;

--
-- Name: customer; Type: TABLE; Schema: public; Owner: marketplace
--

CREATE TABLE public.customer (
    id text NOT NULL,
    company_name text,
    first_name text,
    last_name text,
    email text,
    phone text,
    has_account boolean DEFAULT false NOT NULL,
    metadata jsonb,
    created_at timestamp with time zone DEFAULT now() NOT NULL,
    updated_at timestamp with time zone DEFAULT now() NOT NULL,
    deleted_at timestamp with time zone,
    created_by text
);


ALTER TABLE public.customer OWNER TO marketplace;

--
-- Name: customer_account_holder; Type: TABLE; Schema: public; Owner: marketplace
--

CREATE TABLE public.customer_account_holder (
    customer_id character varying(255) NOT NULL,
    account_holder_id character varying(255) NOT NULL,
    id character varying(255) NOT NULL,
    created_at timestamp with time zone DEFAULT CURRENT_TIMESTAMP NOT NULL,
    updated_at timestamp with time zone DEFAULT CURRENT_TIMESTAMP NOT NULL,
    deleted_at timestamp with time zone
);


ALTER TABLE public.customer_account_holder OWNER TO marketplace;

--
-- Name: customer_address; Type: TABLE; Schema: public; Owner: marketplace
--

CREATE TABLE public.customer_address (
    id text NOT NULL,
    customer_id text NOT NULL,
    address_name text,
    is_default_shipping boolean DEFAULT false NOT NULL,
    is_default_billing boolean DEFAULT false NOT NULL,
    company text,
    first_name text,
    last_name text,
    address_1 text,
    address_2 text,
    city text,
    country_code text,
    province text,
    postal_code text,
    phone text,
    metadata jsonb,
    created_at timestamp with time zone DEFAULT now() NOT NULL,
    updated_at timestamp with time zone DEFAULT now() NOT NULL,
    deleted_at timestamp with time zone
);


ALTER TABLE public.customer_address OWNER TO marketplace;

--
-- Name: customer_group; Type: TABLE; Schema: public; Owner: marketplace
--

CREATE TABLE public.customer_group (
    id text NOT NULL,
    name text NOT NULL,
    metadata jsonb,
    created_by text,
    created_at timestamp with time zone DEFAULT now() NOT NULL,
    updated_at timestamp with time zone DEFAULT now() NOT NULL,
    deleted_at timestamp with time zone
);


ALTER TABLE public.customer_group OWNER TO marketplace;

--
-- Name: customer_group_customer; Type: TABLE; Schema: public; Owner: marketplace
--

CREATE TABLE public.customer_group_customer (
    id text NOT NULL,
    customer_id text NOT NULL,
    customer_group_id text NOT NULL,
    metadata jsonb,
    created_at timestamp with time zone DEFAULT now() NOT NULL,
    updated_at timestamp with time zone DEFAULT now() NOT NULL,
    created_by text,
    deleted_at timestamp with time zone
);


ALTER TABLE public.customer_group_customer OWNER TO marketplace;

--
-- Name: digital_product; Type: TABLE; Schema: public; Owner: marketplace
--

CREATE TABLE public.digital_product (
    id text NOT NULL,
    name text NOT NULL,
    created_at timestamp with time zone DEFAULT now() NOT NULL,
    updated_at timestamp with time zone DEFAULT now() NOT NULL,
    deleted_at timestamp with time zone
);


ALTER TABLE public.digital_product OWNER TO marketplace;

--
-- Name: digital_product_media; Type: TABLE; Schema: public; Owner: marketplace
--

CREATE TABLE public.digital_product_media (
    id text NOT NULL,
    type text NOT NULL,
    "fileId" text NOT NULL,
    "mimeType" text NOT NULL,
    digital_product_id text NOT NULL,
    created_at timestamp with time zone DEFAULT now() NOT NULL,
    updated_at timestamp with time zone DEFAULT now() NOT NULL,
    deleted_at timestamp with time zone,
    CONSTRAINT digital_product_media_type_check CHECK ((type = ANY (ARRAY['main'::text, 'preview'::text])))
);


ALTER TABLE public.digital_product_media OWNER TO marketplace;

--
-- Name: digital_product_order; Type: TABLE; Schema: public; Owner: marketplace
--

CREATE TABLE public.digital_product_order (
    id text NOT NULL,
    status text NOT NULL,
    created_at timestamp with time zone DEFAULT now() NOT NULL,
    updated_at timestamp with time zone DEFAULT now() NOT NULL,
    deleted_at timestamp with time zone,
    CONSTRAINT digital_product_order_status_check CHECK ((status = ANY (ARRAY['pending'::text, 'sent'::text])))
);


ALTER TABLE public.digital_product_order OWNER TO marketplace;

--
-- Name: digitalproduct_digitalproductorders; Type: TABLE; Schema: public; Owner: marketplace
--

CREATE TABLE public.digitalproduct_digitalproductorders (
    digital_product_id text NOT NULL,
    digital_product_order_id text NOT NULL
);


ALTER TABLE public.digitalproduct_digitalproductorders OWNER TO marketplace;

--
-- Name: digitalproductmodule_digital_product_order_order_order; Type: TABLE; Schema: public; Owner: marketplace
--

CREATE TABLE public.digitalproductmodule_digital_product_order_order_order (
    digital_product_order_id character varying(255) NOT NULL,
    order_id character varying(255) NOT NULL,
    id character varying(255) NOT NULL,
    created_at timestamp with time zone DEFAULT CURRENT_TIMESTAMP NOT NULL,
    updated_at timestamp with time zone DEFAULT CURRENT_TIMESTAMP NOT NULL,
    deleted_at timestamp with time zone
);


ALTER TABLE public.digitalproductmodule_digital_product_order_order_order OWNER TO marketplace;

--
-- Name: digitalproductmodule_digital_product_variant-537762e25; Type: TABLE; Schema: public; Owner: marketplace
--

CREATE TABLE public."digitalproductmodule_digital_product_variant-537762e25" (
    digital_product_id character varying(255) NOT NULL,
    product_variant_id character varying(255) NOT NULL,
    id character varying(255) NOT NULL,
    created_at timestamp with time zone DEFAULT CURRENT_TIMESTAMP NOT NULL,
    updated_at timestamp with time zone DEFAULT CURRENT_TIMESTAMP NOT NULL,
    deleted_at timestamp with time zone
);


ALTER TABLE public."digitalproductmodule_digital_product_variant-537762e25" OWNER TO marketplace;

--
-- Name: fulfillment; Type: TABLE; Schema: public; Owner: marketplace
--

CREATE TABLE public.fulfillment (
    id text NOT NULL,
    location_id text NOT NULL,
    packed_at timestamp with time zone,
    shipped_at timestamp with time zone,
    delivered_at timestamp with time zone,
    canceled_at timestamp with time zone,
    data jsonb,
    provider_id text,
    shipping_option_id text,
    metadata jsonb,
    delivery_address_id text,
    created_at timestamp with time zone DEFAULT now() NOT NULL,
    updated_at timestamp with time zone DEFAULT now() NOT NULL,
    deleted_at timestamp with time zone,
    marked_shipped_by text,
    created_by text,
    requires_shipping boolean DEFAULT true NOT NULL
);


ALTER TABLE public.fulfillment OWNER TO marketplace;

--
-- Name: fulfillment_address; Type: TABLE; Schema: public; Owner: marketplace
--

CREATE TABLE public.fulfillment_address (
    id text NOT NULL,
    company text,
    first_name text,
    last_name text,
    address_1 text,
    address_2 text,
    city text,
    country_code text,
    province text,
    postal_code text,
    phone text,
    metadata jsonb,
    created_at timestamp with time zone DEFAULT now() NOT NULL,
    updated_at timestamp with time zone DEFAULT now() NOT NULL,
    deleted_at timestamp with time zone
);


ALTER TABLE public.fulfillment_address OWNER TO marketplace;

--
-- Name: fulfillment_item; Type: TABLE; Schema: public; Owner: marketplace
--

CREATE TABLE public.fulfillment_item (
    id text NOT NULL,
    title text NOT NULL,
    sku text NOT NULL,
    barcode text NOT NULL,
    quantity numeric NOT NULL,
    raw_quantity jsonb NOT NULL,
    line_item_id text,
    inventory_item_id text,
    fulfillment_id text NOT NULL,
    created_at timestamp with time zone DEFAULT now() NOT NULL,
    updated_at timestamp with time zone DEFAULT now() NOT NULL,
    deleted_at timestamp with time zone
);


ALTER TABLE public.fulfillment_item OWNER TO marketplace;

--
-- Name: fulfillment_label; Type: TABLE; Schema: public; Owner: marketplace
--

CREATE TABLE public.fulfillment_label (
    id text NOT NULL,
    tracking_number text NOT NULL,
    tracking_url text NOT NULL,
    label_url text NOT NULL,
    fulfillment_id text NOT NULL,
    created_at timestamp with time zone DEFAULT now() NOT NULL,
    updated_at timestamp with time zone DEFAULT now() NOT NULL,
    deleted_at timestamp with time zone
);


ALTER TABLE public.fulfillment_label OWNER TO marketplace;

--
-- Name: fulfillment_provider; Type: TABLE; Schema: public; Owner: marketplace
--

CREATE TABLE public.fulfillment_provider (
    id text NOT NULL,
    is_enabled boolean DEFAULT true NOT NULL,
    created_at timestamp with time zone DEFAULT now() NOT NULL,
    updated_at timestamp with time zone DEFAULT now() NOT NULL,
    deleted_at timestamp with time zone
);


ALTER TABLE public.fulfillment_provider OWNER TO marketplace;

--
-- Name: fulfillment_set; Type: TABLE; Schema: public; Owner: marketplace
--

CREATE TABLE public.fulfillment_set (
    id text NOT NULL,
    name text NOT NULL,
    type text NOT NULL,
    metadata jsonb,
    created_at timestamp with time zone DEFAULT now() NOT NULL,
    updated_at timestamp with time zone DEFAULT now() NOT NULL,
    deleted_at timestamp with time zone
);


ALTER TABLE public.fulfillment_set OWNER TO marketplace;

--
-- Name: geo_zone; Type: TABLE; Schema: public; Owner: marketplace
--

CREATE TABLE public.geo_zone (
    id text NOT NULL,
    type text DEFAULT 'country'::text NOT NULL,
    country_code text NOT NULL,
    province_code text,
    city text,
    service_zone_id text NOT NULL,
    postal_expression jsonb,
    metadata jsonb,
    created_at timestamp with time zone DEFAULT now() NOT NULL,
    updated_at timestamp with time zone DEFAULT now() NOT NULL,
    deleted_at timestamp with time zone,
    CONSTRAINT geo_zone_type_check CHECK ((type = ANY (ARRAY['country'::text, 'province'::text, 'city'::text, 'zip'::text])))
);


ALTER TABLE public.geo_zone OWNER TO marketplace;

--
-- Name: image; Type: TABLE; Schema: public; Owner: marketplace
--

CREATE TABLE public.image (
    id text NOT NULL,
    url text NOT NULL,
    metadata jsonb,
    created_at timestamp with time zone DEFAULT now() NOT NULL,
    updated_at timestamp with time zone DEFAULT now() NOT NULL,
    deleted_at timestamp with time zone,
    rank integer DEFAULT 0 NOT NULL,
    product_id text NOT NULL
);


ALTER TABLE public.image OWNER TO marketplace;

--
-- Name: inventory_item; Type: TABLE; Schema: public; Owner: marketplace
--

CREATE TABLE public.inventory_item (
    id text NOT NULL,
    created_at timestamp with time zone DEFAULT now() NOT NULL,
    updated_at timestamp with time zone DEFAULT now() NOT NULL,
    deleted_at timestamp with time zone,
    sku text,
    origin_country text,
    hs_code text,
    mid_code text,
    material text,
    weight integer,
    length integer,
    height integer,
    width integer,
    requires_shipping boolean DEFAULT true NOT NULL,
    description text,
    title text,
    thumbnail text,
    metadata jsonb
);


ALTER TABLE public.inventory_item OWNER TO marketplace;

--
-- Name: inventory_level; Type: TABLE; Schema: public; Owner: marketplace
--

CREATE TABLE public.inventory_level (
    id text NOT NULL,
    created_at timestamp with time zone DEFAULT now() NOT NULL,
    updated_at timestamp with time zone DEFAULT now() NOT NULL,
    deleted_at timestamp with time zone,
    inventory_item_id text NOT NULL,
    location_id text NOT NULL,
    stocked_quantity numeric DEFAULT 0 NOT NULL,
    reserved_quantity numeric DEFAULT 0 NOT NULL,
    incoming_quantity numeric DEFAULT 0 NOT NULL,
    metadata jsonb,
    raw_stocked_quantity jsonb,
    raw_reserved_quantity jsonb,
    raw_incoming_quantity jsonb
);


ALTER TABLE public.inventory_level OWNER TO marketplace;

--
-- Name: invite; Type: TABLE; Schema: public; Owner: marketplace
--

CREATE TABLE public.invite (
    id text NOT NULL,
    email text NOT NULL,
    accepted boolean DEFAULT false NOT NULL,
    token text NOT NULL,
    expires_at timestamp with time zone NOT NULL,
    metadata jsonb,
    created_at timestamp with time zone DEFAULT now() NOT NULL,
    updated_at timestamp with time zone DEFAULT now() NOT NULL,
    deleted_at timestamp with time zone
);


ALTER TABLE public.invite OWNER TO marketplace;

--
-- Name: link_module_migrations; Type: TABLE; Schema: public; Owner: marketplace
--

CREATE TABLE public.link_module_migrations (
    id integer NOT NULL,
    table_name character varying(255) NOT NULL,
    link_descriptor jsonb DEFAULT '{}'::jsonb NOT NULL,
    created_at timestamp without time zone DEFAULT CURRENT_TIMESTAMP
);


ALTER TABLE public.link_module_migrations OWNER TO marketplace;

--
-- Name: link_module_migrations_id_seq; Type: SEQUENCE; Schema: public; Owner: marketplace
--

CREATE SEQUENCE public.link_module_migrations_id_seq
    AS integer
    START WITH 1
    INCREMENT BY 1
    NO MINVALUE
    NO MAXVALUE
    CACHE 1;


ALTER TABLE public.link_module_migrations_id_seq OWNER TO marketplace;

--
-- Name: link_module_migrations_id_seq; Type: SEQUENCE OWNED BY; Schema: public; Owner: marketplace
--

ALTER SEQUENCE public.link_module_migrations_id_seq OWNED BY public.link_module_migrations.id;


--
-- Name: location_fulfillment_provider; Type: TABLE; Schema: public; Owner: marketplace
--

CREATE TABLE public.location_fulfillment_provider (
    stock_location_id character varying(255) NOT NULL,
    fulfillment_provider_id character varying(255) NOT NULL,
    id character varying(255) NOT NULL,
    created_at timestamp with time zone DEFAULT CURRENT_TIMESTAMP NOT NULL,
    updated_at timestamp with time zone DEFAULT CURRENT_TIMESTAMP NOT NULL,
    deleted_at timestamp with time zone
);


ALTER TABLE public.location_fulfillment_provider OWNER TO marketplace;

--
-- Name: location_fulfillment_set; Type: TABLE; Schema: public; Owner: marketplace
--

CREATE TABLE public.location_fulfillment_set (
    stock_location_id character varying(255) NOT NULL,
    fulfillment_set_id character varying(255) NOT NULL,
    id character varying(255) NOT NULL,
    created_at timestamp with time zone DEFAULT CURRENT_TIMESTAMP NOT NULL,
    updated_at timestamp with time zone DEFAULT CURRENT_TIMESTAMP NOT NULL,
    deleted_at timestamp with time zone
);


ALTER TABLE public.location_fulfillment_set OWNER TO marketplace;

--
-- Name: mikro_orm_migrations; Type: TABLE; Schema: public; Owner: marketplace
--

CREATE TABLE public.mikro_orm_migrations (
    id integer NOT NULL,
    name character varying(255),
    executed_at timestamp with time zone DEFAULT CURRENT_TIMESTAMP
);


ALTER TABLE public.mikro_orm_migrations OWNER TO marketplace;

--
-- Name: mikro_orm_migrations_id_seq; Type: SEQUENCE; Schema: public; Owner: marketplace
--

CREATE SEQUENCE public.mikro_orm_migrations_id_seq
    AS integer
    START WITH 1
    INCREMENT BY 1
    NO MINVALUE
    NO MAXVALUE
    CACHE 1;


ALTER TABLE public.mikro_orm_migrations_id_seq OWNER TO marketplace;

--
-- Name: mikro_orm_migrations_id_seq; Type: SEQUENCE OWNED BY; Schema: public; Owner: marketplace
--

ALTER SEQUENCE public.mikro_orm_migrations_id_seq OWNED BY public.mikro_orm_migrations.id;


--
-- Name: notification; Type: TABLE; Schema: public; Owner: marketplace
--

CREATE TABLE public.notification (
    id text NOT NULL,
    "to" text NOT NULL,
    channel text NOT NULL,
    template text NOT NULL,
    data jsonb,
    trigger_type text,
    resource_id text,
    resource_type text,
    receiver_id text,
    original_notification_id text,
    idempotency_key text,
    external_id text,
    provider_id text,
    created_at timestamp with time zone DEFAULT now() NOT NULL,
    updated_at timestamp with time zone DEFAULT now() NOT NULL,
    deleted_at timestamp with time zone,
    status text DEFAULT 'pending'::text NOT NULL,
    CONSTRAINT notification_status_check CHECK ((status = ANY (ARRAY['pending'::text, 'success'::text, 'failure'::text])))
);


ALTER TABLE public.notification OWNER TO marketplace;

--
-- Name: notification_provider; Type: TABLE; Schema: public; Owner: marketplace
--

CREATE TABLE public.notification_provider (
    id text NOT NULL,
    handle text NOT NULL,
    name text NOT NULL,
    is_enabled boolean DEFAULT true NOT NULL,
    channels text[] DEFAULT '{}'::text[] NOT NULL,
    created_at timestamp with time zone DEFAULT now() NOT NULL,
    updated_at timestamp with time zone DEFAULT now() NOT NULL,
    deleted_at timestamp with time zone
);


ALTER TABLE public.notification_provider OWNER TO marketplace;

--
-- Name: order; Type: TABLE; Schema: public; Owner: marketplace
--

CREATE TABLE public."order" (
    id text NOT NULL,
    region_id text,
    display_id integer,
    customer_id text,
    version integer DEFAULT 1 NOT NULL,
    sales_channel_id text,
    status public.order_status_enum DEFAULT 'pending'::public.order_status_enum NOT NULL,
    is_draft_order boolean DEFAULT false NOT NULL,
    email text,
    currency_code text NOT NULL,
    shipping_address_id text,
    billing_address_id text,
    no_notification boolean,
    metadata jsonb,
    created_at timestamp with time zone DEFAULT now() NOT NULL,
    updated_at timestamp with time zone DEFAULT now() NOT NULL,
    deleted_at timestamp with time zone,
    canceled_at timestamp with time zone
);


ALTER TABLE public."order" OWNER TO marketplace;

--
-- Name: order_address; Type: TABLE; Schema: public; Owner: marketplace
--

CREATE TABLE public.order_address (
    id text NOT NULL,
    customer_id text,
    company text,
    first_name text,
    last_name text,
    address_1 text,
    address_2 text,
    city text,
    country_code text,
    province text,
    postal_code text,
    phone text,
    metadata jsonb,
    created_at timestamp with time zone DEFAULT now() NOT NULL,
    updated_at timestamp with time zone DEFAULT now() NOT NULL,
    deleted_at timestamp with time zone
);


ALTER TABLE public.order_address OWNER TO marketplace;

--
-- Name: order_cart; Type: TABLE; Schema: public; Owner: marketplace
--

CREATE TABLE public.order_cart (
    order_id character varying(255) NOT NULL,
    cart_id character varying(255) NOT NULL,
    id character varying(255) NOT NULL,
    created_at timestamp with time zone DEFAULT CURRENT_TIMESTAMP NOT NULL,
    updated_at timestamp with time zone DEFAULT CURRENT_TIMESTAMP NOT NULL,
    deleted_at timestamp with time zone
);


ALTER TABLE public.order_cart OWNER TO marketplace;

--
-- Name: order_change; Type: TABLE; Schema: public; Owner: marketplace
--

CREATE TABLE public.order_change (
    id text NOT NULL,
    order_id text NOT NULL,
    version integer NOT NULL,
    description text,
    status text DEFAULT 'pending'::text NOT NULL,
    internal_note text,
    created_by text,
    requested_by text,
    requested_at timestamp with time zone,
    confirmed_by text,
    confirmed_at timestamp with time zone,
    declined_by text,
    declined_reason text,
    metadata jsonb,
    declined_at timestamp with time zone,
    canceled_by text,
    canceled_at timestamp with time zone,
    created_at timestamp with time zone DEFAULT now() NOT NULL,
    updated_at timestamp with time zone DEFAULT now() NOT NULL,
    change_type text,
    deleted_at timestamp with time zone,
    return_id text,
    claim_id text,
    exchange_id text,
    CONSTRAINT order_change_status_check CHECK ((status = ANY (ARRAY['confirmed'::text, 'declined'::text, 'requested'::text, 'pending'::text, 'canceled'::text])))
);


ALTER TABLE public.order_change OWNER TO marketplace;

--
-- Name: order_change_action; Type: TABLE; Schema: public; Owner: marketplace
--

CREATE TABLE public.order_change_action (
    id text NOT NULL,
    order_id text,
    version integer,
    ordering bigint NOT NULL,
    order_change_id text,
    reference text,
    reference_id text,
    action text NOT NULL,
    details jsonb,
    amount numeric,
    raw_amount jsonb,
    internal_note text,
    applied boolean DEFAULT false NOT NULL,
    created_at timestamp with time zone DEFAULT now() NOT NULL,
    updated_at timestamp with time zone DEFAULT now() NOT NULL,
    deleted_at timestamp with time zone,
    return_id text,
    claim_id text,
    exchange_id text
);


ALTER TABLE public.order_change_action OWNER TO marketplace;

--
-- Name: order_change_action_ordering_seq; Type: SEQUENCE; Schema: public; Owner: marketplace
--

CREATE SEQUENCE public.order_change_action_ordering_seq
    START WITH 1
    INCREMENT BY 1
    NO MINVALUE
    NO MAXVALUE
    CACHE 1;


ALTER TABLE public.order_change_action_ordering_seq OWNER TO marketplace;

--
-- Name: order_change_action_ordering_seq; Type: SEQUENCE OWNED BY; Schema: public; Owner: marketplace
--

ALTER SEQUENCE public.order_change_action_ordering_seq OWNED BY public.order_change_action.ordering;


--
-- Name: order_claim; Type: TABLE; Schema: public; Owner: marketplace
--

CREATE TABLE public.order_claim (
    id text NOT NULL,
    order_id text NOT NULL,
    return_id text,
    order_version integer NOT NULL,
    display_id integer NOT NULL,
    type public.order_claim_type_enum NOT NULL,
    no_notification boolean,
    refund_amount numeric,
    raw_refund_amount jsonb,
    metadata jsonb,
    created_at timestamp with time zone DEFAULT now() NOT NULL,
    updated_at timestamp with time zone DEFAULT now() NOT NULL,
    deleted_at timestamp with time zone,
    canceled_at timestamp with time zone,
    created_by text
);


ALTER TABLE public.order_claim OWNER TO marketplace;

--
-- Name: order_claim_display_id_seq; Type: SEQUENCE; Schema: public; Owner: marketplace
--

CREATE SEQUENCE public.order_claim_display_id_seq
    AS integer
    START WITH 1
    INCREMENT BY 1
    NO MINVALUE
    NO MAXVALUE
    CACHE 1;


ALTER TABLE public.order_claim_display_id_seq OWNER TO marketplace;

--
-- Name: order_claim_display_id_seq; Type: SEQUENCE OWNED BY; Schema: public; Owner: marketplace
--

ALTER SEQUENCE public.order_claim_display_id_seq OWNED BY public.order_claim.display_id;


--
-- Name: order_claim_item; Type: TABLE; Schema: public; Owner: marketplace
--

CREATE TABLE public.order_claim_item (
    id text NOT NULL,
    claim_id text NOT NULL,
    item_id text NOT NULL,
    is_additional_item boolean DEFAULT false NOT NULL,
    reason public.claim_reason_enum,
    quantity numeric NOT NULL,
    raw_quantity jsonb NOT NULL,
    note text,
    metadata jsonb,
    created_at timestamp with time zone DEFAULT now() NOT NULL,
    updated_at timestamp with time zone DEFAULT now() NOT NULL,
    deleted_at timestamp with time zone
);


ALTER TABLE public.order_claim_item OWNER TO marketplace;

--
-- Name: order_claim_item_image; Type: TABLE; Schema: public; Owner: marketplace
--

CREATE TABLE public.order_claim_item_image (
    id text NOT NULL,
    claim_item_id text NOT NULL,
    url text NOT NULL,
    metadata jsonb,
    created_at timestamp with time zone DEFAULT now() NOT NULL,
    updated_at timestamp with time zone DEFAULT now() NOT NULL,
    deleted_at timestamp with time zone
);


ALTER TABLE public.order_claim_item_image OWNER TO marketplace;

--
-- Name: order_credit_line; Type: TABLE; Schema: public; Owner: marketplace
--

CREATE TABLE public.order_credit_line (
    id text NOT NULL,
    order_id text NOT NULL,
    reference text,
    reference_id text,
    amount numeric NOT NULL,
    raw_amount jsonb NOT NULL,
    metadata jsonb,
    created_at timestamp with time zone DEFAULT now() NOT NULL,
    updated_at timestamp with time zone DEFAULT now() NOT NULL,
    deleted_at timestamp with time zone
);


ALTER TABLE public.order_credit_line OWNER TO marketplace;

--
-- Name: order_display_id_seq; Type: SEQUENCE; Schema: public; Owner: marketplace
--

CREATE SEQUENCE public.order_display_id_seq
    AS integer
    START WITH 1
    INCREMENT BY 1
    NO MINVALUE
    NO MAXVALUE
    CACHE 1;


ALTER TABLE public.order_display_id_seq OWNER TO marketplace;

--
-- Name: order_display_id_seq; Type: SEQUENCE OWNED BY; Schema: public; Owner: marketplace
--

ALTER SEQUENCE public.order_display_id_seq OWNED BY public."order".display_id;


--
-- Name: order_exchange; Type: TABLE; Schema: public; Owner: marketplace
--

CREATE TABLE public.order_exchange (
    id text NOT NULL,
    order_id text NOT NULL,
    return_id text,
    order_version integer NOT NULL,
    display_id integer NOT NULL,
    no_notification boolean,
    allow_backorder boolean DEFAULT false NOT NULL,
    difference_due numeric,
    raw_difference_due jsonb,
    metadata jsonb,
    created_at timestamp with time zone DEFAULT now() NOT NULL,
    updated_at timestamp with time zone DEFAULT now() NOT NULL,
    deleted_at timestamp with time zone,
    canceled_at timestamp with time zone,
    created_by text
);


ALTER TABLE public.order_exchange OWNER TO marketplace;

--
-- Name: order_exchange_display_id_seq; Type: SEQUENCE; Schema: public; Owner: marketplace
--

CREATE SEQUENCE public.order_exchange_display_id_seq
    AS integer
    START WITH 1
    INCREMENT BY 1
    NO MINVALUE
    NO MAXVALUE
    CACHE 1;


ALTER TABLE public.order_exchange_display_id_seq OWNER TO marketplace;

--
-- Name: order_exchange_display_id_seq; Type: SEQUENCE OWNED BY; Schema: public; Owner: marketplace
--

ALTER SEQUENCE public.order_exchange_display_id_seq OWNED BY public.order_exchange.display_id;


--
-- Name: order_exchange_item; Type: TABLE; Schema: public; Owner: marketplace
--

CREATE TABLE public.order_exchange_item (
    id text NOT NULL,
    exchange_id text NOT NULL,
    item_id text NOT NULL,
    quantity numeric NOT NULL,
    raw_quantity jsonb NOT NULL,
    note text,
    metadata jsonb,
    created_at timestamp with time zone DEFAULT now() NOT NULL,
    updated_at timestamp with time zone DEFAULT now() NOT NULL,
    deleted_at timestamp with time zone
);


ALTER TABLE public.order_exchange_item OWNER TO marketplace;

--
-- Name: order_fulfillment; Type: TABLE; Schema: public; Owner: marketplace
--

CREATE TABLE public.order_fulfillment (
    order_id character varying(255) NOT NULL,
    fulfillment_id character varying(255) NOT NULL,
    id character varying(255) NOT NULL,
    created_at timestamp with time zone DEFAULT CURRENT_TIMESTAMP NOT NULL,
    updated_at timestamp with time zone DEFAULT CURRENT_TIMESTAMP NOT NULL,
    deleted_at timestamp with time zone
);


ALTER TABLE public.order_fulfillment OWNER TO marketplace;

--
-- Name: order_item; Type: TABLE; Schema: public; Owner: marketplace
--

CREATE TABLE public.order_item (
    id text NOT NULL,
    order_id text NOT NULL,
    version integer NOT NULL,
    item_id text NOT NULL,
    quantity numeric NOT NULL,
    raw_quantity jsonb NOT NULL,
    fulfilled_quantity numeric NOT NULL,
    raw_fulfilled_quantity jsonb NOT NULL,
    shipped_quantity numeric NOT NULL,
    raw_shipped_quantity jsonb NOT NULL,
    return_requested_quantity numeric NOT NULL,
    raw_return_requested_quantity jsonb NOT NULL,
    return_received_quantity numeric NOT NULL,
    raw_return_received_quantity jsonb NOT NULL,
    return_dismissed_quantity numeric NOT NULL,
    raw_return_dismissed_quantity jsonb NOT NULL,
    written_off_quantity numeric NOT NULL,
    raw_written_off_quantity jsonb NOT NULL,
    metadata jsonb,
    created_at timestamp with time zone DEFAULT now() NOT NULL,
    updated_at timestamp with time zone DEFAULT now() NOT NULL,
    deleted_at timestamp with time zone,
    delivered_quantity numeric DEFAULT 0 NOT NULL,
    raw_delivered_quantity jsonb NOT NULL,
    unit_price numeric,
    raw_unit_price jsonb,
    compare_at_unit_price numeric,
    raw_compare_at_unit_price jsonb
);


ALTER TABLE public.order_item OWNER TO marketplace;

--
-- Name: order_line_item; Type: TABLE; Schema: public; Owner: marketplace
--

CREATE TABLE public.order_line_item (
    id text NOT NULL,
    totals_id text,
    title text NOT NULL,
    subtitle text,
    thumbnail text,
    variant_id text,
    product_id text,
    product_title text,
    product_description text,
    product_subtitle text,
    product_type text,
    product_collection text,
    product_handle text,
    variant_sku text,
    variant_barcode text,
    variant_title text,
    variant_option_values jsonb,
    requires_shipping boolean DEFAULT true NOT NULL,
    is_discountable boolean DEFAULT true NOT NULL,
    is_tax_inclusive boolean DEFAULT false NOT NULL,
    compare_at_unit_price numeric,
    raw_compare_at_unit_price jsonb,
    unit_price numeric NOT NULL,
    raw_unit_price jsonb NOT NULL,
    metadata jsonb,
    created_at timestamp with time zone DEFAULT now() NOT NULL,
    updated_at timestamp with time zone DEFAULT now() NOT NULL,
    deleted_at timestamp with time zone,
    is_custom_price boolean DEFAULT false NOT NULL,
    product_type_id text
);


ALTER TABLE public.order_line_item OWNER TO marketplace;

--
-- Name: order_line_item_adjustment; Type: TABLE; Schema: public; Owner: marketplace
--

CREATE TABLE public.order_line_item_adjustment (
    id text NOT NULL,
    description text,
    promotion_id text,
    code text,
    amount numeric NOT NULL,
    raw_amount jsonb NOT NULL,
    provider_id text,
    created_at timestamp with time zone DEFAULT now() NOT NULL,
    updated_at timestamp with time zone DEFAULT now() NOT NULL,
    item_id text NOT NULL,
    deleted_at timestamp with time zone
);


ALTER TABLE public.order_line_item_adjustment OWNER TO marketplace;

--
-- Name: order_line_item_tax_line; Type: TABLE; Schema: public; Owner: marketplace
--

CREATE TABLE public.order_line_item_tax_line (
    id text NOT NULL,
    description text,
    tax_rate_id text,
    code text NOT NULL,
    rate numeric NOT NULL,
    raw_rate jsonb NOT NULL,
    provider_id text,
    created_at timestamp with time zone DEFAULT now() NOT NULL,
    updated_at timestamp with time zone DEFAULT now() NOT NULL,
    item_id text NOT NULL,
    deleted_at timestamp with time zone
);


ALTER TABLE public.order_line_item_tax_line OWNER TO marketplace;

--
-- Name: order_payment_collection; Type: TABLE; Schema: public; Owner: marketplace
--

CREATE TABLE public.order_payment_collection (
    order_id character varying(255) NOT NULL,
    payment_collection_id character varying(255) NOT NULL,
    id character varying(255) NOT NULL,
    created_at timestamp with time zone DEFAULT CURRENT_TIMESTAMP NOT NULL,
    updated_at timestamp with time zone DEFAULT CURRENT_TIMESTAMP NOT NULL,
    deleted_at timestamp with time zone
);


ALTER TABLE public.order_payment_collection OWNER TO marketplace;

--
-- Name: order_promotion; Type: TABLE; Schema: public; Owner: marketplace
--

CREATE TABLE public.order_promotion (
    order_id character varying(255) NOT NULL,
    promotion_id character varying(255) NOT NULL,
    id character varying(255) NOT NULL,
    created_at timestamp with time zone DEFAULT CURRENT_TIMESTAMP NOT NULL,
    updated_at timestamp with time zone DEFAULT CURRENT_TIMESTAMP NOT NULL,
    deleted_at timestamp with time zone
);


ALTER TABLE public.order_promotion OWNER TO marketplace;

--
-- Name: order_shipping; Type: TABLE; Schema: public; Owner: marketplace
--

CREATE TABLE public.order_shipping (
    id text NOT NULL,
    order_id text NOT NULL,
    version integer NOT NULL,
    shipping_method_id text NOT NULL,
    created_at timestamp with time zone DEFAULT now() NOT NULL,
    updated_at timestamp with time zone DEFAULT now() NOT NULL,
    deleted_at timestamp with time zone,
    return_id text,
    claim_id text,
    exchange_id text
);


ALTER TABLE public.order_shipping OWNER TO marketplace;

--
-- Name: order_shipping_method; Type: TABLE; Schema: public; Owner: marketplace
--

CREATE TABLE public.order_shipping_method (
    id text NOT NULL,
    name text NOT NULL,
    description jsonb,
    amount numeric NOT NULL,
    raw_amount jsonb NOT NULL,
    is_tax_inclusive boolean DEFAULT false NOT NULL,
    shipping_option_id text,
    data jsonb,
    metadata jsonb,
    created_at timestamp with time zone DEFAULT now() NOT NULL,
    updated_at timestamp with time zone DEFAULT now() NOT NULL,
    deleted_at timestamp with time zone,
    is_custom_amount boolean DEFAULT false NOT NULL
);


ALTER TABLE public.order_shipping_method OWNER TO marketplace;

--
-- Name: order_shipping_method_adjustment; Type: TABLE; Schema: public; Owner: marketplace
--

CREATE TABLE public.order_shipping_method_adjustment (
    id text NOT NULL,
    description text,
    promotion_id text,
    code text,
    amount numeric NOT NULL,
    raw_amount jsonb NOT NULL,
    provider_id text,
    created_at timestamp with time zone DEFAULT now() NOT NULL,
    updated_at timestamp with time zone DEFAULT now() NOT NULL,
    shipping_method_id text NOT NULL,
    deleted_at timestamp with time zone
);


ALTER TABLE public.order_shipping_method_adjustment OWNER TO marketplace;

--
-- Name: order_shipping_method_tax_line; Type: TABLE; Schema: public; Owner: marketplace
--

CREATE TABLE public.order_shipping_method_tax_line (
    id text NOT NULL,
    description text,
    tax_rate_id text,
    code text NOT NULL,
    rate numeric NOT NULL,
    raw_rate jsonb NOT NULL,
    provider_id text,
    created_at timestamp with time zone DEFAULT now() NOT NULL,
    updated_at timestamp with time zone DEFAULT now() NOT NULL,
    shipping_method_id text NOT NULL,
    deleted_at timestamp with time zone
);


ALTER TABLE public.order_shipping_method_tax_line OWNER TO marketplace;

--
-- Name: order_summary; Type: TABLE; Schema: public; Owner: marketplace
--

CREATE TABLE public.order_summary (
    id text NOT NULL,
    order_id text NOT NULL,
    version integer DEFAULT 1 NOT NULL,
    totals jsonb,
    created_at timestamp with time zone DEFAULT now() NOT NULL,
    updated_at timestamp with time zone DEFAULT now() NOT NULL,
    deleted_at timestamp with time zone
);


ALTER TABLE public.order_summary OWNER TO marketplace;

--
-- Name: order_transaction; Type: TABLE; Schema: public; Owner: marketplace
--

CREATE TABLE public.order_transaction (
    id text NOT NULL,
    order_id text NOT NULL,
    version integer DEFAULT 1 NOT NULL,
    amount numeric NOT NULL,
    raw_amount jsonb NOT NULL,
    currency_code text NOT NULL,
    reference text,
    reference_id text,
    created_at timestamp with time zone DEFAULT now() NOT NULL,
    updated_at timestamp with time zone DEFAULT now() NOT NULL,
    deleted_at timestamp with time zone,
    return_id text,
    claim_id text,
    exchange_id text
);


ALTER TABLE public.order_transaction OWNER TO marketplace;

--
-- Name: payment; Type: TABLE; Schema: public; Owner: marketplace
--

CREATE TABLE public.payment (
    id text NOT NULL,
    amount numeric NOT NULL,
    raw_amount jsonb NOT NULL,
    currency_code text NOT NULL,
    provider_id text NOT NULL,
    data jsonb,
    created_at timestamp with time zone DEFAULT now() NOT NULL,
    updated_at timestamp with time zone DEFAULT now() NOT NULL,
    deleted_at timestamp with time zone,
    captured_at timestamp with time zone,
    canceled_at timestamp with time zone,
    payment_collection_id text NOT NULL,
    payment_session_id text NOT NULL,
    metadata jsonb
);


ALTER TABLE public.payment OWNER TO marketplace;

--
-- Name: payment_collection; Type: TABLE; Schema: public; Owner: marketplace
--

CREATE TABLE public.payment_collection (
    id text NOT NULL,
    currency_code text NOT NULL,
    amount numeric NOT NULL,
    raw_amount jsonb NOT NULL,
    authorized_amount numeric,
    raw_authorized_amount jsonb,
    captured_amount numeric,
    raw_captured_amount jsonb,
    refunded_amount numeric,
    raw_refunded_amount jsonb,
    created_at timestamp with time zone DEFAULT now() NOT NULL,
    updated_at timestamp with time zone DEFAULT now() NOT NULL,
    deleted_at timestamp with time zone,
    completed_at timestamp with time zone,
    status text DEFAULT 'not_paid'::text NOT NULL,
    metadata jsonb,
    CONSTRAINT payment_collection_status_check CHECK ((status = ANY (ARRAY['not_paid'::text, 'awaiting'::text, 'authorized'::text, 'partially_authorized'::text, 'canceled'::text, 'failed'::text, 'completed'::text])))
);


ALTER TABLE public.payment_collection OWNER TO marketplace;

--
-- Name: payment_collection_payment_providers; Type: TABLE; Schema: public; Owner: marketplace
--

CREATE TABLE public.payment_collection_payment_providers (
    payment_collection_id text NOT NULL,
    payment_provider_id text NOT NULL
);


ALTER TABLE public.payment_collection_payment_providers OWNER TO marketplace;

--
-- Name: payment_provider; Type: TABLE; Schema: public; Owner: marketplace
--

CREATE TABLE public.payment_provider (
    id text NOT NULL,
    is_enabled boolean DEFAULT true NOT NULL,
    created_at timestamp with time zone DEFAULT now() NOT NULL,
    updated_at timestamp with time zone DEFAULT now() NOT NULL,
    deleted_at timestamp with time zone
);


ALTER TABLE public.payment_provider OWNER TO marketplace;

--
-- Name: payment_session; Type: TABLE; Schema: public; Owner: marketplace
--

CREATE TABLE public.payment_session (
    id text NOT NULL,
    currency_code text NOT NULL,
    amount numeric NOT NULL,
    raw_amount jsonb NOT NULL,
    provider_id text NOT NULL,
    data jsonb DEFAULT '{}'::jsonb NOT NULL,
    context jsonb,
    status text DEFAULT 'pending'::text NOT NULL,
    authorized_at timestamp with time zone,
    payment_collection_id text NOT NULL,
    metadata jsonb,
    created_at timestamp with time zone DEFAULT now() NOT NULL,
    updated_at timestamp with time zone DEFAULT now() NOT NULL,
    deleted_at timestamp with time zone,
    CONSTRAINT payment_session_status_check CHECK ((status = ANY (ARRAY['authorized'::text, 'captured'::text, 'pending'::text, 'requires_more'::text, 'error'::text, 'canceled'::text])))
);


ALTER TABLE public.payment_session OWNER TO marketplace;

--
-- Name: price; Type: TABLE; Schema: public; Owner: marketplace
--

CREATE TABLE public.price (
    id text NOT NULL,
    title text,
    price_set_id text NOT NULL,
    currency_code text NOT NULL,
    raw_amount jsonb NOT NULL,
    rules_count integer DEFAULT 0,
    created_at timestamp with time zone DEFAULT now() NOT NULL,
    updated_at timestamp with time zone DEFAULT now() NOT NULL,
    deleted_at timestamp with time zone,
    price_list_id text,
    amount numeric NOT NULL,
    min_quantity integer,
    max_quantity integer
);


ALTER TABLE public.price OWNER TO marketplace;

--
-- Name: price_list; Type: TABLE; Schema: public; Owner: marketplace
--

CREATE TABLE public.price_list (
    id text NOT NULL,
    status text DEFAULT 'draft'::text NOT NULL,
    starts_at timestamp with time zone,
    ends_at timestamp with time zone,
    rules_count integer DEFAULT 0,
    title text NOT NULL,
    description text NOT NULL,
    type text DEFAULT 'sale'::text NOT NULL,
    created_at timestamp with time zone DEFAULT now() NOT NULL,
    updated_at timestamp with time zone DEFAULT now() NOT NULL,
    deleted_at timestamp with time zone,
    CONSTRAINT price_list_status_check CHECK ((status = ANY (ARRAY['active'::text, 'draft'::text]))),
    CONSTRAINT price_list_type_check CHECK ((type = ANY (ARRAY['sale'::text, 'override'::text])))
);


ALTER TABLE public.price_list OWNER TO marketplace;

--
-- Name: price_list_rule; Type: TABLE; Schema: public; Owner: marketplace
--

CREATE TABLE public.price_list_rule (
    id text NOT NULL,
    price_list_id text NOT NULL,
    created_at timestamp with time zone DEFAULT now() NOT NULL,
    updated_at timestamp with time zone DEFAULT now() NOT NULL,
    deleted_at timestamp with time zone,
    value jsonb,
    attribute text DEFAULT ''::text NOT NULL
);


ALTER TABLE public.price_list_rule OWNER TO marketplace;

--
-- Name: price_preference; Type: TABLE; Schema: public; Owner: marketplace
--

CREATE TABLE public.price_preference (
    id text NOT NULL,
    attribute text NOT NULL,
    value text,
    is_tax_inclusive boolean DEFAULT false NOT NULL,
    created_at timestamp with time zone DEFAULT now() NOT NULL,
    updated_at timestamp with time zone DEFAULT now() NOT NULL,
    deleted_at timestamp with time zone
);


ALTER TABLE public.price_preference OWNER TO marketplace;

--
-- Name: price_rule; Type: TABLE; Schema: public; Owner: marketplace
--

CREATE TABLE public.price_rule (
    id text NOT NULL,
    value text NOT NULL,
    priority integer DEFAULT 0 NOT NULL,
    price_id text NOT NULL,
    created_at timestamp with time zone DEFAULT now() NOT NULL,
    updated_at timestamp with time zone DEFAULT now() NOT NULL,
    deleted_at timestamp with time zone,
    attribute text DEFAULT ''::text NOT NULL,
    operator text DEFAULT 'eq'::text NOT NULL,
    CONSTRAINT price_rule_operator_check CHECK ((operator = ANY (ARRAY['gte'::text, 'lte'::text, 'gt'::text, 'lt'::text, 'eq'::text])))
);


ALTER TABLE public.price_rule OWNER TO marketplace;

--
-- Name: price_set; Type: TABLE; Schema: public; Owner: marketplace
--

CREATE TABLE public.price_set (
    id text NOT NULL,
    created_at timestamp with time zone DEFAULT now() NOT NULL,
    updated_at timestamp with time zone DEFAULT now() NOT NULL,
    deleted_at timestamp with time zone
);


ALTER TABLE public.price_set OWNER TO marketplace;

--
-- Name: product; Type: TABLE; Schema: public; Owner: marketplace
--

CREATE TABLE public.product (
    id text NOT NULL,
    title text NOT NULL,
    handle text NOT NULL,
    subtitle text,
    description text,
    is_giftcard boolean DEFAULT false NOT NULL,
    status text DEFAULT 'draft'::text NOT NULL,
    thumbnail text,
    weight text,
    length text,
    height text,
    width text,
    origin_country text,
    hs_code text,
    mid_code text,
    material text,
    collection_id text,
    type_id text,
    discountable boolean DEFAULT true NOT NULL,
    external_id text,
    created_at timestamp with time zone DEFAULT now() NOT NULL,
    updated_at timestamp with time zone DEFAULT now() NOT NULL,
    deleted_at timestamp with time zone,
    metadata jsonb,
    CONSTRAINT product_status_check CHECK ((status = ANY (ARRAY['draft'::text, 'proposed'::text, 'published'::text, 'rejected'::text])))
);


ALTER TABLE public.product OWNER TO marketplace;

--
-- Name: product_category; Type: TABLE; Schema: public; Owner: marketplace
--

CREATE TABLE public.product_category (
    id text NOT NULL,
    name text NOT NULL,
    description text DEFAULT ''::text NOT NULL,
    handle text NOT NULL,
    mpath text NOT NULL,
    is_active boolean DEFAULT false NOT NULL,
    is_internal boolean DEFAULT false NOT NULL,
    rank integer DEFAULT 0 NOT NULL,
    parent_category_id text,
    created_at timestamp with time zone DEFAULT now() NOT NULL,
    updated_at timestamp with time zone DEFAULT now() NOT NULL,
    deleted_at timestamp with time zone,
    metadata jsonb
);


ALTER TABLE public.product_category OWNER TO marketplace;

--
-- Name: product_category_product; Type: TABLE; Schema: public; Owner: marketplace
--

CREATE TABLE public.product_category_product (
    product_id text NOT NULL,
    product_category_id text NOT NULL
);


ALTER TABLE public.product_category_product OWNER TO marketplace;

--
-- Name: product_collection; Type: TABLE; Schema: public; Owner: marketplace
--

CREATE TABLE public.product_collection (
    id text NOT NULL,
    title text NOT NULL,
    handle text NOT NULL,
    metadata jsonb,
    created_at timestamp with time zone DEFAULT now() NOT NULL,
    updated_at timestamp with time zone DEFAULT now() NOT NULL,
    deleted_at timestamp with time zone
);


ALTER TABLE public.product_collection OWNER TO marketplace;

--
-- Name: product_option; Type: TABLE; Schema: public; Owner: marketplace
--

CREATE TABLE public.product_option (
    id text NOT NULL,
    title text NOT NULL,
    product_id text NOT NULL,
    metadata jsonb,
    created_at timestamp with time zone DEFAULT now() NOT NULL,
    updated_at timestamp with time zone DEFAULT now() NOT NULL,
    deleted_at timestamp with time zone
);


ALTER TABLE public.product_option OWNER TO marketplace;

--
-- Name: product_option_value; Type: TABLE; Schema: public; Owner: marketplace
--

CREATE TABLE public.product_option_value (
    id text NOT NULL,
    value text NOT NULL,
    option_id text,
    metadata jsonb,
    created_at timestamp with time zone DEFAULT now() NOT NULL,
    updated_at timestamp with time zone DEFAULT now() NOT NULL,
    deleted_at timestamp with time zone
);


ALTER TABLE public.product_option_value OWNER TO marketplace;

--
-- Name: product_sales_channel; Type: TABLE; Schema: public; Owner: marketplace
--

CREATE TABLE public.product_sales_channel (
    product_id character varying(255) NOT NULL,
    sales_channel_id character varying(255) NOT NULL,
    id character varying(255) NOT NULL,
    created_at timestamp with time zone DEFAULT CURRENT_TIMESTAMP NOT NULL,
    updated_at timestamp with time zone DEFAULT CURRENT_TIMESTAMP NOT NULL,
    deleted_at timestamp with time zone
);


ALTER TABLE public.product_sales_channel OWNER TO marketplace;

--
-- Name: product_shipping_profile; Type: TABLE; Schema: public; Owner: marketplace
--

CREATE TABLE public.product_shipping_profile (
    product_id character varying(255) NOT NULL,
    shipping_profile_id character varying(255) NOT NULL,
    id character varying(255) NOT NULL,
    created_at timestamp with time zone DEFAULT CURRENT_TIMESTAMP NOT NULL,
    updated_at timestamp with time zone DEFAULT CURRENT_TIMESTAMP NOT NULL,
    deleted_at timestamp with time zone
);


ALTER TABLE public.product_shipping_profile OWNER TO marketplace;

--
-- Name: product_tag; Type: TABLE; Schema: public; Owner: marketplace
--

CREATE TABLE public.product_tag (
    id text NOT NULL,
    value text NOT NULL,
    metadata jsonb,
    created_at timestamp with time zone DEFAULT now() NOT NULL,
    updated_at timestamp with time zone DEFAULT now() NOT NULL,
    deleted_at timestamp with time zone
);


ALTER TABLE public.product_tag OWNER TO marketplace;

--
-- Name: product_tags; Type: TABLE; Schema: public; Owner: marketplace
--

CREATE TABLE public.product_tags (
    product_id text NOT NULL,
    product_tag_id text NOT NULL
);


ALTER TABLE public.product_tags OWNER TO marketplace;

--
-- Name: product_type; Type: TABLE; Schema: public; Owner: marketplace
--

CREATE TABLE public.product_type (
    id text NOT NULL,
    value text NOT NULL,
    metadata json,
    created_at timestamp with time zone DEFAULT now() NOT NULL,
    updated_at timestamp with time zone DEFAULT now() NOT NULL,
    deleted_at timestamp with time zone
);


ALTER TABLE public.product_type OWNER TO marketplace;

--
-- Name: product_variant; Type: TABLE; Schema: public; Owner: marketplace
--

CREATE TABLE public.product_variant (
    id text NOT NULL,
    title text NOT NULL,
    sku text,
    barcode text,
    ean text,
    upc text,
    allow_backorder boolean DEFAULT false NOT NULL,
    manage_inventory boolean DEFAULT true NOT NULL,
    hs_code text,
    origin_country text,
    mid_code text,
    material text,
    weight integer,
    length integer,
    height integer,
    width integer,
    metadata jsonb,
    variant_rank integer DEFAULT 0,
    product_id text,
    created_at timestamp with time zone DEFAULT now() NOT NULL,
    updated_at timestamp with time zone DEFAULT now() NOT NULL,
    deleted_at timestamp with time zone
);


ALTER TABLE public.product_variant OWNER TO marketplace;

--
-- Name: product_variant_inventory_item; Type: TABLE; Schema: public; Owner: marketplace
--

CREATE TABLE public.product_variant_inventory_item (
    variant_id character varying(255) NOT NULL,
    inventory_item_id character varying(255) NOT NULL,
    id character varying(255) NOT NULL,
    required_quantity integer DEFAULT 1 NOT NULL,
    created_at timestamp with time zone DEFAULT CURRENT_TIMESTAMP NOT NULL,
    updated_at timestamp with time zone DEFAULT CURRENT_TIMESTAMP NOT NULL,
    deleted_at timestamp with time zone
);


ALTER TABLE public.product_variant_inventory_item OWNER TO marketplace;

--
-- Name: product_variant_option; Type: TABLE; Schema: public; Owner: marketplace
--

CREATE TABLE public.product_variant_option (
    variant_id text NOT NULL,
    option_value_id text NOT NULL
);


ALTER TABLE public.product_variant_option OWNER TO marketplace;

--
-- Name: product_variant_price_set; Type: TABLE; Schema: public; Owner: marketplace
--

CREATE TABLE public.product_variant_price_set (
    variant_id character varying(255) NOT NULL,
    price_set_id character varying(255) NOT NULL,
    id character varying(255) NOT NULL,
    created_at timestamp with time zone DEFAULT CURRENT_TIMESTAMP NOT NULL,
    updated_at timestamp with time zone DEFAULT CURRENT_TIMESTAMP NOT NULL,
    deleted_at timestamp with time zone
);


ALTER TABLE public.product_variant_price_set OWNER TO marketplace;

--
-- Name: promotion; Type: TABLE; Schema: public; Owner: marketplace
--

CREATE TABLE public.promotion (
    id text NOT NULL,
    code text NOT NULL,
    campaign_id text,
    is_automatic boolean DEFAULT false NOT NULL,
    type text NOT NULL,
    created_at timestamp with time zone DEFAULT now() NOT NULL,
    updated_at timestamp with time zone DEFAULT now() NOT NULL,
    deleted_at timestamp with time zone,
    status text DEFAULT 'draft'::text NOT NULL,
    CONSTRAINT promotion_status_check CHECK ((status = ANY (ARRAY['draft'::text, 'active'::text, 'inactive'::text]))),
    CONSTRAINT promotion_type_check CHECK ((type = ANY (ARRAY['standard'::text, 'buyget'::text])))
);


ALTER TABLE public.promotion OWNER TO marketplace;

--
-- Name: promotion_application_method; Type: TABLE; Schema: public; Owner: marketplace
--

CREATE TABLE public.promotion_application_method (
    id text NOT NULL,
    value numeric,
    raw_value jsonb,
    max_quantity integer,
    apply_to_quantity integer,
    buy_rules_min_quantity integer,
    type text NOT NULL,
    target_type text NOT NULL,
    allocation text,
    promotion_id text NOT NULL,
    created_at timestamp with time zone DEFAULT now() NOT NULL,
    updated_at timestamp with time zone DEFAULT now() NOT NULL,
    deleted_at timestamp with time zone,
    currency_code text,
    CONSTRAINT promotion_application_method_allocation_check CHECK ((allocation = ANY (ARRAY['each'::text, 'across'::text]))),
    CONSTRAINT promotion_application_method_target_type_check CHECK ((target_type = ANY (ARRAY['order'::text, 'shipping_methods'::text, 'items'::text]))),
    CONSTRAINT promotion_application_method_type_check CHECK ((type = ANY (ARRAY['fixed'::text, 'percentage'::text])))
);


ALTER TABLE public.promotion_application_method OWNER TO marketplace;

--
-- Name: promotion_campaign; Type: TABLE; Schema: public; Owner: marketplace
--

CREATE TABLE public.promotion_campaign (
    id text NOT NULL,
    name text NOT NULL,
    description text,
    campaign_identifier text NOT NULL,
    starts_at timestamp with time zone,
    ends_at timestamp with time zone,
    created_at timestamp with time zone DEFAULT now() NOT NULL,
    updated_at timestamp with time zone DEFAULT now() NOT NULL,
    deleted_at timestamp with time zone
);


ALTER TABLE public.promotion_campaign OWNER TO marketplace;

--
-- Name: promotion_campaign_budget; Type: TABLE; Schema: public; Owner: marketplace
--

CREATE TABLE public.promotion_campaign_budget (
    id text NOT NULL,
    type text NOT NULL,
    campaign_id text NOT NULL,
    "limit" numeric,
    raw_limit jsonb,
    used numeric DEFAULT 0 NOT NULL,
    raw_used jsonb NOT NULL,
    created_at timestamp with time zone DEFAULT now() NOT NULL,
    updated_at timestamp with time zone DEFAULT now() NOT NULL,
    deleted_at timestamp with time zone,
    currency_code text,
    CONSTRAINT promotion_campaign_budget_type_check CHECK ((type = ANY (ARRAY['spend'::text, 'usage'::text])))
);


ALTER TABLE public.promotion_campaign_budget OWNER TO marketplace;

--
-- Name: promotion_promotion_rule; Type: TABLE; Schema: public; Owner: marketplace
--

CREATE TABLE public.promotion_promotion_rule (
    promotion_id text NOT NULL,
    promotion_rule_id text NOT NULL
);


ALTER TABLE public.promotion_promotion_rule OWNER TO marketplace;

--
-- Name: promotion_rule; Type: TABLE; Schema: public; Owner: marketplace
--

CREATE TABLE public.promotion_rule (
    id text NOT NULL,
    description text,
    attribute text NOT NULL,
    operator text NOT NULL,
    created_at timestamp with time zone DEFAULT now() NOT NULL,
    updated_at timestamp with time zone DEFAULT now() NOT NULL,
    deleted_at timestamp with time zone,
    CONSTRAINT promotion_rule_operator_check CHECK ((operator = ANY (ARRAY['gte'::text, 'lte'::text, 'gt'::text, 'lt'::text, 'eq'::text, 'ne'::text, 'in'::text])))
);


ALTER TABLE public.promotion_rule OWNER TO marketplace;

--
-- Name: promotion_rule_value; Type: TABLE; Schema: public; Owner: marketplace
--

CREATE TABLE public.promotion_rule_value (
    id text NOT NULL,
    promotion_rule_id text NOT NULL,
    value text NOT NULL,
    created_at timestamp with time zone DEFAULT now() NOT NULL,
    updated_at timestamp with time zone DEFAULT now() NOT NULL,
    deleted_at timestamp with time zone
);


ALTER TABLE public.promotion_rule_value OWNER TO marketplace;

--
-- Name: provider_identity; Type: TABLE; Schema: public; Owner: marketplace
--

CREATE TABLE public.provider_identity (
    id text NOT NULL,
    entity_id text NOT NULL,
    provider text NOT NULL,
    auth_identity_id text NOT NULL,
    user_metadata jsonb,
    provider_metadata jsonb,
    created_at timestamp with time zone DEFAULT now() NOT NULL,
    updated_at timestamp with time zone DEFAULT now() NOT NULL,
    deleted_at timestamp with time zone
);


ALTER TABLE public.provider_identity OWNER TO marketplace;

--
-- Name: publishable_api_key_sales_channel; Type: TABLE; Schema: public; Owner: marketplace
--

CREATE TABLE public.publishable_api_key_sales_channel (
    publishable_key_id character varying(255) NOT NULL,
    sales_channel_id character varying(255) NOT NULL,
    id character varying(255) NOT NULL,
    created_at timestamp with time zone DEFAULT CURRENT_TIMESTAMP NOT NULL,
    updated_at timestamp with time zone DEFAULT CURRENT_TIMESTAMP NOT NULL,
    deleted_at timestamp with time zone
);


ALTER TABLE public.publishable_api_key_sales_channel OWNER TO marketplace;

--
-- Name: refund; Type: TABLE; Schema: public; Owner: marketplace
--

CREATE TABLE public.refund (
    id text NOT NULL,
    amount numeric NOT NULL,
    raw_amount jsonb NOT NULL,
    payment_id text NOT NULL,
    created_at timestamp with time zone DEFAULT now() NOT NULL,
    updated_at timestamp with time zone DEFAULT now() NOT NULL,
    deleted_at timestamp with time zone,
    created_by text,
    metadata jsonb,
    refund_reason_id text,
    note text
);


ALTER TABLE public.refund OWNER TO marketplace;

--
-- Name: refund_reason; Type: TABLE; Schema: public; Owner: marketplace
--

CREATE TABLE public.refund_reason (
    id text NOT NULL,
    label text NOT NULL,
    description text,
    metadata jsonb,
    created_at timestamp with time zone DEFAULT now() NOT NULL,
    updated_at timestamp with time zone DEFAULT now() NOT NULL,
    deleted_at timestamp with time zone
);


ALTER TABLE public.refund_reason OWNER TO marketplace;

--
-- Name: region; Type: TABLE; Schema: public; Owner: marketplace
--

CREATE TABLE public.region (
    id text NOT NULL,
    name text NOT NULL,
    currency_code text NOT NULL,
    metadata jsonb,
    created_at timestamp with time zone DEFAULT now() NOT NULL,
    updated_at timestamp with time zone DEFAULT now() NOT NULL,
    deleted_at timestamp with time zone,
    automatic_taxes boolean DEFAULT true NOT NULL
);


ALTER TABLE public.region OWNER TO marketplace;

--
-- Name: region_country; Type: TABLE; Schema: public; Owner: marketplace
--

CREATE TABLE public.region_country (
    iso_2 text NOT NULL,
    iso_3 text NOT NULL,
    num_code text NOT NULL,
    name text NOT NULL,
    display_name text NOT NULL,
    region_id text,
    metadata jsonb,
    created_at timestamp with time zone DEFAULT now() NOT NULL,
    updated_at timestamp with time zone DEFAULT now() NOT NULL,
    deleted_at timestamp with time zone
);


ALTER TABLE public.region_country OWNER TO marketplace;

--
-- Name: region_payment_provider; Type: TABLE; Schema: public; Owner: marketplace
--

CREATE TABLE public.region_payment_provider (
    region_id character varying(255) NOT NULL,
    payment_provider_id character varying(255) NOT NULL,
    id character varying(255) NOT NULL,
    created_at timestamp with time zone DEFAULT CURRENT_TIMESTAMP NOT NULL,
    updated_at timestamp with time zone DEFAULT CURRENT_TIMESTAMP NOT NULL,
    deleted_at timestamp with time zone
);


ALTER TABLE public.region_payment_provider OWNER TO marketplace;

--
-- Name: reservation_item; Type: TABLE; Schema: public; Owner: marketplace
--

CREATE TABLE public.reservation_item (
    id text NOT NULL,
    created_at timestamp with time zone DEFAULT now() NOT NULL,
    updated_at timestamp with time zone DEFAULT now() NOT NULL,
    deleted_at timestamp with time zone,
    line_item_id text,
    location_id text NOT NULL,
    quantity numeric NOT NULL,
    external_id text,
    description text,
    created_by text,
    metadata jsonb,
    inventory_item_id text NOT NULL,
    allow_backorder boolean DEFAULT false,
    raw_quantity jsonb
);


ALTER TABLE public.reservation_item OWNER TO marketplace;

--
-- Name: return; Type: TABLE; Schema: public; Owner: marketplace
--

CREATE TABLE public.return (
    id text NOT NULL,
    order_id text NOT NULL,
    claim_id text,
    exchange_id text,
    order_version integer NOT NULL,
    display_id integer NOT NULL,
    status public.return_status_enum DEFAULT 'open'::public.return_status_enum NOT NULL,
    no_notification boolean,
    refund_amount numeric,
    raw_refund_amount jsonb,
    metadata jsonb,
    created_at timestamp with time zone DEFAULT now() NOT NULL,
    updated_at timestamp with time zone DEFAULT now() NOT NULL,
    deleted_at timestamp with time zone,
    received_at timestamp with time zone,
    canceled_at timestamp with time zone,
    location_id text,
    requested_at timestamp with time zone,
    created_by text
);


ALTER TABLE public.return OWNER TO marketplace;

--
-- Name: return_display_id_seq; Type: SEQUENCE; Schema: public; Owner: marketplace
--

CREATE SEQUENCE public.return_display_id_seq
    AS integer
    START WITH 1
    INCREMENT BY 1
    NO MINVALUE
    NO MAXVALUE
    CACHE 1;


ALTER TABLE public.return_display_id_seq OWNER TO marketplace;

--
-- Name: return_display_id_seq; Type: SEQUENCE OWNED BY; Schema: public; Owner: marketplace
--

ALTER SEQUENCE public.return_display_id_seq OWNED BY public.return.display_id;


--
-- Name: return_fulfillment; Type: TABLE; Schema: public; Owner: marketplace
--

CREATE TABLE public.return_fulfillment (
    return_id character varying(255) NOT NULL,
    fulfillment_id character varying(255) NOT NULL,
    id character varying(255) NOT NULL,
    created_at timestamp with time zone DEFAULT CURRENT_TIMESTAMP NOT NULL,
    updated_at timestamp with time zone DEFAULT CURRENT_TIMESTAMP NOT NULL,
    deleted_at timestamp with time zone
);


ALTER TABLE public.return_fulfillment OWNER TO marketplace;

--
-- Name: return_item; Type: TABLE; Schema: public; Owner: marketplace
--

CREATE TABLE public.return_item (
    id text NOT NULL,
    return_id text NOT NULL,
    reason_id text,
    item_id text NOT NULL,
    quantity numeric NOT NULL,
    raw_quantity jsonb NOT NULL,
    received_quantity numeric DEFAULT 0 NOT NULL,
    raw_received_quantity jsonb NOT NULL,
    note text,
    metadata jsonb,
    created_at timestamp with time zone DEFAULT now() NOT NULL,
    updated_at timestamp with time zone DEFAULT now() NOT NULL,
    deleted_at timestamp with time zone,
    damaged_quantity numeric DEFAULT 0 NOT NULL,
    raw_damaged_quantity jsonb NOT NULL
);


ALTER TABLE public.return_item OWNER TO marketplace;

--
-- Name: return_reason; Type: TABLE; Schema: public; Owner: marketplace
--

CREATE TABLE public.return_reason (
    id character varying NOT NULL,
    value character varying NOT NULL,
    label character varying NOT NULL,
    description character varying,
    metadata jsonb,
    parent_return_reason_id character varying,
    created_at timestamp with time zone DEFAULT now() NOT NULL,
    updated_at timestamp with time zone DEFAULT now() NOT NULL,
    deleted_at timestamp with time zone
);


ALTER TABLE public.return_reason OWNER TO marketplace;

--
-- Name: sales_channel; Type: TABLE; Schema: public; Owner: marketplace
--

CREATE TABLE public.sales_channel (
    id text NOT NULL,
    name text NOT NULL,
    description text,
    is_disabled boolean DEFAULT false NOT NULL,
    metadata jsonb,
    created_at timestamp with time zone DEFAULT now() NOT NULL,
    updated_at timestamp with time zone DEFAULT now() NOT NULL,
    deleted_at timestamp with time zone
);


ALTER TABLE public.sales_channel OWNER TO marketplace;

--
-- Name: sales_channel_stock_location; Type: TABLE; Schema: public; Owner: marketplace
--

CREATE TABLE public.sales_channel_stock_location (
    sales_channel_id character varying(255) NOT NULL,
    stock_location_id character varying(255) NOT NULL,
    id character varying(255) NOT NULL,
    created_at timestamp with time zone DEFAULT CURRENT_TIMESTAMP NOT NULL,
    updated_at timestamp with time zone DEFAULT CURRENT_TIMESTAMP NOT NULL,
    deleted_at timestamp with time zone
);


ALTER TABLE public.sales_channel_stock_location OWNER TO marketplace;

--
-- Name: script_migrations; Type: TABLE; Schema: public; Owner: marketplace
--

CREATE TABLE public.script_migrations (
    id integer NOT NULL,
    script_name character varying(255) NOT NULL,
    created_at timestamp with time zone DEFAULT CURRENT_TIMESTAMP,
    finished_at timestamp with time zone
);


ALTER TABLE public.script_migrations OWNER TO marketplace;

--
-- Name: script_migrations_id_seq; Type: SEQUENCE; Schema: public; Owner: marketplace
--

CREATE SEQUENCE public.script_migrations_id_seq
    AS integer
    START WITH 1
    INCREMENT BY 1
    NO MINVALUE
    NO MAXVALUE
    CACHE 1;


ALTER TABLE public.script_migrations_id_seq OWNER TO marketplace;

--
-- Name: script_migrations_id_seq; Type: SEQUENCE OWNED BY; Schema: public; Owner: marketplace
--

ALTER SEQUENCE public.script_migrations_id_seq OWNED BY public.script_migrations.id;


--
-- Name: service_zone; Type: TABLE; Schema: public; Owner: marketplace
--

CREATE TABLE public.service_zone (
    id text NOT NULL,
    name text NOT NULL,
    metadata jsonb,
    fulfillment_set_id text NOT NULL,
    created_at timestamp with time zone DEFAULT now() NOT NULL,
    updated_at timestamp with time zone DEFAULT now() NOT NULL,
    deleted_at timestamp with time zone
);


ALTER TABLE public.service_zone OWNER TO marketplace;

--
-- Name: shipping_option; Type: TABLE; Schema: public; Owner: marketplace
--

CREATE TABLE public.shipping_option (
    id text NOT NULL,
    name text NOT NULL,
    price_type text DEFAULT 'flat'::text NOT NULL,
    service_zone_id text NOT NULL,
    shipping_profile_id text,
    provider_id text,
    data jsonb,
    metadata jsonb,
    shipping_option_type_id text NOT NULL,
    created_at timestamp with time zone DEFAULT now() NOT NULL,
    updated_at timestamp with time zone DEFAULT now() NOT NULL,
    deleted_at timestamp with time zone,
    CONSTRAINT shipping_option_price_type_check CHECK ((price_type = ANY (ARRAY['calculated'::text, 'flat'::text])))
);


ALTER TABLE public.shipping_option OWNER TO marketplace;

--
-- Name: shipping_option_price_set; Type: TABLE; Schema: public; Owner: marketplace
--

CREATE TABLE public.shipping_option_price_set (
    shipping_option_id character varying(255) NOT NULL,
    price_set_id character varying(255) NOT NULL,
    id character varying(255) NOT NULL,
    created_at timestamp with time zone DEFAULT CURRENT_TIMESTAMP NOT NULL,
    updated_at timestamp with time zone DEFAULT CURRENT_TIMESTAMP NOT NULL,
    deleted_at timestamp with time zone
);


ALTER TABLE public.shipping_option_price_set OWNER TO marketplace;

--
-- Name: shipping_option_rule; Type: TABLE; Schema: public; Owner: marketplace
--

CREATE TABLE public.shipping_option_rule (
    id text NOT NULL,
    attribute text NOT NULL,
    operator text NOT NULL,
    value jsonb,
    shipping_option_id text NOT NULL,
    created_at timestamp with time zone DEFAULT now() NOT NULL,
    updated_at timestamp with time zone DEFAULT now() NOT NULL,
    deleted_at timestamp with time zone,
    CONSTRAINT shipping_option_rule_operator_check CHECK ((operator = ANY (ARRAY['in'::text, 'eq'::text, 'ne'::text, 'gt'::text, 'gte'::text, 'lt'::text, 'lte'::text, 'nin'::text])))
);


ALTER TABLE public.shipping_option_rule OWNER TO marketplace;

--
-- Name: shipping_option_type; Type: TABLE; Schema: public; Owner: marketplace
--

CREATE TABLE public.shipping_option_type (
    id text NOT NULL,
    label text NOT NULL,
    description text,
    code text NOT NULL,
    created_at timestamp with time zone DEFAULT now() NOT NULL,
    updated_at timestamp with time zone DEFAULT now() NOT NULL,
    deleted_at timestamp with time zone
);


ALTER TABLE public.shipping_option_type OWNER TO marketplace;

--
-- Name: shipping_profile; Type: TABLE; Schema: public; Owner: marketplace
--

CREATE TABLE public.shipping_profile (
    id text NOT NULL,
    name text NOT NULL,
    type text NOT NULL,
    metadata jsonb,
    created_at timestamp with time zone DEFAULT now() NOT NULL,
    updated_at timestamp with time zone DEFAULT now() NOT NULL,
    deleted_at timestamp with time zone
);


ALTER TABLE public.shipping_profile OWNER TO marketplace;

--
-- Name: stock_location; Type: TABLE; Schema: public; Owner: marketplace
--

CREATE TABLE public.stock_location (
    id text NOT NULL,
    created_at timestamp with time zone DEFAULT now() NOT NULL,
    updated_at timestamp with time zone DEFAULT now() NOT NULL,
    deleted_at timestamp with time zone,
    name text NOT NULL,
    address_id text,
    metadata jsonb
);


ALTER TABLE public.stock_location OWNER TO marketplace;

--
-- Name: stock_location_address; Type: TABLE; Schema: public; Owner: marketplace
--

CREATE TABLE public.stock_location_address (
    id text NOT NULL,
    created_at timestamp with time zone DEFAULT now() NOT NULL,
    updated_at timestamp with time zone DEFAULT now() NOT NULL,
    deleted_at timestamp with time zone,
    address_1 text NOT NULL,
    address_2 text,
    company text,
    city text,
    country_code text NOT NULL,
    phone text,
    province text,
    postal_code text,
    metadata jsonb
);


ALTER TABLE public.stock_location_address OWNER TO marketplace;

--
-- Name: store; Type: TABLE; Schema: public; Owner: marketplace
--

CREATE TABLE public.store (
    id text NOT NULL,
    name text DEFAULT 'Medusa Store'::text NOT NULL,
    default_sales_channel_id text,
    default_region_id text,
    default_location_id text,
    metadata jsonb,
    created_at timestamp with time zone DEFAULT now() NOT NULL,
    updated_at timestamp with time zone DEFAULT now() NOT NULL,
    deleted_at timestamp with time zone
);


ALTER TABLE public.store OWNER TO marketplace;

--
-- Name: store_currency; Type: TABLE; Schema: public; Owner: marketplace
--

CREATE TABLE public.store_currency (
    id text NOT NULL,
    currency_code text NOT NULL,
    is_default boolean DEFAULT false NOT NULL,
    store_id text,
    created_at timestamp with time zone DEFAULT now() NOT NULL,
    updated_at timestamp with time zone DEFAULT now() NOT NULL,
    deleted_at timestamp with time zone
);


ALTER TABLE public.store_currency OWNER TO marketplace;

--
-- Name: tax_provider; Type: TABLE; Schema: public; Owner: marketplace
--

CREATE TABLE public.tax_provider (
    id text NOT NULL,
    is_enabled boolean DEFAULT true NOT NULL,
    created_at timestamp with time zone DEFAULT now() NOT NULL,
    updated_at timestamp with time zone DEFAULT now() NOT NULL,
    deleted_at timestamp with time zone
);


ALTER TABLE public.tax_provider OWNER TO marketplace;

--
-- Name: tax_rate; Type: TABLE; Schema: public; Owner: marketplace
--

CREATE TABLE public.tax_rate (
    id text NOT NULL,
    rate real,
    code text NOT NULL,
    name text NOT NULL,
    is_default boolean DEFAULT false NOT NULL,
    is_combinable boolean DEFAULT false NOT NULL,
    tax_region_id text NOT NULL,
    metadata jsonb,
    created_at timestamp with time zone DEFAULT now() NOT NULL,
    updated_at timestamp with time zone DEFAULT now() NOT NULL,
    created_by text,
    deleted_at timestamp with time zone
);


ALTER TABLE public.tax_rate OWNER TO marketplace;

--
-- Name: tax_rate_rule; Type: TABLE; Schema: public; Owner: marketplace
--

CREATE TABLE public.tax_rate_rule (
    id text NOT NULL,
    tax_rate_id text NOT NULL,
    reference_id text NOT NULL,
    reference text NOT NULL,
    metadata jsonb,
    created_at timestamp with time zone DEFAULT now() NOT NULL,
    updated_at timestamp with time zone DEFAULT now() NOT NULL,
    created_by text,
    deleted_at timestamp with time zone
);


ALTER TABLE public.tax_rate_rule OWNER TO marketplace;

--
-- Name: tax_region; Type: TABLE; Schema: public; Owner: marketplace
--

CREATE TABLE public.tax_region (
    id text NOT NULL,
    provider_id text,
    country_code text NOT NULL,
    province_code text,
    parent_id text,
    metadata jsonb,
    created_at timestamp with time zone DEFAULT now() NOT NULL,
    updated_at timestamp with time zone DEFAULT now() NOT NULL,
    created_by text,
    deleted_at timestamp with time zone,
    CONSTRAINT "CK_tax_region_country_top_level" CHECK (((parent_id IS NULL) OR (province_code IS NOT NULL))),
    CONSTRAINT "CK_tax_region_provider_top_level" CHECK (((parent_id IS NULL) OR (provider_id IS NULL)))
);


ALTER TABLE public.tax_region OWNER TO marketplace;

--
-- Name: user; Type: TABLE; Schema: public; Owner: marketplace
--

CREATE TABLE public."user" (
    id text NOT NULL,
    first_name text,
    last_name text,
    email text NOT NULL,
    avatar_url text,
    metadata jsonb,
    created_at timestamp with time zone DEFAULT now() NOT NULL,
    updated_at timestamp with time zone DEFAULT now() NOT NULL,
    deleted_at timestamp with time zone
);


ALTER TABLE public."user" OWNER TO marketplace;

--
-- Name: workflow_execution; Type: TABLE; Schema: public; Owner: marketplace
--

CREATE TABLE public.workflow_execution (
    id character varying NOT NULL,
    workflow_id character varying NOT NULL,
    transaction_id character varying NOT NULL,
    execution jsonb,
    context jsonb,
    state character varying NOT NULL,
    created_at timestamp without time zone DEFAULT now() NOT NULL,
    updated_at timestamp without time zone DEFAULT now() NOT NULL,
    deleted_at timestamp without time zone,
    retention_time integer
);


ALTER TABLE public.workflow_execution OWNER TO marketplace;

--
-- Name: link_module_migrations id; Type: DEFAULT; Schema: public; Owner: marketplace
--

ALTER TABLE ONLY public.link_module_migrations ALTER COLUMN id SET DEFAULT nextval('public.link_module_migrations_id_seq'::regclass);


--
-- Name: mikro_orm_migrations id; Type: DEFAULT; Schema: public; Owner: marketplace
--

ALTER TABLE ONLY public.mikro_orm_migrations ALTER COLUMN id SET DEFAULT nextval('public.mikro_orm_migrations_id_seq'::regclass);


--
-- Name: order display_id; Type: DEFAULT; Schema: public; Owner: marketplace
--

ALTER TABLE ONLY public."order" ALTER COLUMN display_id SET DEFAULT nextval('public.order_display_id_seq'::regclass);


--
-- Name: order_change_action ordering; Type: DEFAULT; Schema: public; Owner: marketplace
--

ALTER TABLE ONLY public.order_change_action ALTER COLUMN ordering SET DEFAULT nextval('public.order_change_action_ordering_seq'::regclass);


--
-- Name: order_claim display_id; Type: DEFAULT; Schema: public; Owner: marketplace
--

ALTER TABLE ONLY public.order_claim ALTER COLUMN display_id SET DEFAULT nextval('public.order_claim_display_id_seq'::regclass);


--
-- Name: order_exchange display_id; Type: DEFAULT; Schema: public; Owner: marketplace
--

ALTER TABLE ONLY public.order_exchange ALTER COLUMN display_id SET DEFAULT nextval('public.order_exchange_display_id_seq'::regclass);


--
-- Name: return display_id; Type: DEFAULT; Schema: public; Owner: marketplace
--

ALTER TABLE ONLY public.return ALTER COLUMN display_id SET DEFAULT nextval('public.return_display_id_seq'::regclass);


--
-- Name: script_migrations id; Type: DEFAULT; Schema: public; Owner: marketplace
--

ALTER TABLE ONLY public.script_migrations ALTER COLUMN id SET DEFAULT nextval('public.script_migrations_id_seq'::regclass);


--
-- Data for Name: account_holder; Type: TABLE DATA; Schema: public; Owner: marketplace
--

COPY public.account_holder (id, provider_id, external_id, email, data, metadata, created_at, updated_at, deleted_at) FROM stdin;
\.


--
-- Data for Name: api_key; Type: TABLE DATA; Schema: public; Owner: marketplace
--

COPY public.api_key (id, token, salt, redacted, title, type, last_used_at, created_by, created_at, revoked_by, revoked_at, updated_at, deleted_at) FROM stdin;
apk_01K4FMC9YN1CTQERNJFW6Q8EQ3	pk_3674d9928e02a60db06eba508b8b7dd7a3d70c9cee8b6ab7c4f5fdcdddc1478f		pk_367***78f	Webshop	publishable	\N		2025-09-06 13:45:15.477+00	\N	\N	2025-09-06 13:45:15.477+00	\N
\.


--
-- Data for Name: application_method_buy_rules; Type: TABLE DATA; Schema: public; Owner: marketplace
--

COPY public.application_method_buy_rules (application_method_id, promotion_rule_id) FROM stdin;
\.


--
-- Data for Name: application_method_target_rules; Type: TABLE DATA; Schema: public; Owner: marketplace
--

COPY public.application_method_target_rules (application_method_id, promotion_rule_id) FROM stdin;
\.


--
-- Data for Name: auth_identity; Type: TABLE DATA; Schema: public; Owner: marketplace
--

COPY public.auth_identity (id, app_metadata, created_at, updated_at, deleted_at) FROM stdin;
authid_01K4FMDW3S6ABHKQCQRXW2WEJC	{"user_id": "user_01K4FMDW0RZS8YN91SCS0QBX79"}	2025-09-06 13:46:06.841+00	2025-09-06 13:46:06.847+00	\N
\.


--
-- Data for Name: capture; Type: TABLE DATA; Schema: public; Owner: marketplace
--

COPY public.capture (id, amount, raw_amount, payment_id, created_at, updated_at, deleted_at, created_by, metadata) FROM stdin;
\.


--
-- Data for Name: cart; Type: TABLE DATA; Schema: public; Owner: marketplace
--

COPY public.cart (id, region_id, customer_id, sales_channel_id, email, currency_code, shipping_address_id, billing_address_id, metadata, created_at, updated_at, deleted_at, completed_at) FROM stdin;
\.


--
-- Data for Name: cart_address; Type: TABLE DATA; Schema: public; Owner: marketplace
--

COPY public.cart_address (id, customer_id, company, first_name, last_name, address_1, address_2, city, country_code, province, postal_code, phone, metadata, created_at, updated_at, deleted_at) FROM stdin;
\.


--
-- Data for Name: cart_line_item; Type: TABLE DATA; Schema: public; Owner: marketplace
--

COPY public.cart_line_item (id, cart_id, title, subtitle, thumbnail, quantity, variant_id, product_id, product_title, product_description, product_subtitle, product_type, product_collection, product_handle, variant_sku, variant_barcode, variant_title, variant_option_values, requires_shipping, is_discountable, is_tax_inclusive, compare_at_unit_price, raw_compare_at_unit_price, unit_price, raw_unit_price, metadata, created_at, updated_at, deleted_at, product_type_id, is_custom_price) FROM stdin;
\.


--
-- Data for Name: cart_line_item_adjustment; Type: TABLE DATA; Schema: public; Owner: marketplace
--

COPY public.cart_line_item_adjustment (id, description, promotion_id, code, amount, raw_amount, provider_id, metadata, created_at, updated_at, deleted_at, item_id) FROM stdin;
\.


--
-- Data for Name: cart_line_item_tax_line; Type: TABLE DATA; Schema: public; Owner: marketplace
--

COPY public.cart_line_item_tax_line (id, description, tax_rate_id, code, rate, provider_id, metadata, created_at, updated_at, deleted_at, item_id) FROM stdin;
\.


--
-- Data for Name: cart_payment_collection; Type: TABLE DATA; Schema: public; Owner: marketplace
--

COPY public.cart_payment_collection (cart_id, payment_collection_id, id, created_at, updated_at, deleted_at) FROM stdin;
\.


--
-- Data for Name: cart_promotion; Type: TABLE DATA; Schema: public; Owner: marketplace
--

COPY public.cart_promotion (cart_id, promotion_id, id, created_at, updated_at, deleted_at) FROM stdin;
\.


--
-- Data for Name: cart_shipping_method; Type: TABLE DATA; Schema: public; Owner: marketplace
--

COPY public.cart_shipping_method (id, cart_id, name, description, amount, raw_amount, is_tax_inclusive, shipping_option_id, data, metadata, created_at, updated_at, deleted_at) FROM stdin;
\.


--
-- Data for Name: cart_shipping_method_adjustment; Type: TABLE DATA; Schema: public; Owner: marketplace
--

COPY public.cart_shipping_method_adjustment (id, description, promotion_id, code, amount, raw_amount, provider_id, metadata, created_at, updated_at, deleted_at, shipping_method_id) FROM stdin;
\.


--
-- Data for Name: cart_shipping_method_tax_line; Type: TABLE DATA; Schema: public; Owner: marketplace
--

COPY public.cart_shipping_method_tax_line (id, description, tax_rate_id, code, rate, provider_id, metadata, created_at, updated_at, deleted_at, shipping_method_id) FROM stdin;
\.


--
-- Data for Name: credit_line; Type: TABLE DATA; Schema: public; Owner: marketplace
--

COPY public.credit_line (id, cart_id, reference, reference_id, amount, raw_amount, metadata, created_at, updated_at, deleted_at) FROM stdin;
\.


--
-- Data for Name: currency; Type: TABLE DATA; Schema: public; Owner: marketplace
--

COPY public.currency (code, symbol, symbol_native, decimal_digits, rounding, raw_rounding, name, created_at, updated_at, deleted_at) FROM stdin;
usd	$	$	2	0	{"value": "0", "precision": 20}	US Dollar	2025-09-06 13:22:18.454+00	2025-09-06 13:22:18.454+00	\N
cad	CA$	$	2	0	{"value": "0", "precision": 20}	Canadian Dollar	2025-09-06 13:22:18.454+00	2025-09-06 13:22:18.454+00	\N
eur			2	0	{"value": "0", "precision": 20}	Euro	2025-09-06 13:22:18.454+00	2025-09-06 13:22:18.454+00	\N
aed	AED	..	2	0	{"value": "0", "precision": 20}	United Arab Emirates Dirham	2025-09-06 13:22:18.454+00	2025-09-06 13:22:18.454+00	\N
afn	Af		0	0	{"value": "0", "precision": 20}	Afghan Afghani	2025-09-06 13:22:18.454+00	2025-09-06 13:22:18.454+00	\N
all	ALL	Lek	0	0	{"value": "0", "precision": 20}	Albanian Lek	2025-09-06 13:22:18.454+00	2025-09-06 13:22:18.454+00	\N
amd	AMD	.	0	0	{"value": "0", "precision": 20}	Armenian Dram	2025-09-06 13:22:18.454+00	2025-09-06 13:22:18.454+00	\N
ars	AR$	$	2	0	{"value": "0", "precision": 20}	Argentine Peso	2025-09-06 13:22:18.454+00	2025-09-06 13:22:18.454+00	\N
aud	AU$	$	2	0	{"value": "0", "precision": 20}	Australian Dollar	2025-09-06 13:22:18.454+00	2025-09-06 13:22:18.454+00	\N
azn	man.	.	2	0	{"value": "0", "precision": 20}	Azerbaijani Manat	2025-09-06 13:22:18.454+00	2025-09-06 13:22:18.454+00	\N
bam	KM	KM	2	0	{"value": "0", "precision": 20}	Bosnia-Herzegovina Convertible Mark	2025-09-06 13:22:18.454+00	2025-09-06 13:22:18.454+00	\N
bdt	Tk		2	0	{"value": "0", "precision": 20}	Bangladeshi Taka	2025-09-06 13:22:18.454+00	2025-09-06 13:22:18.454+00	\N
bgn	BGN	.	2	0	{"value": "0", "precision": 20}	Bulgarian Lev	2025-09-06 13:22:18.454+00	2025-09-06 13:22:18.454+00	\N
bhd	BD	..	3	0	{"value": "0", "precision": 20}	Bahraini Dinar	2025-09-06 13:22:18.454+00	2025-09-06 13:22:18.454+00	\N
bif	FBu	FBu	0	0	{"value": "0", "precision": 20}	Burundian Franc	2025-09-06 13:22:18.454+00	2025-09-06 13:22:18.454+00	\N
bnd	BN$	$	2	0	{"value": "0", "precision": 20}	Brunei Dollar	2025-09-06 13:22:18.454+00	2025-09-06 13:22:18.454+00	\N
bob	Bs	Bs	2	0	{"value": "0", "precision": 20}	Bolivian Boliviano	2025-09-06 13:22:18.454+00	2025-09-06 13:22:18.454+00	\N
brl	R$	R$	2	0	{"value": "0", "precision": 20}	Brazilian Real	2025-09-06 13:22:18.454+00	2025-09-06 13:22:18.454+00	\N
bwp	BWP	P	2	0	{"value": "0", "precision": 20}	Botswanan Pula	2025-09-06 13:22:18.454+00	2025-09-06 13:22:18.454+00	\N
byn	Br	.	2	0	{"value": "0", "precision": 20}	Belarusian Ruble	2025-09-06 13:22:18.454+00	2025-09-06 13:22:18.454+00	\N
bzd	BZ$	$	2	0	{"value": "0", "precision": 20}	Belize Dollar	2025-09-06 13:22:18.454+00	2025-09-06 13:22:18.454+00	\N
cdf	CDF	FrCD	2	0	{"value": "0", "precision": 20}	Congolese Franc	2025-09-06 13:22:18.454+00	2025-09-06 13:22:18.454+00	\N
chf	CHF	CHF	2	0.05	{"value": "0.05", "precision": 20}	Swiss Franc	2025-09-06 13:22:18.454+00	2025-09-06 13:22:18.454+00	\N
clp	CL$	$	0	0	{"value": "0", "precision": 20}	Chilean Peso	2025-09-06 13:22:18.454+00	2025-09-06 13:22:18.454+00	\N
cny	CN	CN	2	0	{"value": "0", "precision": 20}	Chinese Yuan	2025-09-06 13:22:18.454+00	2025-09-06 13:22:18.454+00	\N
cop	CO$	$	0	0	{"value": "0", "precision": 20}	Colombian Peso	2025-09-06 13:22:18.454+00	2025-09-06 13:22:18.454+00	\N
crc			0	0	{"value": "0", "precision": 20}	Costa Rican Coln	2025-09-06 13:22:18.454+00	2025-09-06 13:22:18.454+00	\N
cve	CV$	CV$	2	0	{"value": "0", "precision": 20}	Cape Verdean Escudo	2025-09-06 13:22:18.454+00	2025-09-06 13:22:18.454+00	\N
czk	K	K	2	0	{"value": "0", "precision": 20}	Czech Republic Koruna	2025-09-06 13:22:18.454+00	2025-09-06 13:22:18.454+00	\N
djf	Fdj	Fdj	0	0	{"value": "0", "precision": 20}	Djiboutian Franc	2025-09-06 13:22:18.454+00	2025-09-06 13:22:18.454+00	\N
dkk	Dkr	kr	2	0	{"value": "0", "precision": 20}	Danish Krone	2025-09-06 13:22:18.454+00	2025-09-06 13:22:18.454+00	\N
dop	RD$	RD$	2	0	{"value": "0", "precision": 20}	Dominican Peso	2025-09-06 13:22:18.454+00	2025-09-06 13:22:18.454+00	\N
dzd	DA	..	2	0	{"value": "0", "precision": 20}	Algerian Dinar	2025-09-06 13:22:18.454+00	2025-09-06 13:22:18.454+00	\N
eek	Ekr	kr	2	0	{"value": "0", "precision": 20}	Estonian Kroon	2025-09-06 13:22:18.454+00	2025-09-06 13:22:18.454+00	\N
egp	EGP	..	2	0	{"value": "0", "precision": 20}	Egyptian Pound	2025-09-06 13:22:18.455+00	2025-09-06 13:22:18.455+00	\N
ern	Nfk	Nfk	2	0	{"value": "0", "precision": 20}	Eritrean Nakfa	2025-09-06 13:22:18.455+00	2025-09-06 13:22:18.455+00	\N
etb	Br	Br	2	0	{"value": "0", "precision": 20}	Ethiopian Birr	2025-09-06 13:22:18.455+00	2025-09-06 13:22:18.455+00	\N
gbp			2	0	{"value": "0", "precision": 20}	British Pound Sterling	2025-09-06 13:22:18.455+00	2025-09-06 13:22:18.455+00	\N
gel	GEL	GEL	2	0	{"value": "0", "precision": 20}	Georgian Lari	2025-09-06 13:22:18.455+00	2025-09-06 13:22:18.455+00	\N
ghs	GH	GH	2	0	{"value": "0", "precision": 20}	Ghanaian Cedi	2025-09-06 13:22:18.455+00	2025-09-06 13:22:18.455+00	\N
gnf	FG	FG	0	0	{"value": "0", "precision": 20}	Guinean Franc	2025-09-06 13:22:18.455+00	2025-09-06 13:22:18.455+00	\N
gtq	GTQ	Q	2	0	{"value": "0", "precision": 20}	Guatemalan Quetzal	2025-09-06 13:22:18.455+00	2025-09-06 13:22:18.455+00	\N
hkd	HK$	$	2	0	{"value": "0", "precision": 20}	Hong Kong Dollar	2025-09-06 13:22:18.455+00	2025-09-06 13:22:18.455+00	\N
hnl	HNL	L	2	0	{"value": "0", "precision": 20}	Honduran Lempira	2025-09-06 13:22:18.455+00	2025-09-06 13:22:18.455+00	\N
hrk	kn	kn	2	0	{"value": "0", "precision": 20}	Croatian Kuna	2025-09-06 13:22:18.455+00	2025-09-06 13:22:18.455+00	\N
huf	Ft	Ft	0	0	{"value": "0", "precision": 20}	Hungarian Forint	2025-09-06 13:22:18.455+00	2025-09-06 13:22:18.455+00	\N
idr	Rp	Rp	0	0	{"value": "0", "precision": 20}	Indonesian Rupiah	2025-09-06 13:22:18.455+00	2025-09-06 13:22:18.455+00	\N
ils			2	0	{"value": "0", "precision": 20}	Israeli New Sheqel	2025-09-06 13:22:18.455+00	2025-09-06 13:22:18.455+00	\N
inr	Rs		2	0	{"value": "0", "precision": 20}	Indian Rupee	2025-09-06 13:22:18.455+00	2025-09-06 13:22:18.455+00	\N
iqd	IQD	..	0	0	{"value": "0", "precision": 20}	Iraqi Dinar	2025-09-06 13:22:18.455+00	2025-09-06 13:22:18.455+00	\N
irr	IRR		0	0	{"value": "0", "precision": 20}	Iranian Rial	2025-09-06 13:22:18.455+00	2025-09-06 13:22:18.455+00	\N
isk	Ikr	kr	0	0	{"value": "0", "precision": 20}	Icelandic Krna	2025-09-06 13:22:18.455+00	2025-09-06 13:22:18.455+00	\N
jmd	J$	$	2	0	{"value": "0", "precision": 20}	Jamaican Dollar	2025-09-06 13:22:18.455+00	2025-09-06 13:22:18.455+00	\N
jod	JD	..	3	0	{"value": "0", "precision": 20}	Jordanian Dinar	2025-09-06 13:22:18.455+00	2025-09-06 13:22:18.455+00	\N
jpy			0	0	{"value": "0", "precision": 20}	Japanese Yen	2025-09-06 13:22:18.455+00	2025-09-06 13:22:18.455+00	\N
kes	Ksh	Ksh	2	0	{"value": "0", "precision": 20}	Kenyan Shilling	2025-09-06 13:22:18.455+00	2025-09-06 13:22:18.455+00	\N
khr	KHR		2	0	{"value": "0", "precision": 20}	Cambodian Riel	2025-09-06 13:22:18.455+00	2025-09-06 13:22:18.455+00	\N
kmf	CF	FC	0	0	{"value": "0", "precision": 20}	Comorian Franc	2025-09-06 13:22:18.455+00	2025-09-06 13:22:18.455+00	\N
krw			0	0	{"value": "0", "precision": 20}	South Korean Won	2025-09-06 13:22:18.455+00	2025-09-06 13:22:18.455+00	\N
kwd	KD	..	3	0	{"value": "0", "precision": 20}	Kuwaiti Dinar	2025-09-06 13:22:18.455+00	2025-09-06 13:22:18.455+00	\N
kzt	KZT	.	2	0	{"value": "0", "precision": 20}	Kazakhstani Tenge	2025-09-06 13:22:18.455+00	2025-09-06 13:22:18.455+00	\N
lbp	LB	..	0	0	{"value": "0", "precision": 20}	Lebanese Pound	2025-09-06 13:22:18.455+00	2025-09-06 13:22:18.455+00	\N
lkr	SLRs	SL Re	2	0	{"value": "0", "precision": 20}	Sri Lankan Rupee	2025-09-06 13:22:18.455+00	2025-09-06 13:22:18.455+00	\N
ltl	Lt	Lt	2	0	{"value": "0", "precision": 20}	Lithuanian Litas	2025-09-06 13:22:18.455+00	2025-09-06 13:22:18.455+00	\N
lvl	Ls	Ls	2	0	{"value": "0", "precision": 20}	Latvian Lats	2025-09-06 13:22:18.455+00	2025-09-06 13:22:18.455+00	\N
lyd	LD	..	3	0	{"value": "0", "precision": 20}	Libyan Dinar	2025-09-06 13:22:18.455+00	2025-09-06 13:22:18.455+00	\N
mad	MAD	..	2	0	{"value": "0", "precision": 20}	Moroccan Dirham	2025-09-06 13:22:18.455+00	2025-09-06 13:22:18.455+00	\N
mdl	MDL	MDL	2	0	{"value": "0", "precision": 20}	Moldovan Leu	2025-09-06 13:22:18.455+00	2025-09-06 13:22:18.455+00	\N
mga	MGA	MGA	0	0	{"value": "0", "precision": 20}	Malagasy Ariary	2025-09-06 13:22:18.455+00	2025-09-06 13:22:18.455+00	\N
mkd	MKD	MKD	2	0	{"value": "0", "precision": 20}	Macedonian Denar	2025-09-06 13:22:18.455+00	2025-09-06 13:22:18.455+00	\N
mmk	MMK	K	0	0	{"value": "0", "precision": 20}	Myanma Kyat	2025-09-06 13:22:18.455+00	2025-09-06 13:22:18.455+00	\N
mnt	MNT		0	0	{"value": "0", "precision": 20}	Mongolian Tugrig	2025-09-06 13:22:18.455+00	2025-09-06 13:22:18.455+00	\N
mop	MOP$	MOP$	2	0	{"value": "0", "precision": 20}	Macanese Pataca	2025-09-06 13:22:18.455+00	2025-09-06 13:22:18.455+00	\N
mur	MURs	MURs	0	0	{"value": "0", "precision": 20}	Mauritian Rupee	2025-09-06 13:22:18.455+00	2025-09-06 13:22:18.455+00	\N
mxn	MX$	$	2	0	{"value": "0", "precision": 20}	Mexican Peso	2025-09-06 13:22:18.455+00	2025-09-06 13:22:18.455+00	\N
myr	RM	RM	2	0	{"value": "0", "precision": 20}	Malaysian Ringgit	2025-09-06 13:22:18.455+00	2025-09-06 13:22:18.455+00	\N
mzn	MTn	MTn	2	0	{"value": "0", "precision": 20}	Mozambican Metical	2025-09-06 13:22:18.455+00	2025-09-06 13:22:18.455+00	\N
nad	N$	N$	2	0	{"value": "0", "precision": 20}	Namibian Dollar	2025-09-06 13:22:18.455+00	2025-09-06 13:22:18.455+00	\N
ngn			2	0	{"value": "0", "precision": 20}	Nigerian Naira	2025-09-06 13:22:18.455+00	2025-09-06 13:22:18.455+00	\N
nio	C$	C$	2	0	{"value": "0", "precision": 20}	Nicaraguan Crdoba	2025-09-06 13:22:18.455+00	2025-09-06 13:22:18.455+00	\N
nok	Nkr	kr	2	0	{"value": "0", "precision": 20}	Norwegian Krone	2025-09-06 13:22:18.455+00	2025-09-06 13:22:18.455+00	\N
npr	NPRs		2	0	{"value": "0", "precision": 20}	Nepalese Rupee	2025-09-06 13:22:18.455+00	2025-09-06 13:22:18.455+00	\N
nzd	NZ$	$	2	0	{"value": "0", "precision": 20}	New Zealand Dollar	2025-09-06 13:22:18.455+00	2025-09-06 13:22:18.455+00	\N
omr	OMR	..	3	0	{"value": "0", "precision": 20}	Omani Rial	2025-09-06 13:22:18.455+00	2025-09-06 13:22:18.455+00	\N
pab	B/.	B/.	2	0	{"value": "0", "precision": 20}	Panamanian Balboa	2025-09-06 13:22:18.455+00	2025-09-06 13:22:18.455+00	\N
pen	S/.	S/.	2	0	{"value": "0", "precision": 20}	Peruvian Nuevo Sol	2025-09-06 13:22:18.455+00	2025-09-06 13:22:18.455+00	\N
php			2	0	{"value": "0", "precision": 20}	Philippine Peso	2025-09-06 13:22:18.455+00	2025-09-06 13:22:18.455+00	\N
pkr	PKRs		0	0	{"value": "0", "precision": 20}	Pakistani Rupee	2025-09-06 13:22:18.455+00	2025-09-06 13:22:18.455+00	\N
pln	z	z	2	0	{"value": "0", "precision": 20}	Polish Zloty	2025-09-06 13:22:18.455+00	2025-09-06 13:22:18.455+00	\N
pyg			0	0	{"value": "0", "precision": 20}	Paraguayan Guarani	2025-09-06 13:22:18.455+00	2025-09-06 13:22:18.455+00	\N
qar	QR	..	2	0	{"value": "0", "precision": 20}	Qatari Rial	2025-09-06 13:22:18.455+00	2025-09-06 13:22:18.455+00	\N
ron	RON	RON	2	0	{"value": "0", "precision": 20}	Romanian Leu	2025-09-06 13:22:18.455+00	2025-09-06 13:22:18.455+00	\N
rsd	din.	.	0	0	{"value": "0", "precision": 20}	Serbian Dinar	2025-09-06 13:22:18.455+00	2025-09-06 13:22:18.455+00	\N
rub	RUB	.	2	0	{"value": "0", "precision": 20}	Russian Ruble	2025-09-06 13:22:18.455+00	2025-09-06 13:22:18.455+00	\N
rwf	RWF	FR	0	0	{"value": "0", "precision": 20}	Rwandan Franc	2025-09-06 13:22:18.455+00	2025-09-06 13:22:18.455+00	\N
sar	SR	..	2	0	{"value": "0", "precision": 20}	Saudi Riyal	2025-09-06 13:22:18.455+00	2025-09-06 13:22:18.455+00	\N
sdg	SDG	SDG	2	0	{"value": "0", "precision": 20}	Sudanese Pound	2025-09-06 13:22:18.455+00	2025-09-06 13:22:18.455+00	\N
sek	Skr	kr	2	0	{"value": "0", "precision": 20}	Swedish Krona	2025-09-06 13:22:18.455+00	2025-09-06 13:22:18.455+00	\N
sgd	S$	$	2	0	{"value": "0", "precision": 20}	Singapore Dollar	2025-09-06 13:22:18.455+00	2025-09-06 13:22:18.455+00	\N
sos	Ssh	Ssh	0	0	{"value": "0", "precision": 20}	Somali Shilling	2025-09-06 13:22:18.455+00	2025-09-06 13:22:18.455+00	\N
syp	SY	..	0	0	{"value": "0", "precision": 20}	Syrian Pound	2025-09-06 13:22:18.455+00	2025-09-06 13:22:18.455+00	\N
thb			2	0	{"value": "0", "precision": 20}	Thai Baht	2025-09-06 13:22:18.455+00	2025-09-06 13:22:18.455+00	\N
tnd	DT	..	3	0	{"value": "0", "precision": 20}	Tunisian Dinar	2025-09-06 13:22:18.455+00	2025-09-06 13:22:18.455+00	\N
top	T$	T$	2	0	{"value": "0", "precision": 20}	Tongan Paanga	2025-09-06 13:22:18.455+00	2025-09-06 13:22:18.455+00	\N
try			2	0	{"value": "0", "precision": 20}	Turkish Lira	2025-09-06 13:22:18.455+00	2025-09-06 13:22:18.455+00	\N
ttd	TT$	$	2	0	{"value": "0", "precision": 20}	Trinidad and Tobago Dollar	2025-09-06 13:22:18.455+00	2025-09-06 13:22:18.455+00	\N
twd	NT$	NT$	2	0	{"value": "0", "precision": 20}	New Taiwan Dollar	2025-09-06 13:22:18.455+00	2025-09-06 13:22:18.455+00	\N
tzs	TSh	TSh	0	0	{"value": "0", "precision": 20}	Tanzanian Shilling	2025-09-06 13:22:18.455+00	2025-09-06 13:22:18.455+00	\N
uah			2	0	{"value": "0", "precision": 20}	Ukrainian Hryvnia	2025-09-06 13:22:18.455+00	2025-09-06 13:22:18.455+00	\N
ugx	USh	USh	0	0	{"value": "0", "precision": 20}	Ugandan Shilling	2025-09-06 13:22:18.455+00	2025-09-06 13:22:18.455+00	\N
uyu	$U	$	2	0	{"value": "0", "precision": 20}	Uruguayan Peso	2025-09-06 13:22:18.455+00	2025-09-06 13:22:18.455+00	\N
uzs	UZS	UZS	0	0	{"value": "0", "precision": 20}	Uzbekistan Som	2025-09-06 13:22:18.455+00	2025-09-06 13:22:18.455+00	\N
vef	Bs.F.	Bs.F.	2	0	{"value": "0", "precision": 20}	Venezuelan Bolvar	2025-09-06 13:22:18.455+00	2025-09-06 13:22:18.455+00	\N
vnd			0	0	{"value": "0", "precision": 20}	Vietnamese Dong	2025-09-06 13:22:18.455+00	2025-09-06 13:22:18.455+00	\N
xaf	FCFA	FCFA	0	0	{"value": "0", "precision": 20}	CFA Franc BEAC	2025-09-06 13:22:18.455+00	2025-09-06 13:22:18.455+00	\N
xof	CFA	CFA	0	0	{"value": "0", "precision": 20}	CFA Franc BCEAO	2025-09-06 13:22:18.455+00	2025-09-06 13:22:18.455+00	\N
yer	YR	..	0	0	{"value": "0", "precision": 20}	Yemeni Rial	2025-09-06 13:22:18.455+00	2025-09-06 13:22:18.455+00	\N
zar	R	R	2	0	{"value": "0", "precision": 20}	South African Rand	2025-09-06 13:22:18.455+00	2025-09-06 13:22:18.455+00	\N
zmk	ZK	ZK	0	0	{"value": "0", "precision": 20}	Zambian Kwacha	2025-09-06 13:22:18.455+00	2025-09-06 13:22:18.455+00	\N
zwl	ZWL$	ZWL$	0	0	{"value": "0", "precision": 20}	Zimbabwean Dollar	2025-09-06 13:22:18.455+00	2025-09-06 13:22:18.455+00	\N
\.


--
-- Data for Name: customer; Type: TABLE DATA; Schema: public; Owner: marketplace
--

COPY public.customer (id, company_name, first_name, last_name, email, phone, has_account, metadata, created_at, updated_at, deleted_at, created_by) FROM stdin;
\.


--
-- Data for Name: customer_account_holder; Type: TABLE DATA; Schema: public; Owner: marketplace
--

COPY public.customer_account_holder (customer_id, account_holder_id, id, created_at, updated_at, deleted_at) FROM stdin;
\.


--
-- Data for Name: customer_address; Type: TABLE DATA; Schema: public; Owner: marketplace
--

COPY public.customer_address (id, customer_id, address_name, is_default_shipping, is_default_billing, company, first_name, last_name, address_1, address_2, city, country_code, province, postal_code, phone, metadata, created_at, updated_at, deleted_at) FROM stdin;
\.


--
-- Data for Name: customer_group; Type: TABLE DATA; Schema: public; Owner: marketplace
--

COPY public.customer_group (id, name, metadata, created_by, created_at, updated_at, deleted_at) FROM stdin;
\.


--
-- Data for Name: customer_group_customer; Type: TABLE DATA; Schema: public; Owner: marketplace
--

COPY public.customer_group_customer (id, customer_id, customer_group_id, metadata, created_at, updated_at, created_by, deleted_at) FROM stdin;
\.


--
-- Data for Name: digital_product; Type: TABLE DATA; Schema: public; Owner: marketplace
--

COPY public.digital_product (id, name, created_at, updated_at, deleted_at) FROM stdin;
01K4G8ZZN6ESHBAB1S3J79GN85	My Digital Book 	2025-09-06 19:45:31.814+00	2025-09-06 19:45:31.814+00	\N
\.


--
-- Data for Name: digital_product_media; Type: TABLE DATA; Schema: public; Owner: marketplace
--

COPY public.digital_product_media (id, type, "fileId", "mimeType", digital_product_id, created_at, updated_at, deleted_at) FROM stdin;
01K4G8ZZN6K6GFFRWDNTQ35JBY	preview	1757187931716-microsoft-office-pdf-document.jpg	image/jpeg	01K4G8ZZN6ESHBAB1S3J79GN85	2025-09-06 19:45:31.814+00	2025-09-06 19:45:31.814+00	\N
01K4G8ZZNDFHQ252PMK32X1GQD	preview	1757187931716-microsoft-office-pdf-document.jpg	image/jpeg	01K4G8ZZN6ESHBAB1S3J79GN85	2025-09-06 19:45:31.821+00	2025-09-06 19:45:31.821+00	\N
\.


--
-- Data for Name: digital_product_order; Type: TABLE DATA; Schema: public; Owner: marketplace
--

COPY public.digital_product_order (id, status, created_at, updated_at, deleted_at) FROM stdin;
\.


--
-- Data for Name: digitalproduct_digitalproductorders; Type: TABLE DATA; Schema: public; Owner: marketplace
--

COPY public.digitalproduct_digitalproductorders (digital_product_id, digital_product_order_id) FROM stdin;
\.


--
-- Data for Name: digitalproductmodule_digital_product_order_order_order; Type: TABLE DATA; Schema: public; Owner: marketplace
--

COPY public.digitalproductmodule_digital_product_order_order_order (digital_product_order_id, order_id, id, created_at, updated_at, deleted_at) FROM stdin;
\.


--
-- Data for Name: digitalproductmodule_digital_product_variant-537762e25; Type: TABLE DATA; Schema: public; Owner: marketplace
--

COPY public."digitalproductmodule_digital_product_variant-537762e25" (digital_product_id, product_variant_id, id, created_at, updated_at, deleted_at) FROM stdin;
01K4G8ZZN6ESHBAB1S3J79GN85	variant_01K4G8ZZKJR8YFSW1ZDA5DZ04Z	link_01K4G8ZZNFA4P9MEVSFWDCYMY3	2025-09-06 19:45:31.823266+00	2025-09-06 19:45:31.823266+00	\N
\.


--
-- Data for Name: fulfillment; Type: TABLE DATA; Schema: public; Owner: marketplace
--

COPY public.fulfillment (id, location_id, packed_at, shipped_at, delivered_at, canceled_at, data, provider_id, shipping_option_id, metadata, delivery_address_id, created_at, updated_at, deleted_at, marked_shipped_by, created_by, requires_shipping) FROM stdin;
\.


--
-- Data for Name: fulfillment_address; Type: TABLE DATA; Schema: public; Owner: marketplace
--

COPY public.fulfillment_address (id, company, first_name, last_name, address_1, address_2, city, country_code, province, postal_code, phone, metadata, created_at, updated_at, deleted_at) FROM stdin;
\.


--
-- Data for Name: fulfillment_item; Type: TABLE DATA; Schema: public; Owner: marketplace
--

COPY public.fulfillment_item (id, title, sku, barcode, quantity, raw_quantity, line_item_id, inventory_item_id, fulfillment_id, created_at, updated_at, deleted_at) FROM stdin;
\.


--
-- Data for Name: fulfillment_label; Type: TABLE DATA; Schema: public; Owner: marketplace
--

COPY public.fulfillment_label (id, tracking_number, tracking_url, label_url, fulfillment_id, created_at, updated_at, deleted_at) FROM stdin;
\.


--
-- Data for Name: fulfillment_provider; Type: TABLE DATA; Schema: public; Owner: marketplace
--

COPY public.fulfillment_provider (id, is_enabled, created_at, updated_at, deleted_at) FROM stdin;
digital_digital	t	2025-09-06 13:22:18.552+00	2025-09-06 13:22:18.552+00	\N
manual_manual	t	2025-09-06 13:22:18.552+00	2025-09-06 13:22:18.552+00	\N
\.


--
-- Data for Name: fulfillment_set; Type: TABLE DATA; Schema: public; Owner: marketplace
--

COPY public.fulfillment_set (id, name, type, metadata, created_at, updated_at, deleted_at) FROM stdin;
fuset_01K4FMC9WXC46P3N9Y7FWKN81F	European Warehouse delivery	shipping	\N	2025-09-06 13:45:15.421+00	2025-09-06 13:45:15.421+00	\N
\.


--
-- Data for Name: geo_zone; Type: TABLE DATA; Schema: public; Owner: marketplace
--

COPY public.geo_zone (id, type, country_code, province_code, city, service_zone_id, postal_expression, metadata, created_at, updated_at, deleted_at) FROM stdin;
fgz_01K4G8JJR7TH879SPQG4D9WS39	country	gb	\N	\N	serzo_01K4FMC9WXFMYGT1H5MGZYBC7K	\N	\N	2025-09-06 19:38:12.615+00	2025-09-06 19:38:12.615+00	\N
\.


--
-- Data for Name: image; Type: TABLE DATA; Schema: public; Owner: marketplace
--

COPY public.image (id, url, metadata, created_at, updated_at, deleted_at, rank, product_id) FROM stdin;
img_01K4FMC9Z9VK94S5HMDVWATA57	https://medusa-public-images.s3.eu-west-1.amazonaws.com/tee-black-front.png	\N	2025-09-06 13:45:15.498+00	2025-09-06 13:45:15.498+00	\N	0	prod_01K4FMC9Z74RRZ0MG6RGRSP4SR
img_01K4FMC9Z93KK24BJJYVW58J8S	https://medusa-public-images.s3.eu-west-1.amazonaws.com/tee-black-back.png	\N	2025-09-06 13:45:15.498+00	2025-09-06 13:45:15.498+00	\N	1	prod_01K4FMC9Z74RRZ0MG6RGRSP4SR
img_01K4FMC9Z9CZV54JW2Z7KXG8GX	https://medusa-public-images.s3.eu-west-1.amazonaws.com/tee-white-front.png	\N	2025-09-06 13:45:15.498+00	2025-09-06 13:45:15.498+00	\N	2	prod_01K4FMC9Z74RRZ0MG6RGRSP4SR
img_01K4FMC9Z98QKEF5SMPXD79GC4	https://medusa-public-images.s3.eu-west-1.amazonaws.com/tee-white-back.png	\N	2025-09-06 13:45:15.498+00	2025-09-06 13:45:15.498+00	\N	3	prod_01K4FMC9Z74RRZ0MG6RGRSP4SR
img_01K4FMCA1BEBZF5DJR61Y3N0JZ	https://medusa-public-images.s3.eu-west-1.amazonaws.com/sweatshirt-vintage-front.png	\N	2025-09-06 13:45:15.564+00	2025-09-06 13:45:15.564+00	\N	0	prod_01K4FMCA1B93S2Q35MCB4S68E6
img_01K4FMCA1BR4PKDVV6SN9MX49X	https://medusa-public-images.s3.eu-west-1.amazonaws.com/sweatshirt-vintage-back.png	\N	2025-09-06 13:45:15.564+00	2025-09-06 13:45:15.564+00	\N	1	prod_01K4FMCA1B93S2Q35MCB4S68E6
img_01K4FMCA2BQCDYZ644T628CPB2	https://medusa-public-images.s3.eu-west-1.amazonaws.com/sweatpants-gray-front.png	\N	2025-09-06 13:45:15.596+00	2025-09-06 13:45:15.596+00	\N	0	prod_01K4FMCA2BA9S7E0S90KZ713R9
img_01K4FMCA2BJGQJ5RCZNN5023VK	https://medusa-public-images.s3.eu-west-1.amazonaws.com/sweatpants-gray-back.png	\N	2025-09-06 13:45:15.596+00	2025-09-06 13:45:15.596+00	\N	1	prod_01K4FMCA2BA9S7E0S90KZ713R9
img_01K4FMCA3B0EEK4J07EH4H5226	https://medusa-public-images.s3.eu-west-1.amazonaws.com/shorts-vintage-front.png	\N	2025-09-06 13:45:15.627+00	2025-09-06 13:45:15.627+00	\N	0	prod_01K4FMCA3AG04F6E0WPT8RWZYD
img_01K4FMCA3BA97D18961AHPGCT7	https://medusa-public-images.s3.eu-west-1.amazonaws.com/shorts-vintage-back.png	\N	2025-09-06 13:45:15.627+00	2025-09-06 13:45:15.627+00	\N	1	prod_01K4FMCA3AG04F6E0WPT8RWZYD
img_01K4G90C07D587S16K6XEH39H3	http://localhost:9000/static/1757187944422-microsoft-office-pdf-document.jpg	\N	2025-09-06 19:45:44.443198+00	2025-09-06 19:45:44.443198+00	\N	0	prod_01K4G8ZZJJP9WRVM2W3WCJQWNN
\.


--
-- Data for Name: inventory_item; Type: TABLE DATA; Schema: public; Owner: marketplace
--

COPY public.inventory_item (id, created_at, updated_at, deleted_at, sku, origin_country, hs_code, mid_code, material, weight, length, height, width, requires_shipping, description, title, thumbnail, metadata) FROM stdin;
iitem_01K4G8ZZKYMP54SBJJSHVQ3GP3	2025-09-06 19:45:31.774+00	2025-09-06 19:46:06.246+00	\N	123	\N	\N	\N	\N	\N	\N	\N	\N	t	My Digital Book 	My Digital Book 	\N	\N
\.


--
-- Data for Name: inventory_level; Type: TABLE DATA; Schema: public; Owner: marketplace
--

COPY public.inventory_level (id, created_at, updated_at, deleted_at, inventory_item_id, location_id, stocked_quantity, reserved_quantity, incoming_quantity, metadata, raw_stocked_quantity, raw_reserved_quantity, raw_incoming_quantity) FROM stdin;
ilev_01K4G90QZ0HS2GJVVHKP5WKTD7	2025-09-06 19:45:56.704+00	2025-09-06 19:46:17.431+00	\N	iitem_01K4G8ZZKYMP54SBJJSHVQ3GP3	sloc_01K4FMC9WH1HBGWY8F892HN3V0	100	0	0	\N	{"value": "100", "precision": 20}	{"value": "0", "precision": 20}	{"value": "0", "precision": 20}
\.


--
-- Data for Name: invite; Type: TABLE DATA; Schema: public; Owner: marketplace
--

COPY public.invite (id, email, accepted, token, expires_at, metadata, created_at, updated_at, deleted_at) FROM stdin;
\.


--
-- Data for Name: link_module_migrations; Type: TABLE DATA; Schema: public; Owner: marketplace
--

COPY public.link_module_migrations (id, table_name, link_descriptor, created_at) FROM stdin;
1	cart_payment_collection	{"toModel": "payment_collection", "toModule": "payment", "fromModel": "cart", "fromModule": "cart"}	2025-09-06 13:22:17.363972
3	cart_promotion	{"toModel": "promotions", "toModule": "promotion", "fromModel": "cart", "fromModule": "cart"}	2025-09-06 13:22:17.370032
2	location_fulfillment_provider	{"toModel": "fulfillment_provider", "toModule": "fulfillment", "fromModel": "location", "fromModule": "stock_location"}	2025-09-06 13:22:17.370028
4	location_fulfillment_set	{"toModel": "fulfillment_set", "toModule": "fulfillment", "fromModel": "location", "fromModule": "stock_location"}	2025-09-06 13:22:17.370204
5	order_cart	{"toModel": "cart", "toModule": "cart", "fromModel": "order", "fromModule": "order"}	2025-09-06 13:22:17.370338
6	order_fulfillment	{"toModel": "fulfillments", "toModule": "fulfillment", "fromModel": "order", "fromModule": "order"}	2025-09-06 13:22:17.370398
7	order_payment_collection	{"toModel": "payment_collection", "toModule": "payment", "fromModel": "order", "fromModule": "order"}	2025-09-06 13:22:17.370468
8	order_promotion	{"toModel": "promotion", "toModule": "promotion", "fromModel": "order", "fromModule": "order"}	2025-09-06 13:22:17.370461
9	return_fulfillment	{"toModel": "fulfillments", "toModule": "fulfillment", "fromModel": "return", "fromModule": "order"}	2025-09-06 13:22:17.370938
10	product_sales_channel	{"toModel": "sales_channel", "toModule": "sales_channel", "fromModel": "product", "fromModule": "product"}	2025-09-06 13:22:17.371423
11	product_variant_inventory_item	{"toModel": "inventory", "toModule": "inventory", "fromModel": "variant", "fromModule": "product"}	2025-09-06 13:22:17.381524
12	product_variant_price_set	{"toModel": "price_set", "toModule": "pricing", "fromModel": "variant", "fromModule": "product"}	2025-09-06 13:22:17.384892
13	publishable_api_key_sales_channel	{"toModel": "sales_channel", "toModule": "sales_channel", "fromModel": "api_key", "fromModule": "api_key"}	2025-09-06 13:22:17.386071
14	region_payment_provider	{"toModel": "payment_provider", "toModule": "payment", "fromModel": "region", "fromModule": "region"}	2025-09-06 13:22:17.386555
15	sales_channel_stock_location	{"toModel": "location", "toModule": "stock_location", "fromModel": "sales_channel", "fromModule": "sales_channel"}	2025-09-06 13:22:17.386972
16	customer_account_holder	{"toModel": "account_holder", "toModule": "payment", "fromModel": "customer", "fromModule": "customer"}	2025-09-06 13:22:17.387112
18	product_shipping_profile	{"toModel": "shipping_profile", "toModule": "fulfillment", "fromModel": "product", "fromModule": "product"}	2025-09-06 13:22:17.387105
17	shipping_option_price_set	{"toModel": "price_set", "toModule": "pricing", "fromModel": "shipping_option", "fromModule": "fulfillment"}	2025-09-06 13:22:17.387101
19	digitalproductmodule_digital_product_order_order_order	{"toModel": "order", "toModule": "order", "fromModel": "digital_product_order", "fromModule": "digitalProductModuleService"}	2025-09-06 13:22:17.38717
20	digitalproductmodule_digital_product_variant-537762e25	{"toModel": "product_variant", "toModule": "product", "fromModel": "digital_product", "fromModule": "digitalProductModuleService"}	2025-09-06 13:22:17.387197
\.


--
-- Data for Name: location_fulfillment_provider; Type: TABLE DATA; Schema: public; Owner: marketplace
--

COPY public.location_fulfillment_provider (stock_location_id, fulfillment_provider_id, id, created_at, updated_at, deleted_at) FROM stdin;
sloc_01K4FMC9WH1HBGWY8F892HN3V0	manual_manual	locfp_01K4FMC9WPQB3DAKY8AZ7M2RZX	2025-09-06 13:45:15.414135+00	2025-09-06 13:45:15.414135+00	\N
\.


--
-- Data for Name: location_fulfillment_set; Type: TABLE DATA; Schema: public; Owner: marketplace
--

COPY public.location_fulfillment_set (stock_location_id, fulfillment_set_id, id, created_at, updated_at, deleted_at) FROM stdin;
sloc_01K4FMC9WH1HBGWY8F892HN3V0	fuset_01K4FMC9WXC46P3N9Y7FWKN81F	locfs_01K4FMC9X38JTET848TK51G55C	2025-09-06 13:45:15.427182+00	2025-09-06 13:45:15.427182+00	\N
\.


--
-- Data for Name: mikro_orm_migrations; Type: TABLE DATA; Schema: public; Owner: marketplace
--

COPY public.mikro_orm_migrations (id, name, executed_at) FROM stdin;
1	Migration20231228143900	2025-09-06 13:22:15.136172+00
2	Migration20241206101446	2025-09-06 13:22:15.136172+00
3	Migration20250128174331	2025-09-06 13:22:15.136172+00
4	Migration20240307161216	2025-09-06 13:22:15.214591+00
5	Migration20241210073813	2025-09-06 13:22:15.214591+00
6	Migration20250106142624	2025-09-06 13:22:15.214591+00
7	Migration20250120110820	2025-09-06 13:22:15.214591+00
8	Migration20240307132720	2025-09-06 13:22:15.262658+00
9	Migration20240719123015	2025-09-06 13:22:15.262658+00
10	Migration20241213063611	2025-09-06 13:22:15.262658+00
11	InitialSetup20240401153642	2025-09-06 13:22:15.339277+00
12	Migration20240601111544	2025-09-06 13:22:15.339277+00
13	Migration202408271511	2025-09-06 13:22:15.339277+00
14	Migration20241122120331	2025-09-06 13:22:15.339277+00
15	Migration20241125090957	2025-09-06 13:22:15.339277+00
16	Migration20230929122253	2025-09-06 13:22:15.499638+00
17	Migration20240322094407	2025-09-06 13:22:15.499638+00
18	Migration20240322113359	2025-09-06 13:22:15.499638+00
19	Migration20240322120125	2025-09-06 13:22:15.499638+00
20	Migration20240626133555	2025-09-06 13:22:15.499638+00
21	Migration20240704094505	2025-09-06 13:22:15.499638+00
22	Migration20241127114534	2025-09-06 13:22:15.499638+00
23	Migration20241127223829	2025-09-06 13:22:15.499638+00
24	Migration20241128055359	2025-09-06 13:22:15.499638+00
25	Migration20241212190401	2025-09-06 13:22:15.499638+00
26	Migration20240227120221	2025-09-06 13:22:15.648048+00
27	Migration20240617102917	2025-09-06 13:22:15.648048+00
28	Migration20240624153824	2025-09-06 13:22:15.648048+00
29	Migration20241211061114	2025-09-06 13:22:15.648048+00
30	Migration20250113094144	2025-09-06 13:22:15.648048+00
31	Migration20250120110700	2025-09-06 13:22:15.648048+00
32	Migration20250226130616	2025-09-06 13:22:15.648048+00
33	Migration20240124154000	2025-09-06 13:22:15.779436+00
34	Migration20240524123112	2025-09-06 13:22:15.779436+00
35	Migration20240602110946	2025-09-06 13:22:15.779436+00
36	Migration20241211074630	2025-09-06 13:22:15.779436+00
37	Migration20240115152146	2025-09-06 13:22:15.83552+00
38	Migration20240222170223	2025-09-06 13:22:15.858369+00
39	Migration20240831125857	2025-09-06 13:22:15.858369+00
40	Migration20241106085918	2025-09-06 13:22:15.858369+00
41	Migration20241205095237	2025-09-06 13:22:15.858369+00
42	Migration20241216183049	2025-09-06 13:22:15.858369+00
43	Migration20241218091938	2025-09-06 13:22:15.858369+00
44	Migration20250120115059	2025-09-06 13:22:15.858369+00
45	Migration20250212131240	2025-09-06 13:22:15.858369+00
46	Migration20240205173216	2025-09-06 13:22:15.966504+00
47	Migration20240624200006	2025-09-06 13:22:15.966504+00
48	Migration20250120110744	2025-09-06 13:22:15.966504+00
49	InitialSetup20240221144943	2025-09-06 13:22:16.014212+00
50	Migration20240604080145	2025-09-06 13:22:16.014212+00
51	Migration20241205122700	2025-09-06 13:22:16.014212+00
52	InitialSetup20240227075933	2025-09-06 13:22:16.043912+00
53	Migration20240621145944	2025-09-06 13:22:16.043912+00
54	Migration20241206083313	2025-09-06 13:22:16.043912+00
55	Migration20240227090331	2025-09-06 13:22:16.076623+00
56	Migration20240710135844	2025-09-06 13:22:16.076623+00
57	Migration20240924114005	2025-09-06 13:22:16.076623+00
58	Migration20241212052837	2025-09-06 13:22:16.076623+00
59	InitialSetup20240228133303	2025-09-06 13:22:16.145238+00
60	Migration20240624082354	2025-09-06 13:22:16.145238+00
61	Migration20240225134525	2025-09-06 13:22:16.175067+00
62	Migration20240806072619	2025-09-06 13:22:16.175067+00
63	Migration20241211151053	2025-09-06 13:22:16.175067+00
64	Migration20250115160517	2025-09-06 13:22:16.175067+00
65	Migration20250120110552	2025-09-06 13:22:16.175067+00
66	Migration20250123122334	2025-09-06 13:22:16.175067+00
67	Migration20250206105639	2025-09-06 13:22:16.175067+00
68	Migration20250207132723	2025-09-06 13:22:16.175067+00
69	Migration20240219102530	2025-09-06 13:22:16.305928+00
70	Migration20240604100512	2025-09-06 13:22:16.305928+00
71	Migration20240715102100	2025-09-06 13:22:16.305928+00
72	Migration20240715174100	2025-09-06 13:22:16.305928+00
73	Migration20240716081800	2025-09-06 13:22:16.305928+00
74	Migration20240801085921	2025-09-06 13:22:16.305928+00
75	Migration20240821164505	2025-09-06 13:22:16.305928+00
76	Migration20240821170920	2025-09-06 13:22:16.305928+00
77	Migration20240827133639	2025-09-06 13:22:16.305928+00
78	Migration20240902195921	2025-09-06 13:22:16.305928+00
79	Migration20240913092514	2025-09-06 13:22:16.305928+00
80	Migration20240930122627	2025-09-06 13:22:16.305928+00
81	Migration20241014142943	2025-09-06 13:22:16.305928+00
82	Migration20241106085223	2025-09-06 13:22:16.305928+00
83	Migration20241129124827	2025-09-06 13:22:16.305928+00
84	Migration20241217162224	2025-09-06 13:22:16.305928+00
85	Migration20240205025928	2025-09-06 13:22:16.525164+00
86	Migration20240529080336	2025-09-06 13:22:16.525164+00
87	Migration20241202100304	2025-09-06 13:22:16.525164+00
88	Migration20240214033943	2025-09-06 13:22:16.623517+00
89	Migration20240703095850	2025-09-06 13:22:16.623517+00
90	Migration20241202103352	2025-09-06 13:22:16.623517+00
91	Migration20240311145700_InitialSetupMigration	2025-09-06 13:22:16.732047+00
92	Migration20240821170957	2025-09-06 13:22:16.732047+00
93	Migration20240917161003	2025-09-06 13:22:16.732047+00
94	Migration20241217110416	2025-09-06 13:22:16.732047+00
95	Migration20250113122235	2025-09-06 13:22:16.732047+00
96	Migration20250120115002	2025-09-06 13:22:16.732047+00
97	Migration20240509083918_InitialSetupMigration	2025-09-06 13:22:16.983722+00
98	Migration20240628075401	2025-09-06 13:22:16.983722+00
99	Migration20240830094712	2025-09-06 13:22:16.983722+00
100	Migration20250120110514	2025-09-06 13:22:16.983722+00
101	Migration20240917093019	2025-09-06 13:22:17.082292+00
\.


--
-- Data for Name: notification; Type: TABLE DATA; Schema: public; Owner: marketplace
--

COPY public.notification (id, "to", channel, template, data, trigger_type, resource_id, resource_type, receiver_id, original_notification_id, idempotency_key, external_id, provider_id, created_at, updated_at, deleted_at, status) FROM stdin;
\.


--
-- Data for Name: notification_provider; Type: TABLE DATA; Schema: public; Owner: marketplace
--

COPY public.notification_provider (id, handle, name, is_enabled, channels, created_at, updated_at, deleted_at) FROM stdin;
local	local	local	t	{feed}	2025-09-06 13:22:18.565+00	2025-09-06 13:22:18.565+00	\N
\.


--
-- Data for Name: order; Type: TABLE DATA; Schema: public; Owner: marketplace
--

COPY public."order" (id, region_id, display_id, customer_id, version, sales_channel_id, status, is_draft_order, email, currency_code, shipping_address_id, billing_address_id, no_notification, metadata, created_at, updated_at, deleted_at, canceled_at) FROM stdin;
\.


--
-- Data for Name: order_address; Type: TABLE DATA; Schema: public; Owner: marketplace
--

COPY public.order_address (id, customer_id, company, first_name, last_name, address_1, address_2, city, country_code, province, postal_code, phone, metadata, created_at, updated_at, deleted_at) FROM stdin;
\.


--
-- Data for Name: order_cart; Type: TABLE DATA; Schema: public; Owner: marketplace
--

COPY public.order_cart (order_id, cart_id, id, created_at, updated_at, deleted_at) FROM stdin;
\.


--
-- Data for Name: order_change; Type: TABLE DATA; Schema: public; Owner: marketplace
--

COPY public.order_change (id, order_id, version, description, status, internal_note, created_by, requested_by, requested_at, confirmed_by, confirmed_at, declined_by, declined_reason, metadata, declined_at, canceled_by, canceled_at, created_at, updated_at, change_type, deleted_at, return_id, claim_id, exchange_id) FROM stdin;
\.


--
-- Data for Name: order_change_action; Type: TABLE DATA; Schema: public; Owner: marketplace
--

COPY public.order_change_action (id, order_id, version, ordering, order_change_id, reference, reference_id, action, details, amount, raw_amount, internal_note, applied, created_at, updated_at, deleted_at, return_id, claim_id, exchange_id) FROM stdin;
\.


--
-- Data for Name: order_claim; Type: TABLE DATA; Schema: public; Owner: marketplace
--

COPY public.order_claim (id, order_id, return_id, order_version, display_id, type, no_notification, refund_amount, raw_refund_amount, metadata, created_at, updated_at, deleted_at, canceled_at, created_by) FROM stdin;
\.


--
-- Data for Name: order_claim_item; Type: TABLE DATA; Schema: public; Owner: marketplace
--

COPY public.order_claim_item (id, claim_id, item_id, is_additional_item, reason, quantity, raw_quantity, note, metadata, created_at, updated_at, deleted_at) FROM stdin;
\.


--
-- Data for Name: order_claim_item_image; Type: TABLE DATA; Schema: public; Owner: marketplace
--

COPY public.order_claim_item_image (id, claim_item_id, url, metadata, created_at, updated_at, deleted_at) FROM stdin;
\.


--
-- Data for Name: order_credit_line; Type: TABLE DATA; Schema: public; Owner: marketplace
--

COPY public.order_credit_line (id, order_id, reference, reference_id, amount, raw_amount, metadata, created_at, updated_at, deleted_at) FROM stdin;
\.


--
-- Data for Name: order_exchange; Type: TABLE DATA; Schema: public; Owner: marketplace
--

COPY public.order_exchange (id, order_id, return_id, order_version, display_id, no_notification, allow_backorder, difference_due, raw_difference_due, metadata, created_at, updated_at, deleted_at, canceled_at, created_by) FROM stdin;
\.


--
-- Data for Name: order_exchange_item; Type: TABLE DATA; Schema: public; Owner: marketplace
--

COPY public.order_exchange_item (id, exchange_id, item_id, quantity, raw_quantity, note, metadata, created_at, updated_at, deleted_at) FROM stdin;
\.


--
-- Data for Name: order_fulfillment; Type: TABLE DATA; Schema: public; Owner: marketplace
--

COPY public.order_fulfillment (order_id, fulfillment_id, id, created_at, updated_at, deleted_at) FROM stdin;
\.


--
-- Data for Name: order_item; Type: TABLE DATA; Schema: public; Owner: marketplace
--

COPY public.order_item (id, order_id, version, item_id, quantity, raw_quantity, fulfilled_quantity, raw_fulfilled_quantity, shipped_quantity, raw_shipped_quantity, return_requested_quantity, raw_return_requested_quantity, return_received_quantity, raw_return_received_quantity, return_dismissed_quantity, raw_return_dismissed_quantity, written_off_quantity, raw_written_off_quantity, metadata, created_at, updated_at, deleted_at, delivered_quantity, raw_delivered_quantity, unit_price, raw_unit_price, compare_at_unit_price, raw_compare_at_unit_price) FROM stdin;
\.


--
-- Data for Name: order_line_item; Type: TABLE DATA; Schema: public; Owner: marketplace
--

COPY public.order_line_item (id, totals_id, title, subtitle, thumbnail, variant_id, product_id, product_title, product_description, product_subtitle, product_type, product_collection, product_handle, variant_sku, variant_barcode, variant_title, variant_option_values, requires_shipping, is_discountable, is_tax_inclusive, compare_at_unit_price, raw_compare_at_unit_price, unit_price, raw_unit_price, metadata, created_at, updated_at, deleted_at, is_custom_price, product_type_id) FROM stdin;
\.


--
-- Data for Name: order_line_item_adjustment; Type: TABLE DATA; Schema: public; Owner: marketplace
--

COPY public.order_line_item_adjustment (id, description, promotion_id, code, amount, raw_amount, provider_id, created_at, updated_at, item_id, deleted_at) FROM stdin;
\.


--
-- Data for Name: order_line_item_tax_line; Type: TABLE DATA; Schema: public; Owner: marketplace
--

COPY public.order_line_item_tax_line (id, description, tax_rate_id, code, rate, raw_rate, provider_id, created_at, updated_at, item_id, deleted_at) FROM stdin;
\.


--
-- Data for Name: order_payment_collection; Type: TABLE DATA; Schema: public; Owner: marketplace
--

COPY public.order_payment_collection (order_id, payment_collection_id, id, created_at, updated_at, deleted_at) FROM stdin;
\.


--
-- Data for Name: order_promotion; Type: TABLE DATA; Schema: public; Owner: marketplace
--

COPY public.order_promotion (order_id, promotion_id, id, created_at, updated_at, deleted_at) FROM stdin;
\.


--
-- Data for Name: order_shipping; Type: TABLE DATA; Schema: public; Owner: marketplace
--

COPY public.order_shipping (id, order_id, version, shipping_method_id, created_at, updated_at, deleted_at, return_id, claim_id, exchange_id) FROM stdin;
\.


--
-- Data for Name: order_shipping_method; Type: TABLE DATA; Schema: public; Owner: marketplace
--

COPY public.order_shipping_method (id, name, description, amount, raw_amount, is_tax_inclusive, shipping_option_id, data, metadata, created_at, updated_at, deleted_at, is_custom_amount) FROM stdin;
\.


--
-- Data for Name: order_shipping_method_adjustment; Type: TABLE DATA; Schema: public; Owner: marketplace
--

COPY public.order_shipping_method_adjustment (id, description, promotion_id, code, amount, raw_amount, provider_id, created_at, updated_at, shipping_method_id, deleted_at) FROM stdin;
\.


--
-- Data for Name: order_shipping_method_tax_line; Type: TABLE DATA; Schema: public; Owner: marketplace
--

COPY public.order_shipping_method_tax_line (id, description, tax_rate_id, code, rate, raw_rate, provider_id, created_at, updated_at, shipping_method_id, deleted_at) FROM stdin;
\.


--
-- Data for Name: order_summary; Type: TABLE DATA; Schema: public; Owner: marketplace
--

COPY public.order_summary (id, order_id, version, totals, created_at, updated_at, deleted_at) FROM stdin;
\.


--
-- Data for Name: order_transaction; Type: TABLE DATA; Schema: public; Owner: marketplace
--

COPY public.order_transaction (id, order_id, version, amount, raw_amount, currency_code, reference, reference_id, created_at, updated_at, deleted_at, return_id, claim_id, exchange_id) FROM stdin;
\.


--
-- Data for Name: payment; Type: TABLE DATA; Schema: public; Owner: marketplace
--

COPY public.payment (id, amount, raw_amount, currency_code, provider_id, data, created_at, updated_at, deleted_at, captured_at, canceled_at, payment_collection_id, payment_session_id, metadata) FROM stdin;
\.


--
-- Data for Name: payment_collection; Type: TABLE DATA; Schema: public; Owner: marketplace
--

COPY public.payment_collection (id, currency_code, amount, raw_amount, authorized_amount, raw_authorized_amount, captured_amount, raw_captured_amount, refunded_amount, raw_refunded_amount, created_at, updated_at, deleted_at, completed_at, status, metadata) FROM stdin;
\.


--
-- Data for Name: payment_collection_payment_providers; Type: TABLE DATA; Schema: public; Owner: marketplace
--

COPY public.payment_collection_payment_providers (payment_collection_id, payment_provider_id) FROM stdin;
\.


--
-- Data for Name: payment_provider; Type: TABLE DATA; Schema: public; Owner: marketplace
--

COPY public.payment_provider (id, is_enabled, created_at, updated_at, deleted_at) FROM stdin;
pp_stripe-przelewy24_stripe	t	2025-09-06 13:22:18.496+00	2025-09-06 13:22:18.496+00	\N
pp_stripe_stripe	t	2025-09-06 13:22:18.496+00	2025-09-06 13:22:18.496+00	\N
pp_stripe-ideal_stripe	t	2025-09-06 13:22:18.496+00	2025-09-06 13:22:18.496+00	\N
pp_stripe-giropay_stripe	t	2025-09-06 13:22:18.496+00	2025-09-06 13:22:18.496+00	\N
pp_stripe-blik_stripe	t	2025-09-06 13:22:18.496+00	2025-09-06 13:22:18.496+00	\N
pp_stripe-bancontact_stripe	t	2025-09-06 13:22:18.496+00	2025-09-06 13:22:18.496+00	\N
pp_system_default	t	2025-09-06 13:22:18.496+00	2025-09-06 13:22:18.496+00	\N
\.


--
-- Data for Name: payment_session; Type: TABLE DATA; Schema: public; Owner: marketplace
--

COPY public.payment_session (id, currency_code, amount, raw_amount, provider_id, data, context, status, authorized_at, payment_collection_id, metadata, created_at, updated_at, deleted_at) FROM stdin;
\.


--
-- Data for Name: price; Type: TABLE DATA; Schema: public; Owner: marketplace
--

COPY public.price (id, title, price_set_id, currency_code, raw_amount, rules_count, created_at, updated_at, deleted_at, price_list_id, amount, min_quantity, max_quantity) FROM stdin;
price_01K4FMC9XZHCKC2GH9W5R8445T	\N	pset_01K4FMC9Y0V6ZWPM81P07A1NA9	eur	{"value": "10", "precision": 20}	0	2025-09-06 13:45:15.456+00	2025-09-06 13:45:15.456+00	\N	\N	10	\N	\N
price_01K4FMCA1XT2771M5ABPZGEM6D	\N	pset_01K4FMCA1X43TJJKM9D93W3Y3N	eur	{"value": "10", "precision": 20}	0	2025-09-06 13:45:15.582+00	2025-09-06 13:45:15.582+00	\N	\N	10	\N	\N
price_01K4FMCA1X885T2H30PFCS3F6Q	\N	pset_01K4FMCA1X43TJJKM9D93W3Y3N	usd	{"value": "15", "precision": 20}	0	2025-09-06 13:45:15.582+00	2025-09-06 13:45:15.582+00	\N	\N	15	\N	\N
price_01K4FMCA1YN680BJHSVK6ATBVA	\N	pset_01K4FMCA1YS37K5MN3DSS4HW92	eur	{"value": "10", "precision": 20}	0	2025-09-06 13:45:15.582+00	2025-09-06 13:45:15.582+00	\N	\N	10	\N	\N
price_01K4FMCA1YBFCQE9A41RH5CWSH	\N	pset_01K4FMCA1YS37K5MN3DSS4HW92	usd	{"value": "15", "precision": 20}	0	2025-09-06 13:45:15.582+00	2025-09-06 13:45:15.582+00	\N	\N	15	\N	\N
price_01K4FMCA2WSZK232H52TXDBJYX	\N	pset_01K4FMCA2WK3CGXRJ10QQK4TNZ	eur	{"value": "10", "precision": 20}	0	2025-09-06 13:45:15.613+00	2025-09-06 13:45:15.613+00	\N	\N	10	\N	\N
price_01K4FMCA2WPNCN2QYK3C684MBZ	\N	pset_01K4FMCA2WK3CGXRJ10QQK4TNZ	usd	{"value": "15", "precision": 20}	0	2025-09-06 13:45:15.613+00	2025-09-06 13:45:15.613+00	\N	\N	15	\N	\N
price_01K4FMCA2XCW07HRP3GCNC4Q7B	\N	pset_01K4FMCA2XNZE9VR4P9BYGTNZE	eur	{"value": "10", "precision": 20}	0	2025-09-06 13:45:15.614+00	2025-09-06 13:45:15.614+00	\N	\N	10	\N	\N
price_01K4FMCA2XWVECM51P5917WFHM	\N	pset_01K4FMCA2XNZE9VR4P9BYGTNZE	usd	{"value": "15", "precision": 20}	0	2025-09-06 13:45:15.614+00	2025-09-06 13:45:15.614+00	\N	\N	15	\N	\N
price_01K4FMCA2XN7MBGZ32RSQPMK07	\N	pset_01K4FMCA2X0821Z9WM3S967396	eur	{"value": "10", "precision": 20}	0	2025-09-06 13:45:15.614+00	2025-09-06 13:45:15.614+00	\N	\N	10	\N	\N
price_01K4FMCA2XKNFSPMZEV278ASWA	\N	pset_01K4FMCA2X0821Z9WM3S967396	usd	{"value": "15", "precision": 20}	0	2025-09-06 13:45:15.614+00	2025-09-06 13:45:15.614+00	\N	\N	15	\N	\N
price_01K4FMCA2XCMK9SS48Z3N7PNTP	\N	pset_01K4FMCA2XBBJTDDCXK1PCGQ3Y	usd	{"value": "15", "precision": 20}	0	2025-09-06 13:45:15.614+00	2025-09-06 13:45:15.614+00	\N	\N	15	\N	\N
price_01K4FMC9XZYJVDZ9X7VTAGS796	\N	pset_01K4FMC9XZX4BPWS8ABEHMC7MQ	eur	{"value": "10", "precision": 20}	0	2025-09-06 13:45:15.456+00	2025-09-06 13:45:15.456+00	\N	\N	10	\N	\N
price_01K4G8KG81YVWFBMVDCAEMK6QG	\N	pset_01K4FMC9XZX4BPWS8ABEHMC7MQ	gbp	{"value": "10", "precision": 20}	0	2025-09-06 19:38:42.809513+00	2025-09-06 19:38:42.809513+00	\N	\N	10	\N	\N
price_01K4G8KG818SHN8YA1J201SZCE	\N	pset_01K4FMC9XZX4BPWS8ABEHMC7MQ	gbp	{"value": "10", "precision": 20}	1	2025-09-06 19:38:42.809513+00	2025-09-06 19:38:42.809513+00	\N	\N	10	\N	\N
price_01K4G8KT2NJ4GT9SGN2QZWZCJH	\N	pset_01K4FMC9Y0V6ZWPM81P07A1NA9	gbp	{"value": "10", "precision": 20}	0	2025-09-06 19:38:52.880779+00	2025-09-06 19:38:52.880779+00	\N	\N	10	\N	\N
price_01K4G8KT2NGMPWAH30MEJWQRJ9	\N	pset_01K4FMC9Y0V6ZWPM81P07A1NA9	gbp	{"value": "10", "precision": 20}	1	2025-09-06 19:38:52.880779+00	2025-09-06 19:38:52.880779+00	\N	\N	10	\N	\N
price_01K4G93QNYBXTQ5YZV7HY4GRM3	\N	pset_01K4FMCA1X43TJJKM9D93W3Y3N	gbp	{"value": "10", "precision": 20}	0	2025-09-06 19:47:34.712845+00	2025-09-06 19:47:34.712845+00	\N	\N	10	\N	\N
price_01K4FMCA3W7J6PX2Y83BH9XPWX	\N	pset_01K4FMCA3WTXWFGJMFTV12DTGD	eur	{"value": "10", "precision": 20}	0	2025-09-06 13:45:15.645+00	2025-09-06 13:45:15.645+00	\N	\N	10	\N	\N
price_01K4FMCA3W6SM74XYS8KQZ6YGD	\N	pset_01K4FMCA3WTXWFGJMFTV12DTGD	usd	{"value": "15", "precision": 20}	0	2025-09-06 13:45:15.645+00	2025-09-06 13:45:15.645+00	\N	\N	15	\N	\N
price_01K4G93873V68BYMGYXR3MECDA	\N	pset_01K4FMCA3WTXWFGJMFTV12DTGD	gbp	{"value": "10", "precision": 20}	0	2025-09-06 19:47:18.878213+00	2025-09-06 19:47:18.878213+00	\N	\N	10	\N	\N
price_01K4G93873X2T5JM4DRKTJ18ME	\N	pset_01K4FMCA3WTXWFGJMFTV12DTGD	gbp	{"value": "10", "precision": 20}	1	2025-09-06 19:47:18.878213+00	2025-09-06 19:47:18.878213+00	\N	\N	10	\N	\N
price_01K4FMCA3WQ8RHF3JWEBEG3KTY	\N	pset_01K4FMCA3WMQ6B01MK039G9FSH	eur	{"value": "10", "precision": 20}	0	2025-09-06 13:45:15.645+00	2025-09-06 13:45:15.645+00	\N	\N	10	\N	\N
price_01K4FMCA3WZA3KZ2WCTY3JGTDK	\N	pset_01K4FMCA3WMQ6B01MK039G9FSH	usd	{"value": "15", "precision": 20}	0	2025-09-06 13:45:15.645+00	2025-09-06 13:45:15.645+00	\N	\N	15	\N	\N
price_01K4G93874074V9M0FQTVA5SVX	\N	pset_01K4FMCA3WMQ6B01MK039G9FSH	gbp	{"value": "10", "precision": 20}	0	2025-09-06 19:47:18.878213+00	2025-09-06 19:47:18.878213+00	\N	\N	10	\N	\N
price_01K4G93874Z5K60W22YX9D62V5	\N	pset_01K4FMCA3WMQ6B01MK039G9FSH	gbp	{"value": "10", "precision": 20}	1	2025-09-06 19:47:18.878213+00	2025-09-06 19:47:18.878213+00	\N	\N	10	\N	\N
price_01K4FMCA3XBD07A4M37RMZF30D	\N	pset_01K4FMCA3XX3RF7BXQ7G23QJRR	eur	{"value": "10", "precision": 20}	0	2025-09-06 13:45:15.645+00	2025-09-06 13:45:15.645+00	\N	\N	10	\N	\N
price_01K4FMCA3X70N7898XQNWVGRCG	\N	pset_01K4FMCA3XX3RF7BXQ7G23QJRR	usd	{"value": "15", "precision": 20}	0	2025-09-06 13:45:15.645+00	2025-09-06 13:45:15.645+00	\N	\N	15	\N	\N
price_01K4G93874P5PZ7EPRTMP18CH0	\N	pset_01K4FMCA3XX3RF7BXQ7G23QJRR	gbp	{"value": "10", "precision": 20}	0	2025-09-06 19:47:18.878213+00	2025-09-06 19:47:18.878213+00	\N	\N	10	\N	\N
price_01K4G938741JHNSAF10YK7GZV6	\N	pset_01K4FMCA3XX3RF7BXQ7G23QJRR	gbp	{"value": "10", "precision": 20}	1	2025-09-06 19:47:18.878213+00	2025-09-06 19:47:18.878213+00	\N	\N	10	\N	\N
price_01K4FMCA3XRQ38RW18EVDS2SYJ	\N	pset_01K4FMCA3XJTZ3X03SMW7BHYB2	usd	{"value": "15", "precision": 20}	0	2025-09-06 13:45:15.645+00	2025-09-06 13:45:15.645+00	\N	\N	15	\N	\N
price_01K4FMCA3XF88QSWPEVSB67PXX	\N	pset_01K4FMCA3XJTZ3X03SMW7BHYB2	eur	{"value": "10", "precision": 20}	0	2025-09-06 13:45:15.645+00	2025-09-06 13:45:15.645+00	\N	\N	10	\N	\N
price_01K4G938748CDJDS911ENRERVF	\N	pset_01K4FMCA3XJTZ3X03SMW7BHYB2	gbp	{"value": "10", "precision": 20}	0	2025-09-06 19:47:18.878213+00	2025-09-06 19:47:18.878213+00	\N	\N	10	\N	\N
price_01K4G938746SE84QVQ11HHMPRD	\N	pset_01K4FMCA3XJTZ3X03SMW7BHYB2	gbp	{"value": "10", "precision": 20}	1	2025-09-06 19:47:18.878213+00	2025-09-06 19:47:18.878213+00	\N	\N	10	\N	\N
price_01K4G93QNYWQJB5QH056NHXXJY	\N	pset_01K4FMCA1X43TJJKM9D93W3Y3N	gbp	{"value": "10", "precision": 20}	1	2025-09-06 19:47:34.712845+00	2025-09-06 19:47:34.712845+00	\N	\N	10	\N	\N
price_01K4G93QNYZN865TC2WCKQ5T5M	\N	pset_01K4FMCA1YS37K5MN3DSS4HW92	gbp	{"value": "10", "precision": 20}	0	2025-09-06 19:47:34.712845+00	2025-09-06 19:47:34.712845+00	\N	\N	10	\N	\N
price_01K4G93QNY1P8CX0Y1WXB36VAH	\N	pset_01K4FMCA1YS37K5MN3DSS4HW92	gbp	{"value": "10", "precision": 20}	1	2025-09-06 19:47:34.712845+00	2025-09-06 19:47:34.712845+00	\N	\N	10	\N	\N
price_01K4G93QNZT3MXQ8XR4E26YG95	\N	pset_01K4FMCA1Y88AQ9ZYCVH44DDHG	gbp	{"value": "10", "precision": 20}	0	2025-09-06 19:47:34.712845+00	2025-09-06 19:47:34.712845+00	\N	\N	10	\N	\N
price_01K4G93QNZ9RV0K9VRC76JFFH5	\N	pset_01K4FMCA1Y88AQ9ZYCVH44DDHG	gbp	{"value": "10", "precision": 20}	1	2025-09-06 19:47:34.712845+00	2025-09-06 19:47:34.712845+00	\N	\N	10	\N	\N
price_01K4G93QNZ550DRQZC2WW3V223	\N	pset_01K4FMCA1Y4Y7C1THPXEMWH5VZ	gbp	{"value": "10", "precision": 20}	0	2025-09-06 19:47:34.712845+00	2025-09-06 19:47:34.712845+00	\N	\N	10	\N	\N
price_01K4FMCA1YPQHBYM2WTCG03SH1	\N	pset_01K4FMCA1Y88AQ9ZYCVH44DDHG	eur	{"value": "10", "precision": 20}	0	2025-09-06 13:45:15.582+00	2025-09-06 13:45:15.582+00	\N	\N	10	\N	\N
price_01K4FMCA1YZW97HT3RM9RJ76X0	\N	pset_01K4FMCA1Y88AQ9ZYCVH44DDHG	usd	{"value": "15", "precision": 20}	0	2025-09-06 13:45:15.582+00	2025-09-06 13:45:15.582+00	\N	\N	15	\N	\N
price_01K4FMCA1YZ5SNGQSJRTC10NT8	\N	pset_01K4FMCA1Y4Y7C1THPXEMWH5VZ	usd	{"value": "15", "precision": 20}	0	2025-09-06 13:45:15.582+00	2025-09-06 13:45:15.582+00	\N	\N	15	\N	\N
price_01K4FMCA1Y41WFAGZECF71YZJ4	\N	pset_01K4FMCA1Y4Y7C1THPXEMWH5VZ	eur	{"value": "10", "precision": 20}	0	2025-09-06 13:45:15.582+00	2025-09-06 13:45:15.582+00	\N	\N	10	\N	\N
price_01K4G93QNZZXXH9SF8NRFTYE3A	\N	pset_01K4FMCA1Y4Y7C1THPXEMWH5VZ	gbp	{"value": "10", "precision": 20}	1	2025-09-06 19:47:34.712845+00	2025-09-06 19:47:34.712845+00	\N	\N	10	\N	\N
price_01K4G944BVQ3G3HJSP264K2Z0P	\N	pset_01K4FMCA2WK3CGXRJ10QQK4TNZ	gbp	{"value": "10", "precision": 20}	0	2025-09-06 19:47:47.704269+00	2025-09-06 19:47:47.704269+00	\N	\N	10	\N	\N
price_01K4G944BVW57V74D3PM7MVCDP	\N	pset_01K4FMCA2WK3CGXRJ10QQK4TNZ	gbp	{"value": "10", "precision": 20}	1	2025-09-06 19:47:47.704269+00	2025-09-06 19:47:47.704269+00	\N	\N	10	\N	\N
price_01K4G944BW6WXEF038T78D0Z0C	\N	pset_01K4FMCA2XNZE9VR4P9BYGTNZE	gbp	{"value": "10", "precision": 20}	0	2025-09-06 19:47:47.704269+00	2025-09-06 19:47:47.704269+00	\N	\N	10	\N	\N
price_01K4G944BWV0R0WVR8WVT0J4RV	\N	pset_01K4FMCA2XNZE9VR4P9BYGTNZE	gbp	{"value": "10", "precision": 20}	1	2025-09-06 19:47:47.704269+00	2025-09-06 19:47:47.704269+00	\N	\N	10	\N	\N
price_01K4G944BWVF78HSGCA2WGVV0X	\N	pset_01K4FMCA2X0821Z9WM3S967396	gbp	{"value": "10", "precision": 20}	0	2025-09-06 19:47:47.704269+00	2025-09-06 19:47:47.704269+00	\N	\N	10	\N	\N
price_01K4G944BWC4HESHKVRJYHMBKD	\N	pset_01K4FMCA2X0821Z9WM3S967396	gbp	{"value": "10", "precision": 20}	1	2025-09-06 19:47:47.704269+00	2025-09-06 19:47:47.704269+00	\N	\N	10	\N	\N
price_01K4FMCA2X8573KFJPBSKRN899	\N	pset_01K4FMCA2XBBJTDDCXK1PCGQ3Y	eur	{"value": "10", "precision": 20}	0	2025-09-06 13:45:15.614+00	2025-09-06 13:45:15.614+00	\N	\N	10	\N	\N
price_01K4G944BW1899KJN1FXM6KRR4	\N	pset_01K4FMCA2XBBJTDDCXK1PCGQ3Y	gbp	{"value": "10", "precision": 20}	0	2025-09-06 19:47:47.704269+00	2025-09-06 19:47:47.704269+00	\N	\N	10	\N	\N
price_01K4G944BWYHHVK172KB1NQNNK	\N	pset_01K4FMCA2XBBJTDDCXK1PCGQ3Y	gbp	{"value": "10", "precision": 20}	1	2025-09-06 19:47:47.704269+00	2025-09-06 19:47:47.704269+00	\N	\N	10	\N	\N
price_01K4FMCA0GDP803XAFQ3PPB96N	\N	pset_01K4FMCA0G54ST3D4479GYVB0G	eur	{"value": "10", "precision": 20}	0	2025-09-06 13:45:15.538+00	2025-09-06 13:45:15.538+00	\N	\N	10	\N	\N
price_01K4FMCA0GRQH5SP1BV1Q55CH8	\N	pset_01K4FMCA0G54ST3D4479GYVB0G	usd	{"value": "15", "precision": 20}	0	2025-09-06 13:45:15.538+00	2025-09-06 13:45:15.538+00	\N	\N	15	\N	\N
price_01K4G95E2RQDCE4QBZCRCDNN57	\N	pset_01K4FMCA0G54ST3D4479GYVB0G	gbp	{"value": "10", "precision": 20}	0	2025-09-06 19:48:30.420017+00	2025-09-06 19:48:30.420017+00	\N	\N	10	\N	\N
price_01K4G95E2R2XBSGNQNG485ZYCG	\N	pset_01K4FMCA0G54ST3D4479GYVB0G	gbp	{"value": "10", "precision": 20}	1	2025-09-06 19:48:30.420017+00	2025-09-06 19:48:30.420017+00	\N	\N	10	\N	\N
price_01K4FMCA0GR5A05N70E2N6KN27	\N	pset_01K4FMCA0G252R7MKAFW4HS960	eur	{"value": "10", "precision": 20}	0	2025-09-06 13:45:15.538+00	2025-09-06 13:45:15.538+00	\N	\N	10	\N	\N
price_01K4FMCA0GM7M3SQEFBDSKW7KW	\N	pset_01K4FMCA0G252R7MKAFW4HS960	usd	{"value": "15", "precision": 20}	0	2025-09-06 13:45:15.538+00	2025-09-06 13:45:15.538+00	\N	\N	15	\N	\N
price_01K4G95E2RWJ9M7R1KGAGR2XBZ	\N	pset_01K4FMCA0G252R7MKAFW4HS960	gbp	{"value": "10", "precision": 20}	0	2025-09-06 19:48:30.420017+00	2025-09-06 19:48:30.420017+00	\N	\N	10	\N	\N
price_01K4G95E2RB4KHMYRKSRTDJTQE	\N	pset_01K4FMCA0G252R7MKAFW4HS960	gbp	{"value": "10", "precision": 20}	1	2025-09-06 19:48:30.420017+00	2025-09-06 19:48:30.420017+00	\N	\N	10	\N	\N
price_01K4FMCA0GT3YCG6C562KPDDY5	\N	pset_01K4FMCA0H49XEN5RHPATZQ9EK	eur	{"value": "10", "precision": 20}	0	2025-09-06 13:45:15.538+00	2025-09-06 13:45:15.538+00	\N	\N	10	\N	\N
price_01K4FMCA0HZ2AEJSC2J0QJ1YD8	\N	pset_01K4FMCA0H49XEN5RHPATZQ9EK	usd	{"value": "15", "precision": 20}	0	2025-09-06 13:45:15.538+00	2025-09-06 13:45:15.538+00	\N	\N	15	\N	\N
price_01K4G95E2R6EB5KXM1SGF58GWY	\N	pset_01K4FMCA0H49XEN5RHPATZQ9EK	gbp	{"value": "10", "precision": 20}	0	2025-09-06 19:48:30.420017+00	2025-09-06 19:48:30.420017+00	\N	\N	10	\N	\N
price_01K4G95E2R7BFFKBBTX75QANJ7	\N	pset_01K4FMCA0H49XEN5RHPATZQ9EK	gbp	{"value": "10", "precision": 20}	1	2025-09-06 19:48:30.420017+00	2025-09-06 19:48:30.420017+00	\N	\N	10	\N	\N
price_01K4FMCA0H0F6SD0V596DCP50K	\N	pset_01K4FMCA0HXBGMG9QH43WXVWM8	usd	{"value": "15", "precision": 20}	0	2025-09-06 13:45:15.538+00	2025-09-06 13:45:15.538+00	\N	\N	15	\N	\N
price_01K4FMCA0HYGK254866QQAJS8Y	\N	pset_01K4FMCA0HXBGMG9QH43WXVWM8	eur	{"value": "10", "precision": 20}	0	2025-09-06 13:45:15.538+00	2025-09-06 13:45:15.538+00	\N	\N	10	\N	\N
price_01K4G95E2R1625SJG77R6D531E	\N	pset_01K4FMCA0HXBGMG9QH43WXVWM8	gbp	{"value": "10", "precision": 20}	0	2025-09-06 19:48:30.420017+00	2025-09-06 19:48:30.420017+00	\N	\N	10	\N	\N
price_01K4G95E2SDGWQ2BQ1S3H9H9W2	\N	pset_01K4FMCA0HXBGMG9QH43WXVWM8	gbp	{"value": "10", "precision": 20}	1	2025-09-06 19:48:30.420017+00	2025-09-06 19:48:30.420017+00	\N	\N	10	\N	\N
price_01K4FMCA0H7H1YE5F9AGPCD97Q	\N	pset_01K4FMCA0HCDM3X2C3SX6YXAND	eur	{"value": "10", "precision": 20}	0	2025-09-06 13:45:15.538+00	2025-09-06 13:45:15.538+00	\N	\N	10	\N	\N
price_01K4FMCA0HSRTPRJ422913EF9A	\N	pset_01K4FMCA0HCDM3X2C3SX6YXAND	usd	{"value": "15", "precision": 20}	0	2025-09-06 13:45:15.538+00	2025-09-06 13:45:15.538+00	\N	\N	15	\N	\N
price_01K4G95E2SH9W8ZXHDY54TJSCQ	\N	pset_01K4FMCA0HCDM3X2C3SX6YXAND	gbp	{"value": "10", "precision": 20}	0	2025-09-06 19:48:30.420017+00	2025-09-06 19:48:30.420017+00	\N	\N	10	\N	\N
price_01K4G95E2SKJR2WBQYNR59AVEK	\N	pset_01K4FMCA0HCDM3X2C3SX6YXAND	gbp	{"value": "10", "precision": 20}	1	2025-09-06 19:48:30.420017+00	2025-09-06 19:48:30.420017+00	\N	\N	10	\N	\N
price_01K4FMCA0HKBRVTRZ98TQ5N37F	\N	pset_01K4FMCA0HZ78A8J4HD121905C	eur	{"value": "10", "precision": 20}	0	2025-09-06 13:45:15.538+00	2025-09-06 13:45:15.538+00	\N	\N	10	\N	\N
price_01K4FMCA0HAF43JCR66SZKB770	\N	pset_01K4FMCA0HZ78A8J4HD121905C	usd	{"value": "15", "precision": 20}	0	2025-09-06 13:45:15.538+00	2025-09-06 13:45:15.538+00	\N	\N	15	\N	\N
price_01K4G95E2S2WG56QXKMHM1MARG	\N	pset_01K4FMCA0HZ78A8J4HD121905C	gbp	{"value": "10", "precision": 20}	0	2025-09-06 19:48:30.420017+00	2025-09-06 19:48:30.420017+00	\N	\N	10	\N	\N
price_01K4G95E2SHS8A53S1RKVZPFNC	\N	pset_01K4FMCA0HZ78A8J4HD121905C	gbp	{"value": "10", "precision": 20}	1	2025-09-06 19:48:30.420017+00	2025-09-06 19:48:30.420017+00	\N	\N	10	\N	\N
price_01K4FMCA0H9BV2SX93Y2VYTYTD	\N	pset_01K4FMCA0HTVY0XA3QX43VWSXN	eur	{"value": "10", "precision": 20}	0	2025-09-06 13:45:15.538+00	2025-09-06 13:45:15.538+00	\N	\N	10	\N	\N
price_01K4FMCA0HFE777XZ2QPJVBG06	\N	pset_01K4FMCA0HTVY0XA3QX43VWSXN	usd	{"value": "15", "precision": 20}	0	2025-09-06 13:45:15.538+00	2025-09-06 13:45:15.538+00	\N	\N	15	\N	\N
price_01K4G95E2SR1BVPBB4R3W9KWEK	\N	pset_01K4FMCA0HTVY0XA3QX43VWSXN	gbp	{"value": "10", "precision": 20}	0	2025-09-06 19:48:30.420017+00	2025-09-06 19:48:30.420017+00	\N	\N	10	\N	\N
price_01K4G95E2SJGFS7SMR3H3SZPRE	\N	pset_01K4FMCA0HTVY0XA3QX43VWSXN	gbp	{"value": "10", "precision": 20}	1	2025-09-06 19:48:30.420017+00	2025-09-06 19:48:30.420017+00	\N	\N	10	\N	\N
price_01K4FMCA0JSC7R7K572T57SZZ5	\N	pset_01K4FMCA0J9SZ103YB31NNM4HP	usd	{"value": "15", "precision": 20}	0	2025-09-06 13:45:15.538+00	2025-09-06 13:45:15.538+00	\N	\N	15	\N	\N
price_01K4FMCA0JVY7Y2PAR1K806KFA	\N	pset_01K4FMCA0J9SZ103YB31NNM4HP	eur	{"value": "10", "precision": 20}	0	2025-09-06 13:45:15.538+00	2025-09-06 13:45:15.538+00	\N	\N	10	\N	\N
price_01K4G95E2SGGSGA5SFRVRYH83Z	\N	pset_01K4FMCA0J9SZ103YB31NNM4HP	gbp	{"value": "10", "precision": 20}	0	2025-09-06 19:48:30.420017+00	2025-09-06 19:48:30.420017+00	\N	\N	10	\N	\N
price_01K4G95E2SR6169QXA1YK8YA78	\N	pset_01K4FMCA0J9SZ103YB31NNM4HP	gbp	{"value": "10", "precision": 20}	1	2025-09-06 19:48:30.420017+00	2025-09-06 19:48:30.420017+00	\N	\N	10	\N	\N
price_01K4G95TJB6XHBXXF1NQNYY27R	\N	pset_01K4G8ZZMCWS2QGDW3PPDXDWWE	gbp	{"value": "10", "precision": 20}	0	2025-09-06 19:48:43.207493+00	2025-09-06 19:48:43.207493+00	\N	\N	10	\N	\N
price_01K4G95TJCGC3TBVYCVZ9F2FGC	\N	pset_01K4G8ZZMCWS2QGDW3PPDXDWWE	gbp	{"value": "10", "precision": 20}	1	2025-09-06 19:48:43.207493+00	2025-09-06 19:48:43.207493+00	\N	\N	10	\N	\N
\.


--
-- Data for Name: price_list; Type: TABLE DATA; Schema: public; Owner: marketplace
--

COPY public.price_list (id, status, starts_at, ends_at, rules_count, title, description, type, created_at, updated_at, deleted_at) FROM stdin;
\.


--
-- Data for Name: price_list_rule; Type: TABLE DATA; Schema: public; Owner: marketplace
--

COPY public.price_list_rule (id, price_list_id, created_at, updated_at, deleted_at, value, attribute) FROM stdin;
\.


--
-- Data for Name: price_preference; Type: TABLE DATA; Schema: public; Owner: marketplace
--

COPY public.price_preference (id, attribute, value, is_tax_inclusive, created_at, updated_at, deleted_at) FROM stdin;
prpref_01K4FK2HG2JQKNE621J3TQ6Y63	currency_code	eur	f	2025-09-06 13:22:26.946+00	2025-09-06 13:22:26.946+00	\N
prpref_01K4FMC9VE1XV09WC1CJAT76B2	currency_code	usd	f	2025-09-06 13:45:15.375+00	2025-09-06 13:45:15.375+00	\N
prpref_01K4FMC9VEV2JXTB6EJJDVJ3CE	currency_code	gbp	f	2025-09-06 13:45:15.375+00	2025-09-06 13:45:15.375+00	\N
prpref_01K4FMC9W0JKHWDXQEG3S7XDWJ	region_id	reg_01K4FMC9VM7WSG2Z6RWCT5J0QR	f	2025-09-06 13:45:15.392+00	2025-09-06 13:45:15.392+00	\N
\.


--
-- Data for Name: price_rule; Type: TABLE DATA; Schema: public; Owner: marketplace
--

COPY public.price_rule (id, value, priority, price_id, created_at, updated_at, deleted_at, attribute, operator) FROM stdin;
prule_01K4G8KG89C5768HRRY20KWB2P	reg_01K4FMC9VM7WSG2Z6RWCT5J0QR	0	price_01K4G8KG818SHN8YA1J201SZCE	2025-09-06 19:38:42.809513+00	2025-09-06 19:38:42.809513+00	\N	region_id	eq
prule_01K4G8KT2VSX4DZ0JDNBWX4WDV	reg_01K4FMC9VM7WSG2Z6RWCT5J0QR	0	price_01K4G8KT2NGMPWAH30MEJWQRJ9	2025-09-06 19:38:52.880779+00	2025-09-06 19:38:52.880779+00	\N	region_id	eq
prule_01K4G9387GSF02PBG5GNR7B8X2	reg_01K4FMC9VM7WSG2Z6RWCT5J0QR	0	price_01K4G93873X2T5JM4DRKTJ18ME	2025-09-06 19:47:18.878213+00	2025-09-06 19:47:18.878213+00	\N	region_id	eq
prule_01K4G9387G321N85RY2QC6617R	reg_01K4FMC9VM7WSG2Z6RWCT5J0QR	0	price_01K4G93874Z5K60W22YX9D62V5	2025-09-06 19:47:18.878213+00	2025-09-06 19:47:18.878213+00	\N	region_id	eq
prule_01K4G9387G7T762TSVEB9QZDPR	reg_01K4FMC9VM7WSG2Z6RWCT5J0QR	0	price_01K4G938741JHNSAF10YK7GZV6	2025-09-06 19:47:18.878213+00	2025-09-06 19:47:18.878213+00	\N	region_id	eq
prule_01K4G9387GXJSN6NSKHBERN6QA	reg_01K4FMC9VM7WSG2Z6RWCT5J0QR	0	price_01K4G938746SE84QVQ11HHMPRD	2025-09-06 19:47:18.878213+00	2025-09-06 19:47:18.878213+00	\N	region_id	eq
prule_01K4G93QP9KT4TJ9RJ26SKXHZW	reg_01K4FMC9VM7WSG2Z6RWCT5J0QR	0	price_01K4G93QNYWQJB5QH056NHXXJY	2025-09-06 19:47:34.712845+00	2025-09-06 19:47:34.712845+00	\N	region_id	eq
prule_01K4G93QP949DR7WX520H14JK6	reg_01K4FMC9VM7WSG2Z6RWCT5J0QR	0	price_01K4G93QNY1P8CX0Y1WXB36VAH	2025-09-06 19:47:34.712845+00	2025-09-06 19:47:34.712845+00	\N	region_id	eq
prule_01K4G93QP93VNCKKVDDTNSFC9X	reg_01K4FMC9VM7WSG2Z6RWCT5J0QR	0	price_01K4G93QNZ9RV0K9VRC76JFFH5	2025-09-06 19:47:34.712845+00	2025-09-06 19:47:34.712845+00	\N	region_id	eq
prule_01K4G93QP9AHJ0Y1B9ZMFPKYB4	reg_01K4FMC9VM7WSG2Z6RWCT5J0QR	0	price_01K4G93QNZZXXH9SF8NRFTYE3A	2025-09-06 19:47:34.712845+00	2025-09-06 19:47:34.712845+00	\N	region_id	eq
prule_01K4G944C62AD2JPCP0MFJQK4Y	reg_01K4FMC9VM7WSG2Z6RWCT5J0QR	0	price_01K4G944BVW57V74D3PM7MVCDP	2025-09-06 19:47:47.704269+00	2025-09-06 19:47:47.704269+00	\N	region_id	eq
prule_01K4G944C6PV880SHTVB40HD34	reg_01K4FMC9VM7WSG2Z6RWCT5J0QR	0	price_01K4G944BWV0R0WVR8WVT0J4RV	2025-09-06 19:47:47.704269+00	2025-09-06 19:47:47.704269+00	\N	region_id	eq
prule_01K4G944C6NF2J5YZVF88HWNS4	reg_01K4FMC9VM7WSG2Z6RWCT5J0QR	0	price_01K4G944BWC4HESHKVRJYHMBKD	2025-09-06 19:47:47.704269+00	2025-09-06 19:47:47.704269+00	\N	region_id	eq
prule_01K4G944C6FWET06ZBB718XG4G	reg_01K4FMC9VM7WSG2Z6RWCT5J0QR	0	price_01K4G944BWYHHVK172KB1NQNNK	2025-09-06 19:47:47.704269+00	2025-09-06 19:47:47.704269+00	\N	region_id	eq
prule_01K4G95E36MAGHMBFRATMKKZDB	reg_01K4FMC9VM7WSG2Z6RWCT5J0QR	0	price_01K4G95E2R2XBSGNQNG485ZYCG	2025-09-06 19:48:30.420017+00	2025-09-06 19:48:30.420017+00	\N	region_id	eq
prule_01K4G95E36A9C6BHS1383ED1C6	reg_01K4FMC9VM7WSG2Z6RWCT5J0QR	0	price_01K4G95E2RB4KHMYRKSRTDJTQE	2025-09-06 19:48:30.420017+00	2025-09-06 19:48:30.420017+00	\N	region_id	eq
prule_01K4G95E363HGMM3ZPANZKA136	reg_01K4FMC9VM7WSG2Z6RWCT5J0QR	0	price_01K4G95E2R7BFFKBBTX75QANJ7	2025-09-06 19:48:30.420017+00	2025-09-06 19:48:30.420017+00	\N	region_id	eq
prule_01K4G95E36CNKR358KCQY585BB	reg_01K4FMC9VM7WSG2Z6RWCT5J0QR	0	price_01K4G95E2SDGWQ2BQ1S3H9H9W2	2025-09-06 19:48:30.420017+00	2025-09-06 19:48:30.420017+00	\N	region_id	eq
prule_01K4G95E36F3G6BRKKGTD9ZZ23	reg_01K4FMC9VM7WSG2Z6RWCT5J0QR	0	price_01K4G95E2SKJR2WBQYNR59AVEK	2025-09-06 19:48:30.420017+00	2025-09-06 19:48:30.420017+00	\N	region_id	eq
prule_01K4G95E36HGRTPS5CHX1RM3JE	reg_01K4FMC9VM7WSG2Z6RWCT5J0QR	0	price_01K4G95E2SHS8A53S1RKVZPFNC	2025-09-06 19:48:30.420017+00	2025-09-06 19:48:30.420017+00	\N	region_id	eq
prule_01K4G95E36R0RB8V6W827JW8HT	reg_01K4FMC9VM7WSG2Z6RWCT5J0QR	0	price_01K4G95E2SJGFS7SMR3H3SZPRE	2025-09-06 19:48:30.420017+00	2025-09-06 19:48:30.420017+00	\N	region_id	eq
prule_01K4G95E364V2QPVNF3CBTS4DW	reg_01K4FMC9VM7WSG2Z6RWCT5J0QR	0	price_01K4G95E2SR6169QXA1YK8YA78	2025-09-06 19:48:30.420017+00	2025-09-06 19:48:30.420017+00	\N	region_id	eq
prule_01K4G95TJF72CGVYMH2RS137ES	reg_01K4FMC9VM7WSG2Z6RWCT5J0QR	0	price_01K4G95TJCGC3TBVYCVZ9F2FGC	2025-09-06 19:48:43.207493+00	2025-09-06 19:48:43.207493+00	\N	region_id	eq
\.


--
-- Data for Name: price_set; Type: TABLE DATA; Schema: public; Owner: marketplace
--

COPY public.price_set (id, created_at, updated_at, deleted_at) FROM stdin;
pset_01K4FMC9XZX4BPWS8ABEHMC7MQ	2025-09-06 13:45:15.456+00	2025-09-06 13:45:15.456+00	\N
pset_01K4FMC9Y0V6ZWPM81P07A1NA9	2025-09-06 13:45:15.456+00	2025-09-06 13:45:15.456+00	\N
pset_01K4FMCA3WTXWFGJMFTV12DTGD	2025-09-06 13:45:15.645+00	2025-09-06 13:45:15.645+00	\N
pset_01K4FMCA3WMQ6B01MK039G9FSH	2025-09-06 13:45:15.645+00	2025-09-06 13:45:15.645+00	\N
pset_01K4FMCA3XX3RF7BXQ7G23QJRR	2025-09-06 13:45:15.645+00	2025-09-06 13:45:15.645+00	\N
pset_01K4FMCA3XJTZ3X03SMW7BHYB2	2025-09-06 13:45:15.645+00	2025-09-06 13:45:15.645+00	\N
pset_01K4FMCA1X43TJJKM9D93W3Y3N	2025-09-06 13:45:15.582+00	2025-09-06 13:45:15.582+00	\N
pset_01K4FMCA1YS37K5MN3DSS4HW92	2025-09-06 13:45:15.582+00	2025-09-06 13:45:15.582+00	\N
pset_01K4FMCA1Y88AQ9ZYCVH44DDHG	2025-09-06 13:45:15.582+00	2025-09-06 13:45:15.582+00	\N
pset_01K4FMCA1Y4Y7C1THPXEMWH5VZ	2025-09-06 13:45:15.582+00	2025-09-06 13:45:15.582+00	\N
pset_01K4FMCA2WK3CGXRJ10QQK4TNZ	2025-09-06 13:45:15.613+00	2025-09-06 13:45:15.613+00	\N
pset_01K4FMCA2XNZE9VR4P9BYGTNZE	2025-09-06 13:45:15.613+00	2025-09-06 13:45:15.613+00	\N
pset_01K4FMCA2X0821Z9WM3S967396	2025-09-06 13:45:15.613+00	2025-09-06 13:45:15.613+00	\N
pset_01K4FMCA2XBBJTDDCXK1PCGQ3Y	2025-09-06 13:45:15.613+00	2025-09-06 13:45:15.613+00	\N
pset_01K4FMCA0G54ST3D4479GYVB0G	2025-09-06 13:45:15.538+00	2025-09-06 13:45:15.538+00	\N
pset_01K4FMCA0G252R7MKAFW4HS960	2025-09-06 13:45:15.538+00	2025-09-06 13:45:15.538+00	\N
pset_01K4FMCA0H49XEN5RHPATZQ9EK	2025-09-06 13:45:15.538+00	2025-09-06 13:45:15.538+00	\N
pset_01K4FMCA0HXBGMG9QH43WXVWM8	2025-09-06 13:45:15.538+00	2025-09-06 13:45:15.538+00	\N
pset_01K4FMCA0HCDM3X2C3SX6YXAND	2025-09-06 13:45:15.538+00	2025-09-06 13:45:15.538+00	\N
pset_01K4FMCA0HZ78A8J4HD121905C	2025-09-06 13:45:15.538+00	2025-09-06 13:45:15.538+00	\N
pset_01K4FMCA0HTVY0XA3QX43VWSXN	2025-09-06 13:45:15.538+00	2025-09-06 13:45:15.538+00	\N
pset_01K4FMCA0J9SZ103YB31NNM4HP	2025-09-06 13:45:15.538+00	2025-09-06 13:45:15.538+00	\N
pset_01K4G8ZZMCWS2QGDW3PPDXDWWE	2025-09-06 19:45:31.788+00	2025-09-06 19:45:31.788+00	\N
\.


--
-- Data for Name: product; Type: TABLE DATA; Schema: public; Owner: marketplace
--

COPY public.product (id, title, handle, subtitle, description, is_giftcard, status, thumbnail, weight, length, height, width, origin_country, hs_code, mid_code, material, collection_id, type_id, discountable, external_id, created_at, updated_at, deleted_at, metadata) FROM stdin;
prod_01K4FMC9Z74RRZ0MG6RGRSP4SR	Medusa T-Shirt	t-shirt	\N	Reimagine the feeling of a classic T-shirt. With our cotton T-shirts, everyday essentials no longer have to be ordinary.	f	published	https://medusa-public-images.s3.eu-west-1.amazonaws.com/tee-black-front.png	400	\N	\N	\N	\N	\N	\N	\N	\N	\N	t	\N	2025-09-06 13:45:15.497+00	2025-09-06 13:45:15.497+00	\N	\N
prod_01K4FMCA1B93S2Q35MCB4S68E6	Medusa Sweatshirt	sweatshirt	\N	Reimagine the feeling of a classic sweatshirt. With our cotton sweatshirt, everyday essentials no longer have to be ordinary.	f	published	https://medusa-public-images.s3.eu-west-1.amazonaws.com/sweatshirt-vintage-front.png	400	\N	\N	\N	\N	\N	\N	\N	\N	\N	t	\N	2025-09-06 13:45:15.564+00	2025-09-06 13:45:15.564+00	\N	\N
prod_01K4FMCA2BA9S7E0S90KZ713R9	Medusa Sweatpants	sweatpants	\N	Reimagine the feeling of classic sweatpants. With our cotton sweatpants, everyday essentials no longer have to be ordinary.	f	published	https://medusa-public-images.s3.eu-west-1.amazonaws.com/sweatpants-gray-front.png	400	\N	\N	\N	\N	\N	\N	\N	\N	\N	t	\N	2025-09-06 13:45:15.596+00	2025-09-06 13:45:15.596+00	\N	\N
prod_01K4FMCA3AG04F6E0WPT8RWZYD	Medusa Shorts	shorts	\N	Reimagine the feeling of classic shorts. With our cotton shorts, everyday essentials no longer have to be ordinary.	f	published	https://medusa-public-images.s3.eu-west-1.amazonaws.com/shorts-vintage-front.png	400	\N	\N	\N	\N	\N	\N	\N	\N	\N	t	\N	2025-09-06 13:45:15.627+00	2025-09-06 13:45:15.627+00	\N	\N
prod_01K4G8ZZJJP9WRVM2W3WCJQWNN	My Digital Book 	my-digital-book	\N	\N	f	draft	\N	\N	\N	\N	\N	\N	\N	\N	\N	\N	\N	t	\N	2025-09-06 19:45:31.731+00	2025-09-06 19:45:31.731+00	\N	\N
\.


--
-- Data for Name: product_category; Type: TABLE DATA; Schema: public; Owner: marketplace
--

COPY public.product_category (id, name, description, handle, mpath, is_active, is_internal, rank, parent_category_id, created_at, updated_at, deleted_at, metadata) FROM stdin;
pcat_01K4FMC9Z26Y10BDJJCSDFD4NR	Shirts		shirts	pcat_01K4FMC9Z26Y10BDJJCSDFD4NR	t	f	0	\N	2025-09-06 13:45:15.49+00	2025-09-06 13:45:15.49+00	\N	\N
pcat_01K4FMC9Z26TGKT1EPEDZJD19H	Sweatshirts		sweatshirts	pcat_01K4FMC9Z26TGKT1EPEDZJD19H	t	f	1	\N	2025-09-06 13:45:15.49+00	2025-09-06 13:45:15.49+00	\N	\N
pcat_01K4FMC9Z285GJCP40ETTYHAAM	Pants		pants	pcat_01K4FMC9Z285GJCP40ETTYHAAM	t	f	2	\N	2025-09-06 13:45:15.49+00	2025-09-06 13:45:15.49+00	\N	\N
pcat_01K4FMC9Z2HY9QRA13MKA4EZDF	Merch		merch	pcat_01K4FMC9Z2HY9QRA13MKA4EZDF	t	f	3	\N	2025-09-06 13:45:15.491+00	2025-09-06 13:45:15.491+00	\N	\N
\.


--
-- Data for Name: product_category_product; Type: TABLE DATA; Schema: public; Owner: marketplace
--

COPY public.product_category_product (product_id, product_category_id) FROM stdin;
prod_01K4FMC9Z74RRZ0MG6RGRSP4SR	pcat_01K4FMC9Z26Y10BDJJCSDFD4NR
prod_01K4FMCA1B93S2Q35MCB4S68E6	pcat_01K4FMC9Z26TGKT1EPEDZJD19H
prod_01K4FMCA2BA9S7E0S90KZ713R9	pcat_01K4FMC9Z285GJCP40ETTYHAAM
prod_01K4FMCA3AG04F6E0WPT8RWZYD	pcat_01K4FMC9Z2HY9QRA13MKA4EZDF
\.


--
-- Data for Name: product_collection; Type: TABLE DATA; Schema: public; Owner: marketplace
--

COPY public.product_collection (id, title, handle, metadata, created_at, updated_at, deleted_at) FROM stdin;
\.


--
-- Data for Name: product_option; Type: TABLE DATA; Schema: public; Owner: marketplace
--

COPY public.product_option (id, title, product_id, metadata, created_at, updated_at, deleted_at) FROM stdin;
opt_01K4FMC9Z8W4MXEF728QEX6G04	Size	prod_01K4FMC9Z74RRZ0MG6RGRSP4SR	\N	2025-09-06 13:45:15.498+00	2025-09-06 13:45:15.498+00	\N
opt_01K4FMC9Z9E5ESQX6AJS96S3CT	Color	prod_01K4FMC9Z74RRZ0MG6RGRSP4SR	\N	2025-09-06 13:45:15.498+00	2025-09-06 13:45:15.498+00	\N
opt_01K4FMCA1BYWX70GVCM7Y5QD9N	Size	prod_01K4FMCA1B93S2Q35MCB4S68E6	\N	2025-09-06 13:45:15.564+00	2025-09-06 13:45:15.564+00	\N
opt_01K4FMCA2B4GFW9DMXE9ETQB6Z	Size	prod_01K4FMCA2BA9S7E0S90KZ713R9	\N	2025-09-06 13:45:15.596+00	2025-09-06 13:45:15.596+00	\N
opt_01K4FMCA3BG97TBMC23G0YTZCB	Size	prod_01K4FMCA3AG04F6E0WPT8RWZYD	\N	2025-09-06 13:45:15.627+00	2025-09-06 13:45:15.627+00	\N
opt_01K4G8ZZJKPR2H192HFDTDTTGF	Default	prod_01K4G8ZZJJP9WRVM2W3WCJQWNN	\N	2025-09-06 19:45:31.732+00	2025-09-06 19:45:31.732+00	\N
\.


--
-- Data for Name: product_option_value; Type: TABLE DATA; Schema: public; Owner: marketplace
--

COPY public.product_option_value (id, value, option_id, metadata, created_at, updated_at, deleted_at) FROM stdin;
optval_01K4FMC9Z8R1KG22XFDY2A85C1	S	opt_01K4FMC9Z8W4MXEF728QEX6G04	\N	2025-09-06 13:45:15.498+00	2025-09-06 13:45:15.498+00	\N
optval_01K4FMC9Z8T79VRC176N0NZ75S	M	opt_01K4FMC9Z8W4MXEF728QEX6G04	\N	2025-09-06 13:45:15.498+00	2025-09-06 13:45:15.498+00	\N
optval_01K4FMC9Z8FK1BE6YFJ3773ZTJ	L	opt_01K4FMC9Z8W4MXEF728QEX6G04	\N	2025-09-06 13:45:15.498+00	2025-09-06 13:45:15.498+00	\N
optval_01K4FMC9Z8R2VF6034JXNX39K7	XL	opt_01K4FMC9Z8W4MXEF728QEX6G04	\N	2025-09-06 13:45:15.498+00	2025-09-06 13:45:15.498+00	\N
optval_01K4FMC9Z9FR4Q9C6GGH0P1C0Z	Black	opt_01K4FMC9Z9E5ESQX6AJS96S3CT	\N	2025-09-06 13:45:15.498+00	2025-09-06 13:45:15.498+00	\N
optval_01K4FMC9Z9NEAD2Y4FF0Y0KH9C	White	opt_01K4FMC9Z9E5ESQX6AJS96S3CT	\N	2025-09-06 13:45:15.498+00	2025-09-06 13:45:15.498+00	\N
optval_01K4FMCA1B027VXRVTS1JXKS1B	S	opt_01K4FMCA1BYWX70GVCM7Y5QD9N	\N	2025-09-06 13:45:15.564+00	2025-09-06 13:45:15.564+00	\N
optval_01K4FMCA1BCY7WZ8CMEMCDJ60Z	M	opt_01K4FMCA1BYWX70GVCM7Y5QD9N	\N	2025-09-06 13:45:15.564+00	2025-09-06 13:45:15.564+00	\N
optval_01K4FMCA1B06X2Q4YDPQ5PCVJX	L	opt_01K4FMCA1BYWX70GVCM7Y5QD9N	\N	2025-09-06 13:45:15.564+00	2025-09-06 13:45:15.564+00	\N
optval_01K4FMCA1B9TY2EBN8P4BYJZTM	XL	opt_01K4FMCA1BYWX70GVCM7Y5QD9N	\N	2025-09-06 13:45:15.564+00	2025-09-06 13:45:15.564+00	\N
optval_01K4FMCA2BSSNQ54A8RDX6AMA2	S	opt_01K4FMCA2B4GFW9DMXE9ETQB6Z	\N	2025-09-06 13:45:15.596+00	2025-09-06 13:45:15.596+00	\N
optval_01K4FMCA2BQQAM4540WSH2RXWD	M	opt_01K4FMCA2B4GFW9DMXE9ETQB6Z	\N	2025-09-06 13:45:15.596+00	2025-09-06 13:45:15.596+00	\N
optval_01K4FMCA2B0YFV4FGSC1QBG2P4	L	opt_01K4FMCA2B4GFW9DMXE9ETQB6Z	\N	2025-09-06 13:45:15.596+00	2025-09-06 13:45:15.596+00	\N
optval_01K4FMCA2BX6GHBA5A3PP1FWFP	XL	opt_01K4FMCA2B4GFW9DMXE9ETQB6Z	\N	2025-09-06 13:45:15.596+00	2025-09-06 13:45:15.596+00	\N
optval_01K4FMCA3AW9GJXEZQEM1XT6MA	S	opt_01K4FMCA3BG97TBMC23G0YTZCB	\N	2025-09-06 13:45:15.627+00	2025-09-06 13:45:15.627+00	\N
optval_01K4FMCA3A0N2V3YMKMK984761	M	opt_01K4FMCA3BG97TBMC23G0YTZCB	\N	2025-09-06 13:45:15.627+00	2025-09-06 13:45:15.627+00	\N
optval_01K4FMCA3A3VGWA75EQMZHWRT3	L	opt_01K4FMCA3BG97TBMC23G0YTZCB	\N	2025-09-06 13:45:15.627+00	2025-09-06 13:45:15.627+00	\N
optval_01K4FMCA3AKTP4E8N9EHHEQ7N4	XL	opt_01K4FMCA3BG97TBMC23G0YTZCB	\N	2025-09-06 13:45:15.627+00	2025-09-06 13:45:15.627+00	\N
optval_01K4G8ZZJKNZ4EYWR07XEYHGNK	default	opt_01K4G8ZZJKPR2H192HFDTDTTGF	\N	2025-09-06 19:45:31.732+00	2025-09-06 19:45:31.732+00	\N
\.


--
-- Data for Name: product_sales_channel; Type: TABLE DATA; Schema: public; Owner: marketplace
--

COPY public.product_sales_channel (product_id, sales_channel_id, id, created_at, updated_at, deleted_at) FROM stdin;
prod_01K4FMC9Z74RRZ0MG6RGRSP4SR	sc_01K4FK2HD6TNENZG15QPXENP4A	prodsc_01K4FMC9ZK2R5071AZ33A8M9QM	2025-09-06 13:45:15.507548+00	2025-09-06 13:45:15.507548+00	\N
prod_01K4FMCA1B93S2Q35MCB4S68E6	sc_01K4FK2HD6TNENZG15QPXENP4A	prodsc_01K4FMCA1F45M6BD6M0Y2D8KZG	2025-09-06 13:45:15.56752+00	2025-09-06 13:45:15.56752+00	\N
prod_01K4FMCA2BA9S7E0S90KZ713R9	sc_01K4FK2HD6TNENZG15QPXENP4A	prodsc_01K4FMCA2FKN0J73XA52H5VFHP	2025-09-06 13:45:15.599419+00	2025-09-06 13:45:15.599419+00	\N
prod_01K4FMCA3AG04F6E0WPT8RWZYD	sc_01K4FK2HD6TNENZG15QPXENP4A	prodsc_01K4FMCA3EJ99F4C1XBS04EVME	2025-09-06 13:45:15.630285+00	2025-09-06 13:45:15.630285+00	\N
\.


--
-- Data for Name: product_shipping_profile; Type: TABLE DATA; Schema: public; Owner: marketplace
--

COPY public.product_shipping_profile (product_id, shipping_profile_id, id, created_at, updated_at, deleted_at) FROM stdin;
prod_01K4G8ZZJJP9WRVM2W3WCJQWNN	sp_01K4FK29T7V6C54BPTN662E37K	prodsp_01K4G965E4XRZZ4FCXJJEBFB9W	2025-09-06 19:48:54.339854+00	2025-09-06 19:48:54.339854+00	\N
\.


--
-- Data for Name: product_tag; Type: TABLE DATA; Schema: public; Owner: marketplace
--

COPY public.product_tag (id, value, metadata, created_at, updated_at, deleted_at) FROM stdin;
ptag_01K4G8GQWFZ4D2R16EGJZEBV3V	My digital product tag	\N	2025-09-06 19:37:12.335+00	2025-09-06 19:37:12.335+00	\N
ptag_01K4G8H8Z3333BKFPHY85B24YM	My product tag	\N	2025-09-06 19:37:29.828+00	2025-09-06 19:37:29.828+00	\N
\.


--
-- Data for Name: product_tags; Type: TABLE DATA; Schema: public; Owner: marketplace
--

COPY public.product_tags (product_id, product_tag_id) FROM stdin;
\.


--
-- Data for Name: product_type; Type: TABLE DATA; Schema: public; Owner: marketplace
--

COPY public.product_type (id, value, metadata, created_at, updated_at, deleted_at) FROM stdin;
\.


--
-- Data for Name: product_variant; Type: TABLE DATA; Schema: public; Owner: marketplace
--

COPY public.product_variant (id, title, sku, barcode, ean, upc, allow_backorder, manage_inventory, hs_code, origin_country, mid_code, material, weight, length, height, width, metadata, variant_rank, product_id, created_at, updated_at, deleted_at) FROM stdin;
variant_01K4FMCA3M1FHK8BEAVF03T4F2	L	SHORTS-L	\N	\N	\N	f	f	\N	\N	\N	\N	\N	\N	\N	\N	\N	0	prod_01K4FMCA3AG04F6E0WPT8RWZYD	2025-09-06 13:45:15.636+00	2025-09-06 13:45:15.636+00	\N
variant_01K4FMCA3M4Z7WQJTC2PXQ5VBS	XL	SHORTS-XL	\N	\N	\N	f	f	\N	\N	\N	\N	\N	\N	\N	\N	\N	0	prod_01K4FMCA3AG04F6E0WPT8RWZYD	2025-09-06 13:45:15.636+00	2025-09-06 13:45:15.636+00	\N
variant_01K4FMCA3MMZP508V5VTXRPPJW	S	SHORTS-S	\N	\N	\N	f	f	\N	\N	\N	\N	\N	\N	\N	\N	\N	0	prod_01K4FMCA3AG04F6E0WPT8RWZYD	2025-09-06 13:45:15.636+00	2025-09-06 13:45:15.636+00	\N
variant_01K4FMCA3MRE3NMT2Q9ND8ZA4V	M	SHORTS-M	\N	\N	\N	f	f	\N	\N	\N	\N	\N	\N	\N	\N	\N	0	prod_01K4FMCA3AG04F6E0WPT8RWZYD	2025-09-06 13:45:15.636+00	2025-09-06 13:45:15.636+00	\N
variant_01K4FMCA1N1QGJZ0GES6CPEBBJ	L	SWEATSHIRT-L	\N	\N	\N	f	f	\N	\N	\N	\N	\N	\N	\N	\N	\N	0	prod_01K4FMCA1B93S2Q35MCB4S68E6	2025-09-06 13:45:15.574+00	2025-09-06 13:45:15.574+00	\N
variant_01K4FMCA1NN5KQZJ8279KFQZP5	M	SWEATSHIRT-M	\N	\N	\N	f	f	\N	\N	\N	\N	\N	\N	\N	\N	\N	0	prod_01K4FMCA1B93S2Q35MCB4S68E6	2025-09-06 13:45:15.574+00	2025-09-06 13:45:15.574+00	\N
variant_01K4FMCA1NPB8HTMV4CM711B90	S	SWEATSHIRT-S	\N	\N	\N	f	f	\N	\N	\N	\N	\N	\N	\N	\N	\N	0	prod_01K4FMCA1B93S2Q35MCB4S68E6	2025-09-06 13:45:15.574+00	2025-09-06 13:45:15.574+00	\N
variant_01K4FMCA1PJTTDPAS1NMM9A98Q	XL	SWEATSHIRT-XL	\N	\N	\N	f	f	\N	\N	\N	\N	\N	\N	\N	\N	\N	0	prod_01K4FMCA1B93S2Q35MCB4S68E6	2025-09-06 13:45:15.574+00	2025-09-06 13:45:15.574+00	\N
variant_01K4FMCA2N18JKP723KWBF5PN6	S	SWEATPANTS-S	\N	\N	\N	f	f	\N	\N	\N	\N	\N	\N	\N	\N	\N	0	prod_01K4FMCA2BA9S7E0S90KZ713R9	2025-09-06 13:45:15.605+00	2025-09-06 13:45:15.605+00	\N
variant_01K4FMCA2N6G9N21YN4W8MJANG	XL	SWEATPANTS-XL	\N	\N	\N	f	f	\N	\N	\N	\N	\N	\N	\N	\N	\N	0	prod_01K4FMCA2BA9S7E0S90KZ713R9	2025-09-06 13:45:15.605+00	2025-09-06 13:45:15.605+00	\N
variant_01K4FMCA2NG1G4CMXDF5ME05SX	L	SWEATPANTS-L	\N	\N	\N	f	f	\N	\N	\N	\N	\N	\N	\N	\N	\N	0	prod_01K4FMCA2BA9S7E0S90KZ713R9	2025-09-06 13:45:15.605+00	2025-09-06 13:45:15.605+00	\N
variant_01K4FMCA2NHQKRZ1A02B7EHDKS	M	SWEATPANTS-M	\N	\N	\N	f	f	\N	\N	\N	\N	\N	\N	\N	\N	\N	0	prod_01K4FMCA2BA9S7E0S90KZ713R9	2025-09-06 13:45:15.605+00	2025-09-06 13:45:15.605+00	\N
variant_01K4FMCA001P7R24SFDEZ35E4C	S / Black	SHIRT-S-BLACK	\N	\N	\N	f	f	\N	\N	\N	\N	\N	\N	\N	\N	\N	0	prod_01K4FMC9Z74RRZ0MG6RGRSP4SR	2025-09-06 13:45:15.521+00	2025-09-06 13:45:15.521+00	\N
variant_01K4FMCA017X7YMJRPPMCDYFKB	L / Black	SHIRT-L-BLACK	\N	\N	\N	f	f	\N	\N	\N	\N	\N	\N	\N	\N	\N	0	prod_01K4FMC9Z74RRZ0MG6RGRSP4SR	2025-09-06 13:45:15.521+00	2025-09-06 13:45:15.521+00	\N
variant_01K4FMCA018VX2S4EVVN4B6SJF	L / White	SHIRT-L-WHITE	\N	\N	\N	f	f	\N	\N	\N	\N	\N	\N	\N	\N	\N	0	prod_01K4FMC9Z74RRZ0MG6RGRSP4SR	2025-09-06 13:45:15.521+00	2025-09-06 13:45:15.521+00	\N
variant_01K4FMCA01B96BGRJPF7DN5PKE	M / Black	SHIRT-M-BLACK	\N	\N	\N	f	f	\N	\N	\N	\N	\N	\N	\N	\N	\N	0	prod_01K4FMC9Z74RRZ0MG6RGRSP4SR	2025-09-06 13:45:15.521+00	2025-09-06 13:45:15.521+00	\N
variant_01K4FMCA01BHGB9D8FEHBYPTYK	XL / Black	SHIRT-XL-BLACK	\N	\N	\N	f	f	\N	\N	\N	\N	\N	\N	\N	\N	\N	0	prod_01K4FMC9Z74RRZ0MG6RGRSP4SR	2025-09-06 13:45:15.521+00	2025-09-06 13:45:15.521+00	\N
variant_01K4FMCA01DCYRYFNYG0RTQ2HJ	M / White	SHIRT-M-WHITE	\N	\N	\N	f	f	\N	\N	\N	\N	\N	\N	\N	\N	\N	0	prod_01K4FMC9Z74RRZ0MG6RGRSP4SR	2025-09-06 13:45:15.521+00	2025-09-06 13:45:15.521+00	\N
variant_01K4FMCA01F39CGN3AQ2R31N8F	XL / White	SHIRT-XL-WHITE	\N	\N	\N	f	f	\N	\N	\N	\N	\N	\N	\N	\N	\N	0	prod_01K4FMC9Z74RRZ0MG6RGRSP4SR	2025-09-06 13:45:15.522+00	2025-09-06 13:45:15.522+00	\N
variant_01K4FMCA01Z1FVVT0NXTBAVZZ6	S / White	SHIRT-S-WHITE	\N	\N	\N	f	f	\N	\N	\N	\N	\N	\N	\N	\N	\N	0	prod_01K4FMC9Z74RRZ0MG6RGRSP4SR	2025-09-06 13:45:15.521+00	2025-09-06 13:45:15.521+00	\N
variant_01K4G8ZZKJR8YFSW1ZDA5DZ04Z	My Digital Book 	\N	\N	\N	\N	f	t	\N	\N	\N	\N	\N	\N	\N	\N	\N	0	prod_01K4G8ZZJJP9WRVM2W3WCJQWNN	2025-09-06 19:45:31.763+00	2025-09-06 19:45:31.763+00	\N
\.


--
-- Data for Name: product_variant_inventory_item; Type: TABLE DATA; Schema: public; Owner: marketplace
--

COPY public.product_variant_inventory_item (variant_id, inventory_item_id, id, required_quantity, created_at, updated_at, deleted_at) FROM stdin;
variant_01K4G8ZZKJR8YFSW1ZDA5DZ04Z	iitem_01K4G8ZZKYMP54SBJJSHVQ3GP3	pvitem_01K4G8ZZM6NACZ01Q2VB9Z09EG	1	2025-09-06 19:45:31.781459+00	2025-09-06 19:45:31.781459+00	\N
\.


--
-- Data for Name: product_variant_option; Type: TABLE DATA; Schema: public; Owner: marketplace
--

COPY public.product_variant_option (variant_id, option_value_id) FROM stdin;
variant_01K4FMCA001P7R24SFDEZ35E4C	optval_01K4FMC9Z8R1KG22XFDY2A85C1
variant_01K4FMCA001P7R24SFDEZ35E4C	optval_01K4FMC9Z9FR4Q9C6GGH0P1C0Z
variant_01K4FMCA01Z1FVVT0NXTBAVZZ6	optval_01K4FMC9Z8R1KG22XFDY2A85C1
variant_01K4FMCA01Z1FVVT0NXTBAVZZ6	optval_01K4FMC9Z9NEAD2Y4FF0Y0KH9C
variant_01K4FMCA01B96BGRJPF7DN5PKE	optval_01K4FMC9Z8T79VRC176N0NZ75S
variant_01K4FMCA01B96BGRJPF7DN5PKE	optval_01K4FMC9Z9FR4Q9C6GGH0P1C0Z
variant_01K4FMCA01DCYRYFNYG0RTQ2HJ	optval_01K4FMC9Z8T79VRC176N0NZ75S
variant_01K4FMCA01DCYRYFNYG0RTQ2HJ	optval_01K4FMC9Z9NEAD2Y4FF0Y0KH9C
variant_01K4FMCA017X7YMJRPPMCDYFKB	optval_01K4FMC9Z8FK1BE6YFJ3773ZTJ
variant_01K4FMCA017X7YMJRPPMCDYFKB	optval_01K4FMC9Z9FR4Q9C6GGH0P1C0Z
variant_01K4FMCA018VX2S4EVVN4B6SJF	optval_01K4FMC9Z8FK1BE6YFJ3773ZTJ
variant_01K4FMCA018VX2S4EVVN4B6SJF	optval_01K4FMC9Z9NEAD2Y4FF0Y0KH9C
variant_01K4FMCA01BHGB9D8FEHBYPTYK	optval_01K4FMC9Z8R2VF6034JXNX39K7
variant_01K4FMCA01BHGB9D8FEHBYPTYK	optval_01K4FMC9Z9FR4Q9C6GGH0P1C0Z
variant_01K4FMCA01F39CGN3AQ2R31N8F	optval_01K4FMC9Z8R2VF6034JXNX39K7
variant_01K4FMCA01F39CGN3AQ2R31N8F	optval_01K4FMC9Z9NEAD2Y4FF0Y0KH9C
variant_01K4FMCA1NPB8HTMV4CM711B90	optval_01K4FMCA1B027VXRVTS1JXKS1B
variant_01K4FMCA1NN5KQZJ8279KFQZP5	optval_01K4FMCA1BCY7WZ8CMEMCDJ60Z
variant_01K4FMCA1N1QGJZ0GES6CPEBBJ	optval_01K4FMCA1B06X2Q4YDPQ5PCVJX
variant_01K4FMCA1PJTTDPAS1NMM9A98Q	optval_01K4FMCA1B9TY2EBN8P4BYJZTM
variant_01K4FMCA2N18JKP723KWBF5PN6	optval_01K4FMCA2BSSNQ54A8RDX6AMA2
variant_01K4FMCA2NHQKRZ1A02B7EHDKS	optval_01K4FMCA2BQQAM4540WSH2RXWD
variant_01K4FMCA2NG1G4CMXDF5ME05SX	optval_01K4FMCA2B0YFV4FGSC1QBG2P4
variant_01K4FMCA2N6G9N21YN4W8MJANG	optval_01K4FMCA2BX6GHBA5A3PP1FWFP
variant_01K4FMCA3MMZP508V5VTXRPPJW	optval_01K4FMCA3AW9GJXEZQEM1XT6MA
variant_01K4FMCA3MRE3NMT2Q9ND8ZA4V	optval_01K4FMCA3A0N2V3YMKMK984761
variant_01K4FMCA3M1FHK8BEAVF03T4F2	optval_01K4FMCA3A3VGWA75EQMZHWRT3
variant_01K4FMCA3M4Z7WQJTC2PXQ5VBS	optval_01K4FMCA3AKTP4E8N9EHHEQ7N4
variant_01K4G8ZZKJR8YFSW1ZDA5DZ04Z	optval_01K4G8ZZJKNZ4EYWR07XEYHGNK
\.


--
-- Data for Name: product_variant_price_set; Type: TABLE DATA; Schema: public; Owner: marketplace
--

COPY public.product_variant_price_set (variant_id, price_set_id, id, created_at, updated_at, deleted_at) FROM stdin;
variant_01K4FMCA001P7R24SFDEZ35E4C	pset_01K4FMCA0G54ST3D4479GYVB0G	pvps_01K4FMCA0WCH9YFN2K2VACMEZT	2025-09-06 13:45:15.547954+00	2025-09-06 13:45:15.547954+00	\N
variant_01K4FMCA01Z1FVVT0NXTBAVZZ6	pset_01K4FMCA0G252R7MKAFW4HS960	pvps_01K4FMCA0WS87JDDDNV0JJ7R7E	2025-09-06 13:45:15.547954+00	2025-09-06 13:45:15.547954+00	\N
variant_01K4FMCA01B96BGRJPF7DN5PKE	pset_01K4FMCA0H49XEN5RHPATZQ9EK	pvps_01K4FMCA0WS7XW489A8WXP6PZ2	2025-09-06 13:45:15.547954+00	2025-09-06 13:45:15.547954+00	\N
variant_01K4FMCA01DCYRYFNYG0RTQ2HJ	pset_01K4FMCA0HXBGMG9QH43WXVWM8	pvps_01K4FMCA0W9BN0N68F49S9128R	2025-09-06 13:45:15.547954+00	2025-09-06 13:45:15.547954+00	\N
variant_01K4FMCA017X7YMJRPPMCDYFKB	pset_01K4FMCA0HCDM3X2C3SX6YXAND	pvps_01K4FMCA0W89BR04W5BPPB6E4Y	2025-09-06 13:45:15.547954+00	2025-09-06 13:45:15.547954+00	\N
variant_01K4FMCA018VX2S4EVVN4B6SJF	pset_01K4FMCA0HZ78A8J4HD121905C	pvps_01K4FMCA0WN0METP6GT82RFX97	2025-09-06 13:45:15.547954+00	2025-09-06 13:45:15.547954+00	\N
variant_01K4FMCA01BHGB9D8FEHBYPTYK	pset_01K4FMCA0HTVY0XA3QX43VWSXN	pvps_01K4FMCA0W8R5E62BYS96N4NY1	2025-09-06 13:45:15.547954+00	2025-09-06 13:45:15.547954+00	\N
variant_01K4FMCA01F39CGN3AQ2R31N8F	pset_01K4FMCA0J9SZ103YB31NNM4HP	pvps_01K4FMCA0WFPSN0KKBQNE0YSG4	2025-09-06 13:45:15.547954+00	2025-09-06 13:45:15.547954+00	\N
variant_01K4FMCA1NPB8HTMV4CM711B90	pset_01K4FMCA1X43TJJKM9D93W3Y3N	pvps_01K4FMCA23BJBAHQQB3GB6PGCG	2025-09-06 13:45:15.587648+00	2025-09-06 13:45:15.587648+00	\N
variant_01K4FMCA1NN5KQZJ8279KFQZP5	pset_01K4FMCA1YS37K5MN3DSS4HW92	pvps_01K4FMCA23R4SZS7SAN6HGV68A	2025-09-06 13:45:15.587648+00	2025-09-06 13:45:15.587648+00	\N
variant_01K4FMCA1N1QGJZ0GES6CPEBBJ	pset_01K4FMCA1Y88AQ9ZYCVH44DDHG	pvps_01K4FMCA23GX1YW4DBDQ62NRGV	2025-09-06 13:45:15.587648+00	2025-09-06 13:45:15.587648+00	\N
variant_01K4FMCA1PJTTDPAS1NMM9A98Q	pset_01K4FMCA1Y4Y7C1THPXEMWH5VZ	pvps_01K4FMCA23065Y5NSFH39XD72E	2025-09-06 13:45:15.587648+00	2025-09-06 13:45:15.587648+00	\N
variant_01K4FMCA2N18JKP723KWBF5PN6	pset_01K4FMCA2WK3CGXRJ10QQK4TNZ	pvps_01K4FMCA33VWGV1TW451BWP2S6	2025-09-06 13:45:15.619155+00	2025-09-06 13:45:15.619155+00	\N
variant_01K4FMCA2NHQKRZ1A02B7EHDKS	pset_01K4FMCA2XNZE9VR4P9BYGTNZE	pvps_01K4FMCA34HE76WDKGZ0ZWN0AJ	2025-09-06 13:45:15.619155+00	2025-09-06 13:45:15.619155+00	\N
variant_01K4FMCA2NG1G4CMXDF5ME05SX	pset_01K4FMCA2X0821Z9WM3S967396	pvps_01K4FMCA34KE78AQHJ8EB3S8D1	2025-09-06 13:45:15.619155+00	2025-09-06 13:45:15.619155+00	\N
variant_01K4FMCA2N6G9N21YN4W8MJANG	pset_01K4FMCA2XBBJTDDCXK1PCGQ3Y	pvps_01K4FMCA34AQMEWH3YZFS4J9ZP	2025-09-06 13:45:15.619155+00	2025-09-06 13:45:15.619155+00	\N
variant_01K4FMCA3MMZP508V5VTXRPPJW	pset_01K4FMCA3WTXWFGJMFTV12DTGD	pvps_01K4FMCA43EPGY4AV5MKD4J5ZV	2025-09-06 13:45:15.651615+00	2025-09-06 13:45:15.651615+00	\N
variant_01K4FMCA3MRE3NMT2Q9ND8ZA4V	pset_01K4FMCA3WMQ6B01MK039G9FSH	pvps_01K4FMCA43896TNZRZED8XSB63	2025-09-06 13:45:15.651615+00	2025-09-06 13:45:15.651615+00	\N
variant_01K4FMCA3M1FHK8BEAVF03T4F2	pset_01K4FMCA3XX3RF7BXQ7G23QJRR	pvps_01K4FMCA43WTJH4682N5HGZX49	2025-09-06 13:45:15.651615+00	2025-09-06 13:45:15.651615+00	\N
variant_01K4FMCA3M4Z7WQJTC2PXQ5VBS	pset_01K4FMCA3XJTZ3X03SMW7BHYB2	pvps_01K4FMCA43FZ7YQCF2WWB8RWP6	2025-09-06 13:45:15.651615+00	2025-09-06 13:45:15.651615+00	\N
variant_01K4G8ZZKJR8YFSW1ZDA5DZ04Z	pset_01K4G8ZZMCWS2QGDW3PPDXDWWE	pvps_01K4G8ZZMVS47SGYPJMPMW38A4	2025-09-06 19:45:31.802787+00	2025-09-06 19:45:31.802787+00	\N
\.


--
-- Data for Name: promotion; Type: TABLE DATA; Schema: public; Owner: marketplace
--

COPY public.promotion (id, code, campaign_id, is_automatic, type, created_at, updated_at, deleted_at, status) FROM stdin;
\.


--
-- Data for Name: promotion_application_method; Type: TABLE DATA; Schema: public; Owner: marketplace
--

COPY public.promotion_application_method (id, value, raw_value, max_quantity, apply_to_quantity, buy_rules_min_quantity, type, target_type, allocation, promotion_id, created_at, updated_at, deleted_at, currency_code) FROM stdin;
\.


--
-- Data for Name: promotion_campaign; Type: TABLE DATA; Schema: public; Owner: marketplace
--

COPY public.promotion_campaign (id, name, description, campaign_identifier, starts_at, ends_at, created_at, updated_at, deleted_at) FROM stdin;
\.


--
-- Data for Name: promotion_campaign_budget; Type: TABLE DATA; Schema: public; Owner: marketplace
--

COPY public.promotion_campaign_budget (id, type, campaign_id, "limit", raw_limit, used, raw_used, created_at, updated_at, deleted_at, currency_code) FROM stdin;
\.


--
-- Data for Name: promotion_promotion_rule; Type: TABLE DATA; Schema: public; Owner: marketplace
--

COPY public.promotion_promotion_rule (promotion_id, promotion_rule_id) FROM stdin;
\.


--
-- Data for Name: promotion_rule; Type: TABLE DATA; Schema: public; Owner: marketplace
--

COPY public.promotion_rule (id, description, attribute, operator, created_at, updated_at, deleted_at) FROM stdin;
\.


--
-- Data for Name: promotion_rule_value; Type: TABLE DATA; Schema: public; Owner: marketplace
--

COPY public.promotion_rule_value (id, promotion_rule_id, value, created_at, updated_at, deleted_at) FROM stdin;
\.


--
-- Data for Name: provider_identity; Type: TABLE DATA; Schema: public; Owner: marketplace
--

COPY public.provider_identity (id, entity_id, provider, auth_identity_id, user_metadata, provider_metadata, created_at, updated_at, deleted_at) FROM stdin;
01K4FMDW3S4A6SZMA4MHJY1Y93	roicoroy@yahoo.com.br	emailpass	authid_01K4FMDW3S6ABHKQCQRXW2WEJC	\N	{"password": "c2NyeXB0AA8AAAAIAAAAAU1YglEH6zSmYHV+8Gvz3UYPj2XKMoCkk5YPwlZHhRcEpOBr7w5tw/0AY9yvtxHWO50v47zoBBkh1GSo5gSe00U9V7ZzNpasEufLNTs3AZaK"}	2025-09-06 13:46:06.841+00	2025-09-06 13:46:06.841+00	\N
\.


--
-- Data for Name: publishable_api_key_sales_channel; Type: TABLE DATA; Schema: public; Owner: marketplace
--

COPY public.publishable_api_key_sales_channel (publishable_key_id, sales_channel_id, id, created_at, updated_at, deleted_at) FROM stdin;
apk_01K4FMC9YN1CTQERNJFW6Q8EQ3	sc_01K4FK2HD6TNENZG15QPXENP4A	pksc_01K4FMC9YTFSZ057HHG0M258HJ	2025-09-06 13:45:15.48222+00	2025-09-06 13:45:15.48222+00	\N
\.


--
-- Data for Name: refund; Type: TABLE DATA; Schema: public; Owner: marketplace
--

COPY public.refund (id, amount, raw_amount, payment_id, created_at, updated_at, deleted_at, created_by, metadata, refund_reason_id, note) FROM stdin;
\.


--
-- Data for Name: refund_reason; Type: TABLE DATA; Schema: public; Owner: marketplace
--

COPY public.refund_reason (id, label, description, metadata, created_at, updated_at, deleted_at) FROM stdin;
\.


--
-- Data for Name: region; Type: TABLE DATA; Schema: public; Owner: marketplace
--

COPY public.region (id, name, currency_code, metadata, created_at, updated_at, deleted_at, automatic_taxes) FROM stdin;
reg_01K4FMC9VM7WSG2Z6RWCT5J0QR	United Kingdom	gbp	\N	2025-09-06 13:45:15.385+00	2025-09-06 19:32:32.101+00	\N	t
\.


--
-- Data for Name: region_country; Type: TABLE DATA; Schema: public; Owner: marketplace
--

COPY public.region_country (iso_2, iso_3, num_code, name, display_name, region_id, metadata, created_at, updated_at, deleted_at) FROM stdin;
af	afg	004	AFGHANISTAN	Afghanistan	\N	\N	2025-09-06 13:22:18.41+00	2025-09-06 13:22:18.41+00	\N
al	alb	008	ALBANIA	Albania	\N	\N	2025-09-06 13:22:18.411+00	2025-09-06 13:22:18.411+00	\N
dz	dza	012	ALGERIA	Algeria	\N	\N	2025-09-06 13:22:18.411+00	2025-09-06 13:22:18.411+00	\N
as	asm	016	AMERICAN SAMOA	American Samoa	\N	\N	2025-09-06 13:22:18.411+00	2025-09-06 13:22:18.411+00	\N
ad	and	020	ANDORRA	Andorra	\N	\N	2025-09-06 13:22:18.411+00	2025-09-06 13:22:18.411+00	\N
ao	ago	024	ANGOLA	Angola	\N	\N	2025-09-06 13:22:18.411+00	2025-09-06 13:22:18.411+00	\N
ai	aia	660	ANGUILLA	Anguilla	\N	\N	2025-09-06 13:22:18.411+00	2025-09-06 13:22:18.411+00	\N
aq	ata	010	ANTARCTICA	Antarctica	\N	\N	2025-09-06 13:22:18.411+00	2025-09-06 13:22:18.411+00	\N
ag	atg	028	ANTIGUA AND BARBUDA	Antigua and Barbuda	\N	\N	2025-09-06 13:22:18.411+00	2025-09-06 13:22:18.411+00	\N
ar	arg	032	ARGENTINA	Argentina	\N	\N	2025-09-06 13:22:18.411+00	2025-09-06 13:22:18.411+00	\N
am	arm	051	ARMENIA	Armenia	\N	\N	2025-09-06 13:22:18.411+00	2025-09-06 13:22:18.411+00	\N
aw	abw	533	ARUBA	Aruba	\N	\N	2025-09-06 13:22:18.411+00	2025-09-06 13:22:18.411+00	\N
au	aus	036	AUSTRALIA	Australia	\N	\N	2025-09-06 13:22:18.411+00	2025-09-06 13:22:18.411+00	\N
at	aut	040	AUSTRIA	Austria	\N	\N	2025-09-06 13:22:18.411+00	2025-09-06 13:22:18.411+00	\N
az	aze	031	AZERBAIJAN	Azerbaijan	\N	\N	2025-09-06 13:22:18.411+00	2025-09-06 13:22:18.411+00	\N
bs	bhs	044	BAHAMAS	Bahamas	\N	\N	2025-09-06 13:22:18.411+00	2025-09-06 13:22:18.411+00	\N
bh	bhr	048	BAHRAIN	Bahrain	\N	\N	2025-09-06 13:22:18.411+00	2025-09-06 13:22:18.411+00	\N
bd	bgd	050	BANGLADESH	Bangladesh	\N	\N	2025-09-06 13:22:18.411+00	2025-09-06 13:22:18.411+00	\N
bb	brb	052	BARBADOS	Barbados	\N	\N	2025-09-06 13:22:18.411+00	2025-09-06 13:22:18.411+00	\N
by	blr	112	BELARUS	Belarus	\N	\N	2025-09-06 13:22:18.411+00	2025-09-06 13:22:18.411+00	\N
be	bel	056	BELGIUM	Belgium	\N	\N	2025-09-06 13:22:18.411+00	2025-09-06 13:22:18.411+00	\N
bz	blz	084	BELIZE	Belize	\N	\N	2025-09-06 13:22:18.411+00	2025-09-06 13:22:18.411+00	\N
bj	ben	204	BENIN	Benin	\N	\N	2025-09-06 13:22:18.411+00	2025-09-06 13:22:18.411+00	\N
bm	bmu	060	BERMUDA	Bermuda	\N	\N	2025-09-06 13:22:18.411+00	2025-09-06 13:22:18.411+00	\N
bt	btn	064	BHUTAN	Bhutan	\N	\N	2025-09-06 13:22:18.411+00	2025-09-06 13:22:18.411+00	\N
bo	bol	068	BOLIVIA	Bolivia	\N	\N	2025-09-06 13:22:18.411+00	2025-09-06 13:22:18.411+00	\N
bq	bes	535	BONAIRE, SINT EUSTATIUS AND SABA	Bonaire, Sint Eustatius and Saba	\N	\N	2025-09-06 13:22:18.411+00	2025-09-06 13:22:18.411+00	\N
ba	bih	070	BOSNIA AND HERZEGOVINA	Bosnia and Herzegovina	\N	\N	2025-09-06 13:22:18.411+00	2025-09-06 13:22:18.411+00	\N
bw	bwa	072	BOTSWANA	Botswana	\N	\N	2025-09-06 13:22:18.411+00	2025-09-06 13:22:18.411+00	\N
bv	bvd	074	BOUVET ISLAND	Bouvet Island	\N	\N	2025-09-06 13:22:18.411+00	2025-09-06 13:22:18.411+00	\N
br	bra	076	BRAZIL	Brazil	\N	\N	2025-09-06 13:22:18.411+00	2025-09-06 13:22:18.411+00	\N
io	iot	086	BRITISH INDIAN OCEAN TERRITORY	British Indian Ocean Territory	\N	\N	2025-09-06 13:22:18.411+00	2025-09-06 13:22:18.411+00	\N
bn	brn	096	BRUNEI DARUSSALAM	Brunei Darussalam	\N	\N	2025-09-06 13:22:18.411+00	2025-09-06 13:22:18.411+00	\N
bg	bgr	100	BULGARIA	Bulgaria	\N	\N	2025-09-06 13:22:18.411+00	2025-09-06 13:22:18.411+00	\N
bf	bfa	854	BURKINA FASO	Burkina Faso	\N	\N	2025-09-06 13:22:18.411+00	2025-09-06 13:22:18.411+00	\N
bi	bdi	108	BURUNDI	Burundi	\N	\N	2025-09-06 13:22:18.411+00	2025-09-06 13:22:18.411+00	\N
kh	khm	116	CAMBODIA	Cambodia	\N	\N	2025-09-06 13:22:18.411+00	2025-09-06 13:22:18.411+00	\N
cm	cmr	120	CAMEROON	Cameroon	\N	\N	2025-09-06 13:22:18.411+00	2025-09-06 13:22:18.411+00	\N
ca	can	124	CANADA	Canada	\N	\N	2025-09-06 13:22:18.411+00	2025-09-06 13:22:18.411+00	\N
cv	cpv	132	CAPE VERDE	Cape Verde	\N	\N	2025-09-06 13:22:18.411+00	2025-09-06 13:22:18.411+00	\N
ky	cym	136	CAYMAN ISLANDS	Cayman Islands	\N	\N	2025-09-06 13:22:18.411+00	2025-09-06 13:22:18.411+00	\N
cf	caf	140	CENTRAL AFRICAN REPUBLIC	Central African Republic	\N	\N	2025-09-06 13:22:18.411+00	2025-09-06 13:22:18.411+00	\N
td	tcd	148	CHAD	Chad	\N	\N	2025-09-06 13:22:18.411+00	2025-09-06 13:22:18.411+00	\N
cl	chl	152	CHILE	Chile	\N	\N	2025-09-06 13:22:18.411+00	2025-09-06 13:22:18.411+00	\N
cn	chn	156	CHINA	China	\N	\N	2025-09-06 13:22:18.411+00	2025-09-06 13:22:18.411+00	\N
cx	cxr	162	CHRISTMAS ISLAND	Christmas Island	\N	\N	2025-09-06 13:22:18.411+00	2025-09-06 13:22:18.411+00	\N
cc	cck	166	COCOS (KEELING) ISLANDS	Cocos (Keeling) Islands	\N	\N	2025-09-06 13:22:18.411+00	2025-09-06 13:22:18.411+00	\N
co	col	170	COLOMBIA	Colombia	\N	\N	2025-09-06 13:22:18.411+00	2025-09-06 13:22:18.411+00	\N
km	com	174	COMOROS	Comoros	\N	\N	2025-09-06 13:22:18.411+00	2025-09-06 13:22:18.411+00	\N
cg	cog	178	CONGO	Congo	\N	\N	2025-09-06 13:22:18.411+00	2025-09-06 13:22:18.411+00	\N
cd	cod	180	CONGO, THE DEMOCRATIC REPUBLIC OF THE	Congo, the Democratic Republic of the	\N	\N	2025-09-06 13:22:18.411+00	2025-09-06 13:22:18.411+00	\N
ck	cok	184	COOK ISLANDS	Cook Islands	\N	\N	2025-09-06 13:22:18.411+00	2025-09-06 13:22:18.411+00	\N
cr	cri	188	COSTA RICA	Costa Rica	\N	\N	2025-09-06 13:22:18.411+00	2025-09-06 13:22:18.411+00	\N
ci	civ	384	COTE D'IVOIRE	Cote D'Ivoire	\N	\N	2025-09-06 13:22:18.411+00	2025-09-06 13:22:18.411+00	\N
hr	hrv	191	CROATIA	Croatia	\N	\N	2025-09-06 13:22:18.411+00	2025-09-06 13:22:18.411+00	\N
cu	cub	192	CUBA	Cuba	\N	\N	2025-09-06 13:22:18.411+00	2025-09-06 13:22:18.411+00	\N
cw	cuw	531	CURAAO	Curaao	\N	\N	2025-09-06 13:22:18.411+00	2025-09-06 13:22:18.411+00	\N
cy	cyp	196	CYPRUS	Cyprus	\N	\N	2025-09-06 13:22:18.411+00	2025-09-06 13:22:18.411+00	\N
cz	cze	203	CZECH REPUBLIC	Czech Republic	\N	\N	2025-09-06 13:22:18.411+00	2025-09-06 13:22:18.411+00	\N
dj	dji	262	DJIBOUTI	Djibouti	\N	\N	2025-09-06 13:22:18.411+00	2025-09-06 13:22:18.411+00	\N
dm	dma	212	DOMINICA	Dominica	\N	\N	2025-09-06 13:22:18.411+00	2025-09-06 13:22:18.411+00	\N
do	dom	214	DOMINICAN REPUBLIC	Dominican Republic	\N	\N	2025-09-06 13:22:18.411+00	2025-09-06 13:22:18.411+00	\N
ec	ecu	218	ECUADOR	Ecuador	\N	\N	2025-09-06 13:22:18.411+00	2025-09-06 13:22:18.411+00	\N
eg	egy	818	EGYPT	Egypt	\N	\N	2025-09-06 13:22:18.411+00	2025-09-06 13:22:18.411+00	\N
sv	slv	222	EL SALVADOR	El Salvador	\N	\N	2025-09-06 13:22:18.411+00	2025-09-06 13:22:18.411+00	\N
gq	gnq	226	EQUATORIAL GUINEA	Equatorial Guinea	\N	\N	2025-09-06 13:22:18.411+00	2025-09-06 13:22:18.411+00	\N
er	eri	232	ERITREA	Eritrea	\N	\N	2025-09-06 13:22:18.411+00	2025-09-06 13:22:18.411+00	\N
ee	est	233	ESTONIA	Estonia	\N	\N	2025-09-06 13:22:18.411+00	2025-09-06 13:22:18.411+00	\N
et	eth	231	ETHIOPIA	Ethiopia	\N	\N	2025-09-06 13:22:18.411+00	2025-09-06 13:22:18.411+00	\N
fk	flk	238	FALKLAND ISLANDS (MALVINAS)	Falkland Islands (Malvinas)	\N	\N	2025-09-06 13:22:18.411+00	2025-09-06 13:22:18.411+00	\N
fo	fro	234	FAROE ISLANDS	Faroe Islands	\N	\N	2025-09-06 13:22:18.411+00	2025-09-06 13:22:18.411+00	\N
fj	fji	242	FIJI	Fiji	\N	\N	2025-09-06 13:22:18.411+00	2025-09-06 13:22:18.411+00	\N
fi	fin	246	FINLAND	Finland	\N	\N	2025-09-06 13:22:18.411+00	2025-09-06 13:22:18.411+00	\N
gf	guf	254	FRENCH GUIANA	French Guiana	\N	\N	2025-09-06 13:22:18.411+00	2025-09-06 13:22:18.411+00	\N
pf	pyf	258	FRENCH POLYNESIA	French Polynesia	\N	\N	2025-09-06 13:22:18.411+00	2025-09-06 13:22:18.411+00	\N
tf	atf	260	FRENCH SOUTHERN TERRITORIES	French Southern Territories	\N	\N	2025-09-06 13:22:18.411+00	2025-09-06 13:22:18.411+00	\N
ga	gab	266	GABON	Gabon	\N	\N	2025-09-06 13:22:18.411+00	2025-09-06 13:22:18.411+00	\N
gm	gmb	270	GAMBIA	Gambia	\N	\N	2025-09-06 13:22:18.411+00	2025-09-06 13:22:18.411+00	\N
ge	geo	268	GEORGIA	Georgia	\N	\N	2025-09-06 13:22:18.411+00	2025-09-06 13:22:18.411+00	\N
gh	gha	288	GHANA	Ghana	\N	\N	2025-09-06 13:22:18.411+00	2025-09-06 13:22:18.411+00	\N
gi	gib	292	GIBRALTAR	Gibraltar	\N	\N	2025-09-06 13:22:18.411+00	2025-09-06 13:22:18.411+00	\N
gr	grc	300	GREECE	Greece	\N	\N	2025-09-06 13:22:18.411+00	2025-09-06 13:22:18.411+00	\N
gl	grl	304	GREENLAND	Greenland	\N	\N	2025-09-06 13:22:18.411+00	2025-09-06 13:22:18.411+00	\N
gd	grd	308	GRENADA	Grenada	\N	\N	2025-09-06 13:22:18.411+00	2025-09-06 13:22:18.411+00	\N
gp	glp	312	GUADELOUPE	Guadeloupe	\N	\N	2025-09-06 13:22:18.411+00	2025-09-06 13:22:18.411+00	\N
gu	gum	316	GUAM	Guam	\N	\N	2025-09-06 13:22:18.411+00	2025-09-06 13:22:18.411+00	\N
gt	gtm	320	GUATEMALA	Guatemala	\N	\N	2025-09-06 13:22:18.411+00	2025-09-06 13:22:18.411+00	\N
gg	ggy	831	GUERNSEY	Guernsey	\N	\N	2025-09-06 13:22:18.411+00	2025-09-06 13:22:18.411+00	\N
gn	gin	324	GUINEA	Guinea	\N	\N	2025-09-06 13:22:18.411+00	2025-09-06 13:22:18.411+00	\N
gw	gnb	624	GUINEA-BISSAU	Guinea-Bissau	\N	\N	2025-09-06 13:22:18.411+00	2025-09-06 13:22:18.411+00	\N
gy	guy	328	GUYANA	Guyana	\N	\N	2025-09-06 13:22:18.411+00	2025-09-06 13:22:18.411+00	\N
ht	hti	332	HAITI	Haiti	\N	\N	2025-09-06 13:22:18.411+00	2025-09-06 13:22:18.411+00	\N
hm	hmd	334	HEARD ISLAND AND MCDONALD ISLANDS	Heard Island And Mcdonald Islands	\N	\N	2025-09-06 13:22:18.411+00	2025-09-06 13:22:18.411+00	\N
va	vat	336	HOLY SEE (VATICAN CITY STATE)	Holy See (Vatican City State)	\N	\N	2025-09-06 13:22:18.411+00	2025-09-06 13:22:18.411+00	\N
hn	hnd	340	HONDURAS	Honduras	\N	\N	2025-09-06 13:22:18.411+00	2025-09-06 13:22:18.411+00	\N
hk	hkg	344	HONG KONG	Hong Kong	\N	\N	2025-09-06 13:22:18.411+00	2025-09-06 13:22:18.411+00	\N
hu	hun	348	HUNGARY	Hungary	\N	\N	2025-09-06 13:22:18.411+00	2025-09-06 13:22:18.411+00	\N
is	isl	352	ICELAND	Iceland	\N	\N	2025-09-06 13:22:18.411+00	2025-09-06 13:22:18.411+00	\N
in	ind	356	INDIA	India	\N	\N	2025-09-06 13:22:18.411+00	2025-09-06 13:22:18.411+00	\N
id	idn	360	INDONESIA	Indonesia	\N	\N	2025-09-06 13:22:18.411+00	2025-09-06 13:22:18.411+00	\N
ir	irn	364	IRAN, ISLAMIC REPUBLIC OF	Iran, Islamic Republic of	\N	\N	2025-09-06 13:22:18.411+00	2025-09-06 13:22:18.411+00	\N
iq	irq	368	IRAQ	Iraq	\N	\N	2025-09-06 13:22:18.411+00	2025-09-06 13:22:18.411+00	\N
ie	irl	372	IRELAND	Ireland	\N	\N	2025-09-06 13:22:18.411+00	2025-09-06 13:22:18.411+00	\N
im	imn	833	ISLE OF MAN	Isle Of Man	\N	\N	2025-09-06 13:22:18.411+00	2025-09-06 13:22:18.411+00	\N
il	isr	376	ISRAEL	Israel	\N	\N	2025-09-06 13:22:18.411+00	2025-09-06 13:22:18.411+00	\N
jm	jam	388	JAMAICA	Jamaica	\N	\N	2025-09-06 13:22:18.411+00	2025-09-06 13:22:18.411+00	\N
jp	jpn	392	JAPAN	Japan	\N	\N	2025-09-06 13:22:18.411+00	2025-09-06 13:22:18.411+00	\N
je	jey	832	JERSEY	Jersey	\N	\N	2025-09-06 13:22:18.411+00	2025-09-06 13:22:18.411+00	\N
jo	jor	400	JORDAN	Jordan	\N	\N	2025-09-06 13:22:18.411+00	2025-09-06 13:22:18.411+00	\N
kz	kaz	398	KAZAKHSTAN	Kazakhstan	\N	\N	2025-09-06 13:22:18.411+00	2025-09-06 13:22:18.411+00	\N
ke	ken	404	KENYA	Kenya	\N	\N	2025-09-06 13:22:18.411+00	2025-09-06 13:22:18.411+00	\N
ki	kir	296	KIRIBATI	Kiribati	\N	\N	2025-09-06 13:22:18.411+00	2025-09-06 13:22:18.411+00	\N
kp	prk	408	KOREA, DEMOCRATIC PEOPLE'S REPUBLIC OF	Korea, Democratic People's Republic of	\N	\N	2025-09-06 13:22:18.411+00	2025-09-06 13:22:18.411+00	\N
kr	kor	410	KOREA, REPUBLIC OF	Korea, Republic of	\N	\N	2025-09-06 13:22:18.411+00	2025-09-06 13:22:18.411+00	\N
xk	xkx	900	KOSOVO	Kosovo	\N	\N	2025-09-06 13:22:18.411+00	2025-09-06 13:22:18.411+00	\N
kw	kwt	414	KUWAIT	Kuwait	\N	\N	2025-09-06 13:22:18.412+00	2025-09-06 13:22:18.412+00	\N
kg	kgz	417	KYRGYZSTAN	Kyrgyzstan	\N	\N	2025-09-06 13:22:18.412+00	2025-09-06 13:22:18.412+00	\N
la	lao	418	LAO PEOPLE'S DEMOCRATIC REPUBLIC	Lao People's Democratic Republic	\N	\N	2025-09-06 13:22:18.412+00	2025-09-06 13:22:18.412+00	\N
lv	lva	428	LATVIA	Latvia	\N	\N	2025-09-06 13:22:18.412+00	2025-09-06 13:22:18.412+00	\N
lb	lbn	422	LEBANON	Lebanon	\N	\N	2025-09-06 13:22:18.412+00	2025-09-06 13:22:18.412+00	\N
ls	lso	426	LESOTHO	Lesotho	\N	\N	2025-09-06 13:22:18.412+00	2025-09-06 13:22:18.412+00	\N
lr	lbr	430	LIBERIA	Liberia	\N	\N	2025-09-06 13:22:18.412+00	2025-09-06 13:22:18.412+00	\N
ly	lby	434	LIBYA	Libya	\N	\N	2025-09-06 13:22:18.412+00	2025-09-06 13:22:18.412+00	\N
li	lie	438	LIECHTENSTEIN	Liechtenstein	\N	\N	2025-09-06 13:22:18.412+00	2025-09-06 13:22:18.412+00	\N
lt	ltu	440	LITHUANIA	Lithuania	\N	\N	2025-09-06 13:22:18.412+00	2025-09-06 13:22:18.412+00	\N
lu	lux	442	LUXEMBOURG	Luxembourg	\N	\N	2025-09-06 13:22:18.412+00	2025-09-06 13:22:18.412+00	\N
mo	mac	446	MACAO	Macao	\N	\N	2025-09-06 13:22:18.412+00	2025-09-06 13:22:18.412+00	\N
mk	mkd	807	MACEDONIA, THE FORMER YUGOSLAV REPUBLIC OF	Macedonia, the Former Yugoslav Republic of	\N	\N	2025-09-06 13:22:18.412+00	2025-09-06 13:22:18.412+00	\N
mg	mdg	450	MADAGASCAR	Madagascar	\N	\N	2025-09-06 13:22:18.412+00	2025-09-06 13:22:18.412+00	\N
mw	mwi	454	MALAWI	Malawi	\N	\N	2025-09-06 13:22:18.412+00	2025-09-06 13:22:18.412+00	\N
my	mys	458	MALAYSIA	Malaysia	\N	\N	2025-09-06 13:22:18.412+00	2025-09-06 13:22:18.412+00	\N
mv	mdv	462	MALDIVES	Maldives	\N	\N	2025-09-06 13:22:18.412+00	2025-09-06 13:22:18.412+00	\N
ml	mli	466	MALI	Mali	\N	\N	2025-09-06 13:22:18.412+00	2025-09-06 13:22:18.412+00	\N
mt	mlt	470	MALTA	Malta	\N	\N	2025-09-06 13:22:18.412+00	2025-09-06 13:22:18.412+00	\N
mh	mhl	584	MARSHALL ISLANDS	Marshall Islands	\N	\N	2025-09-06 13:22:18.412+00	2025-09-06 13:22:18.412+00	\N
mq	mtq	474	MARTINIQUE	Martinique	\N	\N	2025-09-06 13:22:18.412+00	2025-09-06 13:22:18.412+00	\N
mr	mrt	478	MAURITANIA	Mauritania	\N	\N	2025-09-06 13:22:18.412+00	2025-09-06 13:22:18.412+00	\N
mu	mus	480	MAURITIUS	Mauritius	\N	\N	2025-09-06 13:22:18.412+00	2025-09-06 13:22:18.412+00	\N
yt	myt	175	MAYOTTE	Mayotte	\N	\N	2025-09-06 13:22:18.412+00	2025-09-06 13:22:18.412+00	\N
mx	mex	484	MEXICO	Mexico	\N	\N	2025-09-06 13:22:18.412+00	2025-09-06 13:22:18.412+00	\N
fm	fsm	583	MICRONESIA, FEDERATED STATES OF	Micronesia, Federated States of	\N	\N	2025-09-06 13:22:18.412+00	2025-09-06 13:22:18.412+00	\N
md	mda	498	MOLDOVA, REPUBLIC OF	Moldova, Republic of	\N	\N	2025-09-06 13:22:18.412+00	2025-09-06 13:22:18.412+00	\N
mc	mco	492	MONACO	Monaco	\N	\N	2025-09-06 13:22:18.412+00	2025-09-06 13:22:18.412+00	\N
mn	mng	496	MONGOLIA	Mongolia	\N	\N	2025-09-06 13:22:18.412+00	2025-09-06 13:22:18.412+00	\N
me	mne	499	MONTENEGRO	Montenegro	\N	\N	2025-09-06 13:22:18.412+00	2025-09-06 13:22:18.412+00	\N
ms	msr	500	MONTSERRAT	Montserrat	\N	\N	2025-09-06 13:22:18.412+00	2025-09-06 13:22:18.412+00	\N
ma	mar	504	MOROCCO	Morocco	\N	\N	2025-09-06 13:22:18.412+00	2025-09-06 13:22:18.412+00	\N
mz	moz	508	MOZAMBIQUE	Mozambique	\N	\N	2025-09-06 13:22:18.412+00	2025-09-06 13:22:18.412+00	\N
mm	mmr	104	MYANMAR	Myanmar	\N	\N	2025-09-06 13:22:18.412+00	2025-09-06 13:22:18.412+00	\N
na	nam	516	NAMIBIA	Namibia	\N	\N	2025-09-06 13:22:18.412+00	2025-09-06 13:22:18.412+00	\N
nr	nru	520	NAURU	Nauru	\N	\N	2025-09-06 13:22:18.412+00	2025-09-06 13:22:18.412+00	\N
np	npl	524	NEPAL	Nepal	\N	\N	2025-09-06 13:22:18.412+00	2025-09-06 13:22:18.412+00	\N
nl	nld	528	NETHERLANDS	Netherlands	\N	\N	2025-09-06 13:22:18.412+00	2025-09-06 13:22:18.412+00	\N
nc	ncl	540	NEW CALEDONIA	New Caledonia	\N	\N	2025-09-06 13:22:18.412+00	2025-09-06 13:22:18.412+00	\N
nz	nzl	554	NEW ZEALAND	New Zealand	\N	\N	2025-09-06 13:22:18.412+00	2025-09-06 13:22:18.412+00	\N
ni	nic	558	NICARAGUA	Nicaragua	\N	\N	2025-09-06 13:22:18.412+00	2025-09-06 13:22:18.412+00	\N
ne	ner	562	NIGER	Niger	\N	\N	2025-09-06 13:22:18.412+00	2025-09-06 13:22:18.412+00	\N
ng	nga	566	NIGERIA	Nigeria	\N	\N	2025-09-06 13:22:18.412+00	2025-09-06 13:22:18.412+00	\N
nu	niu	570	NIUE	Niue	\N	\N	2025-09-06 13:22:18.412+00	2025-09-06 13:22:18.412+00	\N
nf	nfk	574	NORFOLK ISLAND	Norfolk Island	\N	\N	2025-09-06 13:22:18.412+00	2025-09-06 13:22:18.412+00	\N
mp	mnp	580	NORTHERN MARIANA ISLANDS	Northern Mariana Islands	\N	\N	2025-09-06 13:22:18.412+00	2025-09-06 13:22:18.412+00	\N
no	nor	578	NORWAY	Norway	\N	\N	2025-09-06 13:22:18.412+00	2025-09-06 13:22:18.412+00	\N
om	omn	512	OMAN	Oman	\N	\N	2025-09-06 13:22:18.412+00	2025-09-06 13:22:18.412+00	\N
pk	pak	586	PAKISTAN	Pakistan	\N	\N	2025-09-06 13:22:18.412+00	2025-09-06 13:22:18.412+00	\N
pw	plw	585	PALAU	Palau	\N	\N	2025-09-06 13:22:18.412+00	2025-09-06 13:22:18.412+00	\N
ps	pse	275	PALESTINIAN TERRITORY, OCCUPIED	Palestinian Territory, Occupied	\N	\N	2025-09-06 13:22:18.412+00	2025-09-06 13:22:18.412+00	\N
pa	pan	591	PANAMA	Panama	\N	\N	2025-09-06 13:22:18.412+00	2025-09-06 13:22:18.412+00	\N
pg	png	598	PAPUA NEW GUINEA	Papua New Guinea	\N	\N	2025-09-06 13:22:18.412+00	2025-09-06 13:22:18.412+00	\N
py	pry	600	PARAGUAY	Paraguay	\N	\N	2025-09-06 13:22:18.412+00	2025-09-06 13:22:18.412+00	\N
pe	per	604	PERU	Peru	\N	\N	2025-09-06 13:22:18.412+00	2025-09-06 13:22:18.412+00	\N
ph	phl	608	PHILIPPINES	Philippines	\N	\N	2025-09-06 13:22:18.412+00	2025-09-06 13:22:18.412+00	\N
pn	pcn	612	PITCAIRN	Pitcairn	\N	\N	2025-09-06 13:22:18.412+00	2025-09-06 13:22:18.412+00	\N
pl	pol	616	POLAND	Poland	\N	\N	2025-09-06 13:22:18.412+00	2025-09-06 13:22:18.412+00	\N
pt	prt	620	PORTUGAL	Portugal	\N	\N	2025-09-06 13:22:18.412+00	2025-09-06 13:22:18.412+00	\N
pr	pri	630	PUERTO RICO	Puerto Rico	\N	\N	2025-09-06 13:22:18.412+00	2025-09-06 13:22:18.412+00	\N
qa	qat	634	QATAR	Qatar	\N	\N	2025-09-06 13:22:18.412+00	2025-09-06 13:22:18.412+00	\N
re	reu	638	REUNION	Reunion	\N	\N	2025-09-06 13:22:18.412+00	2025-09-06 13:22:18.412+00	\N
ro	rom	642	ROMANIA	Romania	\N	\N	2025-09-06 13:22:18.412+00	2025-09-06 13:22:18.412+00	\N
ru	rus	643	RUSSIAN FEDERATION	Russian Federation	\N	\N	2025-09-06 13:22:18.412+00	2025-09-06 13:22:18.412+00	\N
rw	rwa	646	RWANDA	Rwanda	\N	\N	2025-09-06 13:22:18.412+00	2025-09-06 13:22:18.412+00	\N
bl	blm	652	SAINT BARTHLEMY	Saint Barthlemy	\N	\N	2025-09-06 13:22:18.412+00	2025-09-06 13:22:18.412+00	\N
sh	shn	654	SAINT HELENA	Saint Helena	\N	\N	2025-09-06 13:22:18.412+00	2025-09-06 13:22:18.412+00	\N
kn	kna	659	SAINT KITTS AND NEVIS	Saint Kitts and Nevis	\N	\N	2025-09-06 13:22:18.412+00	2025-09-06 13:22:18.412+00	\N
lc	lca	662	SAINT LUCIA	Saint Lucia	\N	\N	2025-09-06 13:22:18.412+00	2025-09-06 13:22:18.412+00	\N
mf	maf	663	SAINT MARTIN (FRENCH PART)	Saint Martin (French part)	\N	\N	2025-09-06 13:22:18.412+00	2025-09-06 13:22:18.412+00	\N
pm	spm	666	SAINT PIERRE AND MIQUELON	Saint Pierre and Miquelon	\N	\N	2025-09-06 13:22:18.412+00	2025-09-06 13:22:18.412+00	\N
vc	vct	670	SAINT VINCENT AND THE GRENADINES	Saint Vincent and the Grenadines	\N	\N	2025-09-06 13:22:18.412+00	2025-09-06 13:22:18.412+00	\N
ws	wsm	882	SAMOA	Samoa	\N	\N	2025-09-06 13:22:18.412+00	2025-09-06 13:22:18.412+00	\N
sm	smr	674	SAN MARINO	San Marino	\N	\N	2025-09-06 13:22:18.412+00	2025-09-06 13:22:18.412+00	\N
st	stp	678	SAO TOME AND PRINCIPE	Sao Tome and Principe	\N	\N	2025-09-06 13:22:18.412+00	2025-09-06 13:22:18.412+00	\N
sa	sau	682	SAUDI ARABIA	Saudi Arabia	\N	\N	2025-09-06 13:22:18.412+00	2025-09-06 13:22:18.412+00	\N
sn	sen	686	SENEGAL	Senegal	\N	\N	2025-09-06 13:22:18.412+00	2025-09-06 13:22:18.412+00	\N
rs	srb	688	SERBIA	Serbia	\N	\N	2025-09-06 13:22:18.412+00	2025-09-06 13:22:18.412+00	\N
sc	syc	690	SEYCHELLES	Seychelles	\N	\N	2025-09-06 13:22:18.412+00	2025-09-06 13:22:18.412+00	\N
sl	sle	694	SIERRA LEONE	Sierra Leone	\N	\N	2025-09-06 13:22:18.412+00	2025-09-06 13:22:18.412+00	\N
sg	sgp	702	SINGAPORE	Singapore	\N	\N	2025-09-06 13:22:18.412+00	2025-09-06 13:22:18.412+00	\N
sx	sxm	534	SINT MAARTEN	Sint Maarten	\N	\N	2025-09-06 13:22:18.412+00	2025-09-06 13:22:18.412+00	\N
sk	svk	703	SLOVAKIA	Slovakia	\N	\N	2025-09-06 13:22:18.412+00	2025-09-06 13:22:18.412+00	\N
si	svn	705	SLOVENIA	Slovenia	\N	\N	2025-09-06 13:22:18.412+00	2025-09-06 13:22:18.412+00	\N
sb	slb	090	SOLOMON ISLANDS	Solomon Islands	\N	\N	2025-09-06 13:22:18.412+00	2025-09-06 13:22:18.412+00	\N
so	som	706	SOMALIA	Somalia	\N	\N	2025-09-06 13:22:18.412+00	2025-09-06 13:22:18.412+00	\N
za	zaf	710	SOUTH AFRICA	South Africa	\N	\N	2025-09-06 13:22:18.412+00	2025-09-06 13:22:18.412+00	\N
gs	sgs	239	SOUTH GEORGIA AND THE SOUTH SANDWICH ISLANDS	South Georgia and the South Sandwich Islands	\N	\N	2025-09-06 13:22:18.412+00	2025-09-06 13:22:18.412+00	\N
ss	ssd	728	SOUTH SUDAN	South Sudan	\N	\N	2025-09-06 13:22:18.412+00	2025-09-06 13:22:18.412+00	\N
lk	lka	144	SRI LANKA	Sri Lanka	\N	\N	2025-09-06 13:22:18.412+00	2025-09-06 13:22:18.412+00	\N
sd	sdn	729	SUDAN	Sudan	\N	\N	2025-09-06 13:22:18.412+00	2025-09-06 13:22:18.412+00	\N
sr	sur	740	SURINAME	Suriname	\N	\N	2025-09-06 13:22:18.412+00	2025-09-06 13:22:18.412+00	\N
sj	sjm	744	SVALBARD AND JAN MAYEN	Svalbard and Jan Mayen	\N	\N	2025-09-06 13:22:18.412+00	2025-09-06 13:22:18.412+00	\N
sz	swz	748	SWAZILAND	Swaziland	\N	\N	2025-09-06 13:22:18.412+00	2025-09-06 13:22:18.412+00	\N
ch	che	756	SWITZERLAND	Switzerland	\N	\N	2025-09-06 13:22:18.412+00	2025-09-06 13:22:18.412+00	\N
sy	syr	760	SYRIAN ARAB REPUBLIC	Syrian Arab Republic	\N	\N	2025-09-06 13:22:18.412+00	2025-09-06 13:22:18.412+00	\N
tw	twn	158	TAIWAN, PROVINCE OF CHINA	Taiwan, Province of China	\N	\N	2025-09-06 13:22:18.412+00	2025-09-06 13:22:18.412+00	\N
tj	tjk	762	TAJIKISTAN	Tajikistan	\N	\N	2025-09-06 13:22:18.412+00	2025-09-06 13:22:18.412+00	\N
tz	tza	834	TANZANIA, UNITED REPUBLIC OF	Tanzania, United Republic of	\N	\N	2025-09-06 13:22:18.412+00	2025-09-06 13:22:18.412+00	\N
th	tha	764	THAILAND	Thailand	\N	\N	2025-09-06 13:22:18.412+00	2025-09-06 13:22:18.412+00	\N
tl	tls	626	TIMOR LESTE	Timor Leste	\N	\N	2025-09-06 13:22:18.412+00	2025-09-06 13:22:18.412+00	\N
tg	tgo	768	TOGO	Togo	\N	\N	2025-09-06 13:22:18.412+00	2025-09-06 13:22:18.412+00	\N
tk	tkl	772	TOKELAU	Tokelau	\N	\N	2025-09-06 13:22:18.412+00	2025-09-06 13:22:18.412+00	\N
to	ton	776	TONGA	Tonga	\N	\N	2025-09-06 13:22:18.412+00	2025-09-06 13:22:18.412+00	\N
tt	tto	780	TRINIDAD AND TOBAGO	Trinidad and Tobago	\N	\N	2025-09-06 13:22:18.412+00	2025-09-06 13:22:18.412+00	\N
tn	tun	788	TUNISIA	Tunisia	\N	\N	2025-09-06 13:22:18.412+00	2025-09-06 13:22:18.412+00	\N
tr	tur	792	TURKEY	Turkey	\N	\N	2025-09-06 13:22:18.412+00	2025-09-06 13:22:18.412+00	\N
tm	tkm	795	TURKMENISTAN	Turkmenistan	\N	\N	2025-09-06 13:22:18.412+00	2025-09-06 13:22:18.412+00	\N
tc	tca	796	TURKS AND CAICOS ISLANDS	Turks and Caicos Islands	\N	\N	2025-09-06 13:22:18.412+00	2025-09-06 13:22:18.412+00	\N
tv	tuv	798	TUVALU	Tuvalu	\N	\N	2025-09-06 13:22:18.412+00	2025-09-06 13:22:18.412+00	\N
ug	uga	800	UGANDA	Uganda	\N	\N	2025-09-06 13:22:18.412+00	2025-09-06 13:22:18.412+00	\N
ua	ukr	804	UKRAINE	Ukraine	\N	\N	2025-09-06 13:22:18.412+00	2025-09-06 13:22:18.412+00	\N
ae	are	784	UNITED ARAB EMIRATES	United Arab Emirates	\N	\N	2025-09-06 13:22:18.412+00	2025-09-06 13:22:18.412+00	\N
us	usa	840	UNITED STATES	United States	\N	\N	2025-09-06 13:22:18.412+00	2025-09-06 13:22:18.412+00	\N
um	umi	581	UNITED STATES MINOR OUTLYING ISLANDS	United States Minor Outlying Islands	\N	\N	2025-09-06 13:22:18.412+00	2025-09-06 13:22:18.412+00	\N
uy	ury	858	URUGUAY	Uruguay	\N	\N	2025-09-06 13:22:18.412+00	2025-09-06 13:22:18.412+00	\N
uz	uzb	860	UZBEKISTAN	Uzbekistan	\N	\N	2025-09-06 13:22:18.412+00	2025-09-06 13:22:18.412+00	\N
vu	vut	548	VANUATU	Vanuatu	\N	\N	2025-09-06 13:22:18.412+00	2025-09-06 13:22:18.412+00	\N
ve	ven	862	VENEZUELA	Venezuela	\N	\N	2025-09-06 13:22:18.412+00	2025-09-06 13:22:18.412+00	\N
vn	vnm	704	VIET NAM	Viet Nam	\N	\N	2025-09-06 13:22:18.412+00	2025-09-06 13:22:18.412+00	\N
vg	vgb	092	VIRGIN ISLANDS, BRITISH	Virgin Islands, British	\N	\N	2025-09-06 13:22:18.412+00	2025-09-06 13:22:18.412+00	\N
vi	vir	850	VIRGIN ISLANDS, U.S.	Virgin Islands, U.S.	\N	\N	2025-09-06 13:22:18.412+00	2025-09-06 13:22:18.412+00	\N
wf	wlf	876	WALLIS AND FUTUNA	Wallis and Futuna	\N	\N	2025-09-06 13:22:18.412+00	2025-09-06 13:22:18.412+00	\N
eh	esh	732	WESTERN SAHARA	Western Sahara	\N	\N	2025-09-06 13:22:18.412+00	2025-09-06 13:22:18.412+00	\N
ye	yem	887	YEMEN	Yemen	\N	\N	2025-09-06 13:22:18.412+00	2025-09-06 13:22:18.412+00	\N
zm	zmb	894	ZAMBIA	Zambia	\N	\N	2025-09-06 13:22:18.412+00	2025-09-06 13:22:18.412+00	\N
zw	zwe	716	ZIMBABWE	Zimbabwe	\N	\N	2025-09-06 13:22:18.412+00	2025-09-06 13:22:18.412+00	\N
ax	ala	248	LAND ISLANDS	land Islands	\N	\N	2025-09-06 13:22:18.412+00	2025-09-06 13:22:18.412+00	\N
dk	dnk	208	DENMARK	Denmark	\N	\N	2025-09-06 13:22:18.411+00	2025-09-06 19:32:50.956+00	\N
fr	fra	250	FRANCE	France	\N	\N	2025-09-06 13:22:18.411+00	2025-09-06 19:32:50.956+00	\N
de	deu	276	GERMANY	Germany	\N	\N	2025-09-06 13:22:18.411+00	2025-09-06 19:32:50.956+00	\N
it	ita	380	ITALY	Italy	\N	\N	2025-09-06 13:22:18.411+00	2025-09-06 19:32:50.956+00	\N
es	esp	724	SPAIN	Spain	\N	\N	2025-09-06 13:22:18.412+00	2025-09-06 19:32:50.956+00	\N
se	swe	752	SWEDEN	Sweden	\N	\N	2025-09-06 13:22:18.412+00	2025-09-06 19:32:50.956+00	\N
gb	gbr	826	UNITED KINGDOM	United Kingdom	reg_01K4FMC9VM7WSG2Z6RWCT5J0QR	\N	2025-09-06 13:22:18.412+00	2025-09-06 19:32:50.968+00	\N
\.


--
-- Data for Name: region_payment_provider; Type: TABLE DATA; Schema: public; Owner: marketplace
--

COPY public.region_payment_provider (region_id, payment_provider_id, id, created_at, updated_at, deleted_at) FROM stdin;
reg_01K4FMC9VM7WSG2Z6RWCT5J0QR	pp_system_default	regpp_01K4FMC9W86DDJ7WMAJZF75TPJ	2025-09-06 13:45:15.399883+00	2025-09-06 19:33:02.474+00	2025-09-06 19:33:02.473+00
reg_01K4FMC9VM7WSG2Z6RWCT5J0QR	pp_stripe_stripe	regpp_01K4G893W655J85X35PSG4SBHX	2025-09-06 19:33:02.468245+00	2025-09-06 19:33:02.468245+00	\N
\.


--
-- Data for Name: reservation_item; Type: TABLE DATA; Schema: public; Owner: marketplace
--

COPY public.reservation_item (id, created_at, updated_at, deleted_at, line_item_id, location_id, quantity, external_id, description, created_by, metadata, inventory_item_id, allow_backorder, raw_quantity) FROM stdin;
\.


--
-- Data for Name: return; Type: TABLE DATA; Schema: public; Owner: marketplace
--

COPY public.return (id, order_id, claim_id, exchange_id, order_version, display_id, status, no_notification, refund_amount, raw_refund_amount, metadata, created_at, updated_at, deleted_at, received_at, canceled_at, location_id, requested_at, created_by) FROM stdin;
\.


--
-- Data for Name: return_fulfillment; Type: TABLE DATA; Schema: public; Owner: marketplace
--

COPY public.return_fulfillment (return_id, fulfillment_id, id, created_at, updated_at, deleted_at) FROM stdin;
\.


--
-- Data for Name: return_item; Type: TABLE DATA; Schema: public; Owner: marketplace
--

COPY public.return_item (id, return_id, reason_id, item_id, quantity, raw_quantity, received_quantity, raw_received_quantity, note, metadata, created_at, updated_at, deleted_at, damaged_quantity, raw_damaged_quantity) FROM stdin;
\.


--
-- Data for Name: return_reason; Type: TABLE DATA; Schema: public; Owner: marketplace
--

COPY public.return_reason (id, value, label, description, metadata, parent_return_reason_id, created_at, updated_at, deleted_at) FROM stdin;
rr_01K4G8FCYR99Y21DZZ07E0D5C9	Wrong Size	Wrong Size	Wrong Size	\N	\N	2025-09-06 19:36:28.377+00	2025-09-06 19:36:28.377+00	\N
\.


--
-- Data for Name: sales_channel; Type: TABLE DATA; Schema: public; Owner: marketplace
--

COPY public.sales_channel (id, name, description, is_disabled, metadata, created_at, updated_at, deleted_at) FROM stdin;
sc_01K4FK2HD6TNENZG15QPXENP4A	My Sales Channel	Created by Medusa	f	\N	2025-09-06 13:22:26.854+00	2025-09-06 19:36:47.62+00	\N
\.


--
-- Data for Name: sales_channel_stock_location; Type: TABLE DATA; Schema: public; Owner: marketplace
--

COPY public.sales_channel_stock_location (sales_channel_id, stock_location_id, id, created_at, updated_at, deleted_at) FROM stdin;
sc_01K4FK2HD6TNENZG15QPXENP4A	sloc_01K4FMC9WH1HBGWY8F892HN3V0	scloc_01K4FMC9YHJ6Y3B83431DCG41Y	2025-09-06 13:45:15.473071+00	2025-09-06 13:45:15.473071+00	\N
\.


--
-- Data for Name: script_migrations; Type: TABLE DATA; Schema: public; Owner: marketplace
--

COPY public.script_migrations (id, script_name, created_at, finished_at) FROM stdin;
1	migrate-product-shipping-profile.js	2025-09-06 13:22:19.068926+00	2025-09-06 13:22:19.081756+00
\.


--
-- Data for Name: service_zone; Type: TABLE DATA; Schema: public; Owner: marketplace
--

COPY public.service_zone (id, name, metadata, fulfillment_set_id, created_at, updated_at, deleted_at) FROM stdin;
serzo_01K4FMC9WXFMYGT1H5MGZYBC7K	United Kingdom	\N	fuset_01K4FMC9WXC46P3N9Y7FWKN81F	2025-09-06 13:45:15.421+00	2025-09-06 19:38:02.013+00	\N
\.


--
-- Data for Name: shipping_option; Type: TABLE DATA; Schema: public; Owner: marketplace
--

COPY public.shipping_option (id, name, price_type, service_zone_id, shipping_profile_id, provider_id, data, metadata, shipping_option_type_id, created_at, updated_at, deleted_at) FROM stdin;
so_01K4FMC9XP329BSYTK85GTKAM1	Standard Shipping	flat	serzo_01K4FMC9WXFMYGT1H5MGZYBC7K	sp_01K4FK29T7V6C54BPTN662E37K	manual_manual	\N	\N	sotype_01K4FMC9XNW18HP31Y7XNVDHRS	2025-09-06 13:45:15.447+00	2025-09-06 19:38:26.084+00	\N
so_01K4FMC9XPTCH32XAFT5T6N50V	Express Shipping	flat	serzo_01K4FMC9WXFMYGT1H5MGZYBC7K	sp_01K4FK29T7V6C54BPTN662E37K	manual_manual	\N	\N	sotype_01K4FMC9XP14K6NHGKQDNH2BQ6	2025-09-06 13:45:15.447+00	2025-09-06 19:38:34.72+00	\N
\.


--
-- Data for Name: shipping_option_price_set; Type: TABLE DATA; Schema: public; Owner: marketplace
--

COPY public.shipping_option_price_set (shipping_option_id, price_set_id, id, created_at, updated_at, deleted_at) FROM stdin;
so_01K4FMC9XP329BSYTK85GTKAM1	pset_01K4FMC9XZX4BPWS8ABEHMC7MQ	sops_01K4FMC9YETGH60XY9M9M4Q4DB	2025-09-06 13:45:15.470286+00	2025-09-06 13:45:15.470286+00	\N
so_01K4FMC9XPTCH32XAFT5T6N50V	pset_01K4FMC9Y0V6ZWPM81P07A1NA9	sops_01K4FMC9YEG9DSDD372H4165T1	2025-09-06 13:45:15.470286+00	2025-09-06 13:45:15.470286+00	\N
\.


--
-- Data for Name: shipping_option_rule; Type: TABLE DATA; Schema: public; Owner: marketplace
--

COPY public.shipping_option_rule (id, attribute, operator, value, shipping_option_id, created_at, updated_at, deleted_at) FROM stdin;
sorul_01K4FMC9XP389CZ4NRYKRQ33VH	is_return	eq	"false"	so_01K4FMC9XP329BSYTK85GTKAM1	2025-09-06 13:45:15.447+00	2025-09-06 13:45:15.447+00	\N
sorul_01K4FMC9XP434JXKS093P4N28P	is_return	eq	"false"	so_01K4FMC9XPTCH32XAFT5T6N50V	2025-09-06 13:45:15.447+00	2025-09-06 13:45:15.447+00	\N
sorul_01K4FMC9XP6Y62BQ2F2T8M7J2R	enabled_in_store	eq	"true"	so_01K4FMC9XP329BSYTK85GTKAM1	2025-09-06 13:45:15.447+00	2025-09-06 19:38:26.084+00	\N
sorul_01K4FMC9XPZNA682GQHFVEZTEX	enabled_in_store	eq	"true"	so_01K4FMC9XPTCH32XAFT5T6N50V	2025-09-06 13:45:15.447+00	2025-09-06 19:38:34.721+00	\N
\.


--
-- Data for Name: shipping_option_type; Type: TABLE DATA; Schema: public; Owner: marketplace
--

COPY public.shipping_option_type (id, label, description, code, created_at, updated_at, deleted_at) FROM stdin;
sotype_01K4FMC9XNW18HP31Y7XNVDHRS	Standard	Ship in 2-3 days.	standard	2025-09-06 13:45:15.447+00	2025-09-06 13:45:15.447+00	\N
sotype_01K4FMC9XP14K6NHGKQDNH2BQ6	Express	Ship in 24 hours.	express	2025-09-06 13:45:15.447+00	2025-09-06 13:45:15.447+00	\N
\.


--
-- Data for Name: shipping_profile; Type: TABLE DATA; Schema: public; Owner: marketplace
--

COPY public.shipping_profile (id, name, type, metadata, created_at, updated_at, deleted_at) FROM stdin;
sp_01K4FK29T7V6C54BPTN662E37K	Default Shipping Profile	default	\N	2025-09-06 13:22:19.079+00	2025-09-06 13:22:19.079+00	\N
sp_01K4FMC9WTGGTJVQQBZ8VM5FCF	Default	default	\N	2025-09-06 13:45:15.418+00	2025-09-06 13:45:15.418+00	\N
\.


--
-- Data for Name: stock_location; Type: TABLE DATA; Schema: public; Owner: marketplace
--

COPY public.stock_location (id, created_at, updated_at, deleted_at, name, address_id, metadata) FROM stdin;
sloc_01K4FMC9WH1HBGWY8F892HN3V0	2025-09-06 13:45:15.41+00	2025-09-06 19:37:51.968+00	\N	UK Warehouse	laddr_01K4FMC9WHG9ZKCJ0K9MFBVS4H	\N
\.


--
-- Data for Name: stock_location_address; Type: TABLE DATA; Schema: public; Owner: marketplace
--

COPY public.stock_location_address (id, created_at, updated_at, deleted_at, address_1, address_2, company, city, country_code, phone, province, postal_code, metadata) FROM stdin;
laddr_01K4FMC9WHG9ZKCJ0K9MFBVS4H	2025-09-06 13:45:15.41+00	2025-09-06 19:37:51.96+00	\N	EK Warehouse		Goiaba Ltd	Copenhagen	gb	07510963961		EH64UH	\N
\.


--
-- Data for Name: store; Type: TABLE DATA; Schema: public; Owner: marketplace
--

COPY public.store (id, name, default_sales_channel_id, default_region_id, default_location_id, metadata, created_at, updated_at, deleted_at) FROM stdin;
store_01K4FK2HEC7K3FK1DGXZYDJVKM	Medusa Store	sc_01K4FK2HD6TNENZG15QPXENP4A	reg_01K4FMC9VM7WSG2Z6RWCT5J0QR	sloc_01K4FMC9WH1HBGWY8F892HN3V0	\N	2025-09-06 13:22:26.885823+00	2025-09-06 13:22:26.885823+00	\N
\.


--
-- Data for Name: store_currency; Type: TABLE DATA; Schema: public; Owner: marketplace
--

COPY public.store_currency (id, currency_code, is_default, store_id, created_at, updated_at, deleted_at) FROM stdin;
stocur_01K4G8TZ80WZQB188KXXSWRG9Y	gbp	t	store_01K4FK2HEC7K3FK1DGXZYDJVKM	2025-09-06 19:41:51.967025+00	2025-09-06 19:41:51.967025+00	\N
\.


--
-- Data for Name: tax_provider; Type: TABLE DATA; Schema: public; Owner: marketplace
--

COPY public.tax_provider (id, is_enabled, created_at, updated_at, deleted_at) FROM stdin;
\.


--
-- Data for Name: tax_rate; Type: TABLE DATA; Schema: public; Owner: marketplace
--

COPY public.tax_rate (id, rate, code, name, is_default, is_combinable, tax_region_id, metadata, created_at, updated_at, created_by, deleted_at) FROM stdin;
\.


--
-- Data for Name: tax_rate_rule; Type: TABLE DATA; Schema: public; Owner: marketplace
--

COPY public.tax_rate_rule (id, tax_rate_id, reference_id, reference, metadata, created_at, updated_at, created_by, deleted_at) FROM stdin;
\.


--
-- Data for Name: tax_region; Type: TABLE DATA; Schema: public; Owner: marketplace
--

COPY public.tax_region (id, provider_id, country_code, province_code, parent_id, metadata, created_at, updated_at, created_by, deleted_at) FROM stdin;
txreg_01K4FMC9WC1BNMKESDJDMJ9CE6	\N	gb	\N	\N	\N	2025-09-06 13:45:15.404+00	2025-09-06 13:45:15.404+00	\N	\N
txreg_01K4FMC9WC3YJEEAP1YZG1VK2M	\N	de	\N	\N	\N	2025-09-06 13:45:15.405+00	2025-09-06 19:35:33.506+00	\N	2025-09-06 19:35:33.504+00
txreg_01K4FMC9WCMYZZM95H9VFCM7FF	\N	dk	\N	\N	\N	2025-09-06 13:45:15.405+00	2025-09-06 19:35:36.896+00	\N	2025-09-06 19:35:36.895+00
txreg_01K4FMC9WCJRAYTP0S1ZCRJ0JS	\N	es	\N	\N	\N	2025-09-06 13:45:15.405+00	2025-09-06 19:35:41.618+00	\N	2025-09-06 19:35:41.618+00
txreg_01K4FMC9WCZRATCM5VZ6VJR7NE	\N	se	\N	\N	\N	2025-09-06 13:45:15.405+00	2025-09-06 19:35:44.651+00	\N	2025-09-06 19:35:44.651+00
txreg_01K4FMC9WC305VG2DRP0684K97	\N	it	\N	\N	\N	2025-09-06 13:45:15.405+00	2025-09-06 19:35:47.786+00	\N	2025-09-06 19:35:47.786+00
txreg_01K4FMC9WCF9DMVRM5N0JGET6T	\N	fr	\N	\N	\N	2025-09-06 13:45:15.405+00	2025-09-06 19:35:50.967+00	\N	2025-09-06 19:35:50.967+00
\.


--
-- Data for Name: user; Type: TABLE DATA; Schema: public; Owner: marketplace
--

COPY public."user" (id, first_name, last_name, email, avatar_url, metadata, created_at, updated_at, deleted_at) FROM stdin;
user_01K4FMDW0RZS8YN91SCS0QBX79	\N	\N	roicoroy@yahoo.com.br	\N	\N	2025-09-06 13:46:06.744+00	2025-09-06 13:46:06.744+00	\N
\.


--
-- Data for Name: workflow_execution; Type: TABLE DATA; Schema: public; Owner: marketplace
--

COPY public.workflow_execution (id, workflow_id, transaction_id, execution, context, state, created_at, updated_at, deleted_at, retention_time) FROM stdin;
\.


--
-- Name: link_module_migrations_id_seq; Type: SEQUENCE SET; Schema: public; Owner: marketplace
--

SELECT pg_catalog.setval('public.link_module_migrations_id_seq', 80, true);


--
-- Name: mikro_orm_migrations_id_seq; Type: SEQUENCE SET; Schema: public; Owner: marketplace
--

SELECT pg_catalog.setval('public.mikro_orm_migrations_id_seq', 101, true);


--
-- Name: order_change_action_ordering_seq; Type: SEQUENCE SET; Schema: public; Owner: marketplace
--

SELECT pg_catalog.setval('public.order_change_action_ordering_seq', 1, false);


--
-- Name: order_claim_display_id_seq; Type: SEQUENCE SET; Schema: public; Owner: marketplace
--

SELECT pg_catalog.setval('public.order_claim_display_id_seq', 1, false);


--
-- Name: order_display_id_seq; Type: SEQUENCE SET; Schema: public; Owner: marketplace
--

SELECT pg_catalog.setval('public.order_display_id_seq', 1, false);


--
-- Name: order_exchange_display_id_seq; Type: SEQUENCE SET; Schema: public; Owner: marketplace
--

SELECT pg_catalog.setval('public.order_exchange_display_id_seq', 1, false);


--
-- Name: return_display_id_seq; Type: SEQUENCE SET; Schema: public; Owner: marketplace
--

SELECT pg_catalog.setval('public.return_display_id_seq', 1, false);


--
-- Name: script_migrations_id_seq; Type: SEQUENCE SET; Schema: public; Owner: marketplace
--

SELECT pg_catalog.setval('public.script_migrations_id_seq', 1, true);


--
-- Name: workflow_execution PK_workflow_execution_workflow_id_transaction_id; Type: CONSTRAINT; Schema: public; Owner: marketplace
--

ALTER TABLE ONLY public.workflow_execution
    ADD CONSTRAINT "PK_workflow_execution_workflow_id_transaction_id" PRIMARY KEY (workflow_id, transaction_id);


--
-- Name: account_holder account_holder_pkey; Type: CONSTRAINT; Schema: public; Owner: marketplace
--

ALTER TABLE ONLY public.account_holder
    ADD CONSTRAINT account_holder_pkey PRIMARY KEY (id);


--
-- Name: api_key api_key_pkey; Type: CONSTRAINT; Schema: public; Owner: marketplace
--

ALTER TABLE ONLY public.api_key
    ADD CONSTRAINT api_key_pkey PRIMARY KEY (id);


--
-- Name: application_method_buy_rules application_method_buy_rules_pkey; Type: CONSTRAINT; Schema: public; Owner: marketplace
--

ALTER TABLE ONLY public.application_method_buy_rules
    ADD CONSTRAINT application_method_buy_rules_pkey PRIMARY KEY (application_method_id, promotion_rule_id);


--
-- Name: application_method_target_rules application_method_target_rules_pkey; Type: CONSTRAINT; Schema: public; Owner: marketplace
--

ALTER TABLE ONLY public.application_method_target_rules
    ADD CONSTRAINT application_method_target_rules_pkey PRIMARY KEY (application_method_id, promotion_rule_id);


--
-- Name: auth_identity auth_identity_pkey; Type: CONSTRAINT; Schema: public; Owner: marketplace
--

ALTER TABLE ONLY public.auth_identity
    ADD CONSTRAINT auth_identity_pkey PRIMARY KEY (id);


--
-- Name: capture capture_pkey; Type: CONSTRAINT; Schema: public; Owner: marketplace
--

ALTER TABLE ONLY public.capture
    ADD CONSTRAINT capture_pkey PRIMARY KEY (id);


--
-- Name: cart_address cart_address_pkey; Type: CONSTRAINT; Schema: public; Owner: marketplace
--

ALTER TABLE ONLY public.cart_address
    ADD CONSTRAINT cart_address_pkey PRIMARY KEY (id);


--
-- Name: cart_line_item_adjustment cart_line_item_adjustment_pkey; Type: CONSTRAINT; Schema: public; Owner: marketplace
--

ALTER TABLE ONLY public.cart_line_item_adjustment
    ADD CONSTRAINT cart_line_item_adjustment_pkey PRIMARY KEY (id);


--
-- Name: cart_line_item cart_line_item_pkey; Type: CONSTRAINT; Schema: public; Owner: marketplace
--

ALTER TABLE ONLY public.cart_line_item
    ADD CONSTRAINT cart_line_item_pkey PRIMARY KEY (id);


--
-- Name: cart_line_item_tax_line cart_line_item_tax_line_pkey; Type: CONSTRAINT; Schema: public; Owner: marketplace
--

ALTER TABLE ONLY public.cart_line_item_tax_line
    ADD CONSTRAINT cart_line_item_tax_line_pkey PRIMARY KEY (id);


--
-- Name: cart_payment_collection cart_payment_collection_pkey; Type: CONSTRAINT; Schema: public; Owner: marketplace
--

ALTER TABLE ONLY public.cart_payment_collection
    ADD CONSTRAINT cart_payment_collection_pkey PRIMARY KEY (cart_id, payment_collection_id);


--
-- Name: cart cart_pkey; Type: CONSTRAINT; Schema: public; Owner: marketplace
--

ALTER TABLE ONLY public.cart
    ADD CONSTRAINT cart_pkey PRIMARY KEY (id);


--
-- Name: cart_promotion cart_promotion_pkey; Type: CONSTRAINT; Schema: public; Owner: marketplace
--

ALTER TABLE ONLY public.cart_promotion
    ADD CONSTRAINT cart_promotion_pkey PRIMARY KEY (cart_id, promotion_id);


--
-- Name: cart_shipping_method_adjustment cart_shipping_method_adjustment_pkey; Type: CONSTRAINT; Schema: public; Owner: marketplace
--

ALTER TABLE ONLY public.cart_shipping_method_adjustment
    ADD CONSTRAINT cart_shipping_method_adjustment_pkey PRIMARY KEY (id);


--
-- Name: cart_shipping_method cart_shipping_method_pkey; Type: CONSTRAINT; Schema: public; Owner: marketplace
--

ALTER TABLE ONLY public.cart_shipping_method
    ADD CONSTRAINT cart_shipping_method_pkey PRIMARY KEY (id);


--
-- Name: cart_shipping_method_tax_line cart_shipping_method_tax_line_pkey; Type: CONSTRAINT; Schema: public; Owner: marketplace
--

ALTER TABLE ONLY public.cart_shipping_method_tax_line
    ADD CONSTRAINT cart_shipping_method_tax_line_pkey PRIMARY KEY (id);


--
-- Name: credit_line credit_line_pkey; Type: CONSTRAINT; Schema: public; Owner: marketplace
--

ALTER TABLE ONLY public.credit_line
    ADD CONSTRAINT credit_line_pkey PRIMARY KEY (id);


--
-- Name: currency currency_pkey; Type: CONSTRAINT; Schema: public; Owner: marketplace
--

ALTER TABLE ONLY public.currency
    ADD CONSTRAINT currency_pkey PRIMARY KEY (code);


--
-- Name: customer_account_holder customer_account_holder_pkey; Type: CONSTRAINT; Schema: public; Owner: marketplace
--

ALTER TABLE ONLY public.customer_account_holder
    ADD CONSTRAINT customer_account_holder_pkey PRIMARY KEY (customer_id, account_holder_id);


--
-- Name: customer_address customer_address_pkey; Type: CONSTRAINT; Schema: public; Owner: marketplace
--

ALTER TABLE ONLY public.customer_address
    ADD CONSTRAINT customer_address_pkey PRIMARY KEY (id);


--
-- Name: customer_group_customer customer_group_customer_pkey; Type: CONSTRAINT; Schema: public; Owner: marketplace
--

ALTER TABLE ONLY public.customer_group_customer
    ADD CONSTRAINT customer_group_customer_pkey PRIMARY KEY (id);


--
-- Name: customer_group customer_group_pkey; Type: CONSTRAINT; Schema: public; Owner: marketplace
--

ALTER TABLE ONLY public.customer_group
    ADD CONSTRAINT customer_group_pkey PRIMARY KEY (id);


--
-- Name: customer customer_pkey; Type: CONSTRAINT; Schema: public; Owner: marketplace
--

ALTER TABLE ONLY public.customer
    ADD CONSTRAINT customer_pkey PRIMARY KEY (id);


--
-- Name: digital_product_media digital_product_media_pkey; Type: CONSTRAINT; Schema: public; Owner: marketplace
--

ALTER TABLE ONLY public.digital_product_media
    ADD CONSTRAINT digital_product_media_pkey PRIMARY KEY (id);


--
-- Name: digital_product_order digital_product_order_pkey; Type: CONSTRAINT; Schema: public; Owner: marketplace
--

ALTER TABLE ONLY public.digital_product_order
    ADD CONSTRAINT digital_product_order_pkey PRIMARY KEY (id);


--
-- Name: digital_product digital_product_pkey; Type: CONSTRAINT; Schema: public; Owner: marketplace
--

ALTER TABLE ONLY public.digital_product
    ADD CONSTRAINT digital_product_pkey PRIMARY KEY (id);


--
-- Name: digitalproduct_digitalproductorders digitalproduct_digitalproductorders_pkey; Type: CONSTRAINT; Schema: public; Owner: marketplace
--

ALTER TABLE ONLY public.digitalproduct_digitalproductorders
    ADD CONSTRAINT digitalproduct_digitalproductorders_pkey PRIMARY KEY (digital_product_id, digital_product_order_id);


--
-- Name: digitalproductmodule_digital_product_order_order_order digitalproductmodule_digital_product_order_order_order_pkey; Type: CONSTRAINT; Schema: public; Owner: marketplace
--

ALTER TABLE ONLY public.digitalproductmodule_digital_product_order_order_order
    ADD CONSTRAINT digitalproductmodule_digital_product_order_order_order_pkey PRIMARY KEY (digital_product_order_id, order_id);


--
-- Name: digitalproductmodule_digital_product_variant-537762e25 digitalproductmodule_digital_product_variant-537762e25_pkey; Type: CONSTRAINT; Schema: public; Owner: marketplace
--

ALTER TABLE ONLY public."digitalproductmodule_digital_product_variant-537762e25"
    ADD CONSTRAINT "digitalproductmodule_digital_product_variant-537762e25_pkey" PRIMARY KEY (digital_product_id, product_variant_id);


--
-- Name: fulfillment_address fulfillment_address_pkey; Type: CONSTRAINT; Schema: public; Owner: marketplace
--

ALTER TABLE ONLY public.fulfillment_address
    ADD CONSTRAINT fulfillment_address_pkey PRIMARY KEY (id);


--
-- Name: fulfillment_item fulfillment_item_pkey; Type: CONSTRAINT; Schema: public; Owner: marketplace
--

ALTER TABLE ONLY public.fulfillment_item
    ADD CONSTRAINT fulfillment_item_pkey PRIMARY KEY (id);


--
-- Name: fulfillment_label fulfillment_label_pkey; Type: CONSTRAINT; Schema: public; Owner: marketplace
--

ALTER TABLE ONLY public.fulfillment_label
    ADD CONSTRAINT fulfillment_label_pkey PRIMARY KEY (id);


--
-- Name: fulfillment fulfillment_pkey; Type: CONSTRAINT; Schema: public; Owner: marketplace
--

ALTER TABLE ONLY public.fulfillment
    ADD CONSTRAINT fulfillment_pkey PRIMARY KEY (id);


--
-- Name: fulfillment_provider fulfillment_provider_pkey; Type: CONSTRAINT; Schema: public; Owner: marketplace
--

ALTER TABLE ONLY public.fulfillment_provider
    ADD CONSTRAINT fulfillment_provider_pkey PRIMARY KEY (id);


--
-- Name: fulfillment_set fulfillment_set_pkey; Type: CONSTRAINT; Schema: public; Owner: marketplace
--

ALTER TABLE ONLY public.fulfillment_set
    ADD CONSTRAINT fulfillment_set_pkey PRIMARY KEY (id);


--
-- Name: geo_zone geo_zone_pkey; Type: CONSTRAINT; Schema: public; Owner: marketplace
--

ALTER TABLE ONLY public.geo_zone
    ADD CONSTRAINT geo_zone_pkey PRIMARY KEY (id);


--
-- Name: image image_pkey; Type: CONSTRAINT; Schema: public; Owner: marketplace
--

ALTER TABLE ONLY public.image
    ADD CONSTRAINT image_pkey PRIMARY KEY (id);


--
-- Name: inventory_item inventory_item_pkey; Type: CONSTRAINT; Schema: public; Owner: marketplace
--

ALTER TABLE ONLY public.inventory_item
    ADD CONSTRAINT inventory_item_pkey PRIMARY KEY (id);


--
-- Name: inventory_level inventory_level_pkey; Type: CONSTRAINT; Schema: public; Owner: marketplace
--

ALTER TABLE ONLY public.inventory_level
    ADD CONSTRAINT inventory_level_pkey PRIMARY KEY (id);


--
-- Name: invite invite_pkey; Type: CONSTRAINT; Schema: public; Owner: marketplace
--

ALTER TABLE ONLY public.invite
    ADD CONSTRAINT invite_pkey PRIMARY KEY (id);


--
-- Name: link_module_migrations link_module_migrations_pkey; Type: CONSTRAINT; Schema: public; Owner: marketplace
--

ALTER TABLE ONLY public.link_module_migrations
    ADD CONSTRAINT link_module_migrations_pkey PRIMARY KEY (id);


--
-- Name: link_module_migrations link_module_migrations_table_name_key; Type: CONSTRAINT; Schema: public; Owner: marketplace
--

ALTER TABLE ONLY public.link_module_migrations
    ADD CONSTRAINT link_module_migrations_table_name_key UNIQUE (table_name);


--
-- Name: location_fulfillment_provider location_fulfillment_provider_pkey; Type: CONSTRAINT; Schema: public; Owner: marketplace
--

ALTER TABLE ONLY public.location_fulfillment_provider
    ADD CONSTRAINT location_fulfillment_provider_pkey PRIMARY KEY (stock_location_id, fulfillment_provider_id);


--
-- Name: location_fulfillment_set location_fulfillment_set_pkey; Type: CONSTRAINT; Schema: public; Owner: marketplace
--

ALTER TABLE ONLY public.location_fulfillment_set
    ADD CONSTRAINT location_fulfillment_set_pkey PRIMARY KEY (stock_location_id, fulfillment_set_id);


--
-- Name: mikro_orm_migrations mikro_orm_migrations_pkey; Type: CONSTRAINT; Schema: public; Owner: marketplace
--

ALTER TABLE ONLY public.mikro_orm_migrations
    ADD CONSTRAINT mikro_orm_migrations_pkey PRIMARY KEY (id);


--
-- Name: notification notification_pkey; Type: CONSTRAINT; Schema: public; Owner: marketplace
--

ALTER TABLE ONLY public.notification
    ADD CONSTRAINT notification_pkey PRIMARY KEY (id);


--
-- Name: notification_provider notification_provider_pkey; Type: CONSTRAINT; Schema: public; Owner: marketplace
--

ALTER TABLE ONLY public.notification_provider
    ADD CONSTRAINT notification_provider_pkey PRIMARY KEY (id);


--
-- Name: order_address order_address_pkey; Type: CONSTRAINT; Schema: public; Owner: marketplace
--

ALTER TABLE ONLY public.order_address
    ADD CONSTRAINT order_address_pkey PRIMARY KEY (id);


--
-- Name: order_cart order_cart_pkey; Type: CONSTRAINT; Schema: public; Owner: marketplace
--

ALTER TABLE ONLY public.order_cart
    ADD CONSTRAINT order_cart_pkey PRIMARY KEY (order_id, cart_id);


--
-- Name: order_change_action order_change_action_pkey; Type: CONSTRAINT; Schema: public; Owner: marketplace
--

ALTER TABLE ONLY public.order_change_action
    ADD CONSTRAINT order_change_action_pkey PRIMARY KEY (id);


--
-- Name: order_change order_change_pkey; Type: CONSTRAINT; Schema: public; Owner: marketplace
--

ALTER TABLE ONLY public.order_change
    ADD CONSTRAINT order_change_pkey PRIMARY KEY (id);


--
-- Name: order_claim_item_image order_claim_item_image_pkey; Type: CONSTRAINT; Schema: public; Owner: marketplace
--

ALTER TABLE ONLY public.order_claim_item_image
    ADD CONSTRAINT order_claim_item_image_pkey PRIMARY KEY (id);


--
-- Name: order_claim_item order_claim_item_pkey; Type: CONSTRAINT; Schema: public; Owner: marketplace
--

ALTER TABLE ONLY public.order_claim_item
    ADD CONSTRAINT order_claim_item_pkey PRIMARY KEY (id);


--
-- Name: order_claim order_claim_pkey; Type: CONSTRAINT; Schema: public; Owner: marketplace
--

ALTER TABLE ONLY public.order_claim
    ADD CONSTRAINT order_claim_pkey PRIMARY KEY (id);


--
-- Name: order_credit_line order_credit_line_pkey; Type: CONSTRAINT; Schema: public; Owner: marketplace
--

ALTER TABLE ONLY public.order_credit_line
    ADD CONSTRAINT order_credit_line_pkey PRIMARY KEY (id);


--
-- Name: order_exchange_item order_exchange_item_pkey; Type: CONSTRAINT; Schema: public; Owner: marketplace
--

ALTER TABLE ONLY public.order_exchange_item
    ADD CONSTRAINT order_exchange_item_pkey PRIMARY KEY (id);


--
-- Name: order_exchange order_exchange_pkey; Type: CONSTRAINT; Schema: public; Owner: marketplace
--

ALTER TABLE ONLY public.order_exchange
    ADD CONSTRAINT order_exchange_pkey PRIMARY KEY (id);


--
-- Name: order_fulfillment order_fulfillment_pkey; Type: CONSTRAINT; Schema: public; Owner: marketplace
--

ALTER TABLE ONLY public.order_fulfillment
    ADD CONSTRAINT order_fulfillment_pkey PRIMARY KEY (order_id, fulfillment_id);


--
-- Name: order_item order_item_pkey; Type: CONSTRAINT; Schema: public; Owner: marketplace
--

ALTER TABLE ONLY public.order_item
    ADD CONSTRAINT order_item_pkey PRIMARY KEY (id);


--
-- Name: order_line_item_adjustment order_line_item_adjustment_pkey; Type: CONSTRAINT; Schema: public; Owner: marketplace
--

ALTER TABLE ONLY public.order_line_item_adjustment
    ADD CONSTRAINT order_line_item_adjustment_pkey PRIMARY KEY (id);


--
-- Name: order_line_item order_line_item_pkey; Type: CONSTRAINT; Schema: public; Owner: marketplace
--

ALTER TABLE ONLY public.order_line_item
    ADD CONSTRAINT order_line_item_pkey PRIMARY KEY (id);


--
-- Name: order_line_item_tax_line order_line_item_tax_line_pkey; Type: CONSTRAINT; Schema: public; Owner: marketplace
--

ALTER TABLE ONLY public.order_line_item_tax_line
    ADD CONSTRAINT order_line_item_tax_line_pkey PRIMARY KEY (id);


--
-- Name: order_payment_collection order_payment_collection_pkey; Type: CONSTRAINT; Schema: public; Owner: marketplace
--

ALTER TABLE ONLY public.order_payment_collection
    ADD CONSTRAINT order_payment_collection_pkey PRIMARY KEY (order_id, payment_collection_id);


--
-- Name: order order_pkey; Type: CONSTRAINT; Schema: public; Owner: marketplace
--

ALTER TABLE ONLY public."order"
    ADD CONSTRAINT order_pkey PRIMARY KEY (id);


--
-- Name: order_promotion order_promotion_pkey; Type: CONSTRAINT; Schema: public; Owner: marketplace
--

ALTER TABLE ONLY public.order_promotion
    ADD CONSTRAINT order_promotion_pkey PRIMARY KEY (order_id, promotion_id);


--
-- Name: order_shipping_method_adjustment order_shipping_method_adjustment_pkey; Type: CONSTRAINT; Schema: public; Owner: marketplace
--

ALTER TABLE ONLY public.order_shipping_method_adjustment
    ADD CONSTRAINT order_shipping_method_adjustment_pkey PRIMARY KEY (id);


--
-- Name: order_shipping_method order_shipping_method_pkey; Type: CONSTRAINT; Schema: public; Owner: marketplace
--

ALTER TABLE ONLY public.order_shipping_method
    ADD CONSTRAINT order_shipping_method_pkey PRIMARY KEY (id);


--
-- Name: order_shipping_method_tax_line order_shipping_method_tax_line_pkey; Type: CONSTRAINT; Schema: public; Owner: marketplace
--

ALTER TABLE ONLY public.order_shipping_method_tax_line
    ADD CONSTRAINT order_shipping_method_tax_line_pkey PRIMARY KEY (id);


--
-- Name: order_shipping order_shipping_pkey; Type: CONSTRAINT; Schema: public; Owner: marketplace
--

ALTER TABLE ONLY public.order_shipping
    ADD CONSTRAINT order_shipping_pkey PRIMARY KEY (id);


--
-- Name: order_summary order_summary_pkey; Type: CONSTRAINT; Schema: public; Owner: marketplace
--

ALTER TABLE ONLY public.order_summary
    ADD CONSTRAINT order_summary_pkey PRIMARY KEY (id);


--
-- Name: order_transaction order_transaction_pkey; Type: CONSTRAINT; Schema: public; Owner: marketplace
--

ALTER TABLE ONLY public.order_transaction
    ADD CONSTRAINT order_transaction_pkey PRIMARY KEY (id);


--
-- Name: payment_collection_payment_providers payment_collection_payment_providers_pkey; Type: CONSTRAINT; Schema: public; Owner: marketplace
--

ALTER TABLE ONLY public.payment_collection_payment_providers
    ADD CONSTRAINT payment_collection_payment_providers_pkey PRIMARY KEY (payment_collection_id, payment_provider_id);


--
-- Name: payment_collection payment_collection_pkey; Type: CONSTRAINT; Schema: public; Owner: marketplace
--

ALTER TABLE ONLY public.payment_collection
    ADD CONSTRAINT payment_collection_pkey PRIMARY KEY (id);


--
-- Name: payment payment_pkey; Type: CONSTRAINT; Schema: public; Owner: marketplace
--

ALTER TABLE ONLY public.payment
    ADD CONSTRAINT payment_pkey PRIMARY KEY (id);


--
-- Name: payment_provider payment_provider_pkey; Type: CONSTRAINT; Schema: public; Owner: marketplace
--

ALTER TABLE ONLY public.payment_provider
    ADD CONSTRAINT payment_provider_pkey PRIMARY KEY (id);


--
-- Name: payment_session payment_session_pkey; Type: CONSTRAINT; Schema: public; Owner: marketplace
--

ALTER TABLE ONLY public.payment_session
    ADD CONSTRAINT payment_session_pkey PRIMARY KEY (id);


--
-- Name: price_list price_list_pkey; Type: CONSTRAINT; Schema: public; Owner: marketplace
--

ALTER TABLE ONLY public.price_list
    ADD CONSTRAINT price_list_pkey PRIMARY KEY (id);


--
-- Name: price_list_rule price_list_rule_pkey; Type: CONSTRAINT; Schema: public; Owner: marketplace
--

ALTER TABLE ONLY public.price_list_rule
    ADD CONSTRAINT price_list_rule_pkey PRIMARY KEY (id);


--
-- Name: price price_pkey; Type: CONSTRAINT; Schema: public; Owner: marketplace
--

ALTER TABLE ONLY public.price
    ADD CONSTRAINT price_pkey PRIMARY KEY (id);


--
-- Name: price_preference price_preference_pkey; Type: CONSTRAINT; Schema: public; Owner: marketplace
--

ALTER TABLE ONLY public.price_preference
    ADD CONSTRAINT price_preference_pkey PRIMARY KEY (id);


--
-- Name: price_rule price_rule_pkey; Type: CONSTRAINT; Schema: public; Owner: marketplace
--

ALTER TABLE ONLY public.price_rule
    ADD CONSTRAINT price_rule_pkey PRIMARY KEY (id);


--
-- Name: price_set price_set_pkey; Type: CONSTRAINT; Schema: public; Owner: marketplace
--

ALTER TABLE ONLY public.price_set
    ADD CONSTRAINT price_set_pkey PRIMARY KEY (id);


--
-- Name: product_category product_category_pkey; Type: CONSTRAINT; Schema: public; Owner: marketplace
--

ALTER TABLE ONLY public.product_category
    ADD CONSTRAINT product_category_pkey PRIMARY KEY (id);


--
-- Name: product_category_product product_category_product_pkey; Type: CONSTRAINT; Schema: public; Owner: marketplace
--

ALTER TABLE ONLY public.product_category_product
    ADD CONSTRAINT product_category_product_pkey PRIMARY KEY (product_id, product_category_id);


--
-- Name: product_collection product_collection_pkey; Type: CONSTRAINT; Schema: public; Owner: marketplace
--

ALTER TABLE ONLY public.product_collection
    ADD CONSTRAINT product_collection_pkey PRIMARY KEY (id);


--
-- Name: product_option product_option_pkey; Type: CONSTRAINT; Schema: public; Owner: marketplace
--

ALTER TABLE ONLY public.product_option
    ADD CONSTRAINT product_option_pkey PRIMARY KEY (id);


--
-- Name: product_option_value product_option_value_pkey; Type: CONSTRAINT; Schema: public; Owner: marketplace
--

ALTER TABLE ONLY public.product_option_value
    ADD CONSTRAINT product_option_value_pkey PRIMARY KEY (id);


--
-- Name: product product_pkey; Type: CONSTRAINT; Schema: public; Owner: marketplace
--

ALTER TABLE ONLY public.product
    ADD CONSTRAINT product_pkey PRIMARY KEY (id);


--
-- Name: product_sales_channel product_sales_channel_pkey; Type: CONSTRAINT; Schema: public; Owner: marketplace
--

ALTER TABLE ONLY public.product_sales_channel
    ADD CONSTRAINT product_sales_channel_pkey PRIMARY KEY (product_id, sales_channel_id);


--
-- Name: product_shipping_profile product_shipping_profile_pkey; Type: CONSTRAINT; Schema: public; Owner: marketplace
--

ALTER TABLE ONLY public.product_shipping_profile
    ADD CONSTRAINT product_shipping_profile_pkey PRIMARY KEY (product_id, shipping_profile_id);


--
-- Name: product_tag product_tag_pkey; Type: CONSTRAINT; Schema: public; Owner: marketplace
--

ALTER TABLE ONLY public.product_tag
    ADD CONSTRAINT product_tag_pkey PRIMARY KEY (id);


--
-- Name: product_tags product_tags_pkey; Type: CONSTRAINT; Schema: public; Owner: marketplace
--

ALTER TABLE ONLY public.product_tags
    ADD CONSTRAINT product_tags_pkey PRIMARY KEY (product_id, product_tag_id);


--
-- Name: product_type product_type_pkey; Type: CONSTRAINT; Schema: public; Owner: marketplace
--

ALTER TABLE ONLY public.product_type
    ADD CONSTRAINT product_type_pkey PRIMARY KEY (id);


--
-- Name: product_variant_inventory_item product_variant_inventory_item_pkey; Type: CONSTRAINT; Schema: public; Owner: marketplace
--

ALTER TABLE ONLY public.product_variant_inventory_item
    ADD CONSTRAINT product_variant_inventory_item_pkey PRIMARY KEY (variant_id, inventory_item_id);


--
-- Name: product_variant_option product_variant_option_pkey; Type: CONSTRAINT; Schema: public; Owner: marketplace
--

ALTER TABLE ONLY public.product_variant_option
    ADD CONSTRAINT product_variant_option_pkey PRIMARY KEY (variant_id, option_value_id);


--
-- Name: product_variant product_variant_pkey; Type: CONSTRAINT; Schema: public; Owner: marketplace
--

ALTER TABLE ONLY public.product_variant
    ADD CONSTRAINT product_variant_pkey PRIMARY KEY (id);


--
-- Name: product_variant_price_set product_variant_price_set_pkey; Type: CONSTRAINT; Schema: public; Owner: marketplace
--

ALTER TABLE ONLY public.product_variant_price_set
    ADD CONSTRAINT product_variant_price_set_pkey PRIMARY KEY (variant_id, price_set_id);


--
-- Name: promotion_application_method promotion_application_method_pkey; Type: CONSTRAINT; Schema: public; Owner: marketplace
--

ALTER TABLE ONLY public.promotion_application_method
    ADD CONSTRAINT promotion_application_method_pkey PRIMARY KEY (id);


--
-- Name: promotion_campaign_budget promotion_campaign_budget_pkey; Type: CONSTRAINT; Schema: public; Owner: marketplace
--

ALTER TABLE ONLY public.promotion_campaign_budget
    ADD CONSTRAINT promotion_campaign_budget_pkey PRIMARY KEY (id);


--
-- Name: promotion_campaign promotion_campaign_pkey; Type: CONSTRAINT; Schema: public; Owner: marketplace
--

ALTER TABLE ONLY public.promotion_campaign
    ADD CONSTRAINT promotion_campaign_pkey PRIMARY KEY (id);


--
-- Name: promotion promotion_pkey; Type: CONSTRAINT; Schema: public; Owner: marketplace
--

ALTER TABLE ONLY public.promotion
    ADD CONSTRAINT promotion_pkey PRIMARY KEY (id);


--
-- Name: promotion_promotion_rule promotion_promotion_rule_pkey; Type: CONSTRAINT; Schema: public; Owner: marketplace
--

ALTER TABLE ONLY public.promotion_promotion_rule
    ADD CONSTRAINT promotion_promotion_rule_pkey PRIMARY KEY (promotion_id, promotion_rule_id);


--
-- Name: promotion_rule promotion_rule_pkey; Type: CONSTRAINT; Schema: public; Owner: marketplace
--

ALTER TABLE ONLY public.promotion_rule
    ADD CONSTRAINT promotion_rule_pkey PRIMARY KEY (id);


--
-- Name: promotion_rule_value promotion_rule_value_pkey; Type: CONSTRAINT; Schema: public; Owner: marketplace
--

ALTER TABLE ONLY public.promotion_rule_value
    ADD CONSTRAINT promotion_rule_value_pkey PRIMARY KEY (id);


--
-- Name: provider_identity provider_identity_pkey; Type: CONSTRAINT; Schema: public; Owner: marketplace
--

ALTER TABLE ONLY public.provider_identity
    ADD CONSTRAINT provider_identity_pkey PRIMARY KEY (id);


--
-- Name: publishable_api_key_sales_channel publishable_api_key_sales_channel_pkey; Type: CONSTRAINT; Schema: public; Owner: marketplace
--

ALTER TABLE ONLY public.publishable_api_key_sales_channel
    ADD CONSTRAINT publishable_api_key_sales_channel_pkey PRIMARY KEY (publishable_key_id, sales_channel_id);


--
-- Name: refund refund_pkey; Type: CONSTRAINT; Schema: public; Owner: marketplace
--

ALTER TABLE ONLY public.refund
    ADD CONSTRAINT refund_pkey PRIMARY KEY (id);


--
-- Name: refund_reason refund_reason_pkey; Type: CONSTRAINT; Schema: public; Owner: marketplace
--

ALTER TABLE ONLY public.refund_reason
    ADD CONSTRAINT refund_reason_pkey PRIMARY KEY (id);


--
-- Name: region_country region_country_pkey; Type: CONSTRAINT; Schema: public; Owner: marketplace
--

ALTER TABLE ONLY public.region_country
    ADD CONSTRAINT region_country_pkey PRIMARY KEY (iso_2);


--
-- Name: region_payment_provider region_payment_provider_pkey; Type: CONSTRAINT; Schema: public; Owner: marketplace
--

ALTER TABLE ONLY public.region_payment_provider
    ADD CONSTRAINT region_payment_provider_pkey PRIMARY KEY (region_id, payment_provider_id);


--
-- Name: region region_pkey; Type: CONSTRAINT; Schema: public; Owner: marketplace
--

ALTER TABLE ONLY public.region
    ADD CONSTRAINT region_pkey PRIMARY KEY (id);


--
-- Name: reservation_item reservation_item_pkey; Type: CONSTRAINT; Schema: public; Owner: marketplace
--

ALTER TABLE ONLY public.reservation_item
    ADD CONSTRAINT reservation_item_pkey PRIMARY KEY (id);


--
-- Name: return_fulfillment return_fulfillment_pkey; Type: CONSTRAINT; Schema: public; Owner: marketplace
--

ALTER TABLE ONLY public.return_fulfillment
    ADD CONSTRAINT return_fulfillment_pkey PRIMARY KEY (return_id, fulfillment_id);


--
-- Name: return_item return_item_pkey; Type: CONSTRAINT; Schema: public; Owner: marketplace
--

ALTER TABLE ONLY public.return_item
    ADD CONSTRAINT return_item_pkey PRIMARY KEY (id);


--
-- Name: return return_pkey; Type: CONSTRAINT; Schema: public; Owner: marketplace
--

ALTER TABLE ONLY public.return
    ADD CONSTRAINT return_pkey PRIMARY KEY (id);


--
-- Name: return_reason return_reason_pkey; Type: CONSTRAINT; Schema: public; Owner: marketplace
--

ALTER TABLE ONLY public.return_reason
    ADD CONSTRAINT return_reason_pkey PRIMARY KEY (id);


--
-- Name: sales_channel sales_channel_pkey; Type: CONSTRAINT; Schema: public; Owner: marketplace
--

ALTER TABLE ONLY public.sales_channel
    ADD CONSTRAINT sales_channel_pkey PRIMARY KEY (id);


--
-- Name: sales_channel_stock_location sales_channel_stock_location_pkey; Type: CONSTRAINT; Schema: public; Owner: marketplace
--

ALTER TABLE ONLY public.sales_channel_stock_location
    ADD CONSTRAINT sales_channel_stock_location_pkey PRIMARY KEY (sales_channel_id, stock_location_id);


--
-- Name: script_migrations script_migrations_pkey; Type: CONSTRAINT; Schema: public; Owner: marketplace
--

ALTER TABLE ONLY public.script_migrations
    ADD CONSTRAINT script_migrations_pkey PRIMARY KEY (id);


--
-- Name: service_zone service_zone_pkey; Type: CONSTRAINT; Schema: public; Owner: marketplace
--

ALTER TABLE ONLY public.service_zone
    ADD CONSTRAINT service_zone_pkey PRIMARY KEY (id);


--
-- Name: shipping_option shipping_option_pkey; Type: CONSTRAINT; Schema: public; Owner: marketplace
--

ALTER TABLE ONLY public.shipping_option
    ADD CONSTRAINT shipping_option_pkey PRIMARY KEY (id);


--
-- Name: shipping_option_price_set shipping_option_price_set_pkey; Type: CONSTRAINT; Schema: public; Owner: marketplace
--

ALTER TABLE ONLY public.shipping_option_price_set
    ADD CONSTRAINT shipping_option_price_set_pkey PRIMARY KEY (shipping_option_id, price_set_id);


--
-- Name: shipping_option_rule shipping_option_rule_pkey; Type: CONSTRAINT; Schema: public; Owner: marketplace
--

ALTER TABLE ONLY public.shipping_option_rule
    ADD CONSTRAINT shipping_option_rule_pkey PRIMARY KEY (id);


--
-- Name: shipping_option_type shipping_option_type_pkey; Type: CONSTRAINT; Schema: public; Owner: marketplace
--

ALTER TABLE ONLY public.shipping_option_type
    ADD CONSTRAINT shipping_option_type_pkey PRIMARY KEY (id);


--
-- Name: shipping_profile shipping_profile_pkey; Type: CONSTRAINT; Schema: public; Owner: marketplace
--

ALTER TABLE ONLY public.shipping_profile
    ADD CONSTRAINT shipping_profile_pkey PRIMARY KEY (id);


--
-- Name: stock_location_address stock_location_address_pkey; Type: CONSTRAINT; Schema: public; Owner: marketplace
--

ALTER TABLE ONLY public.stock_location_address
    ADD CONSTRAINT stock_location_address_pkey PRIMARY KEY (id);


--
-- Name: stock_location stock_location_pkey; Type: CONSTRAINT; Schema: public; Owner: marketplace
--

ALTER TABLE ONLY public.stock_location
    ADD CONSTRAINT stock_location_pkey PRIMARY KEY (id);


--
-- Name: store_currency store_currency_pkey; Type: CONSTRAINT; Schema: public; Owner: marketplace
--

ALTER TABLE ONLY public.store_currency
    ADD CONSTRAINT store_currency_pkey PRIMARY KEY (id);


--
-- Name: store store_pkey; Type: CONSTRAINT; Schema: public; Owner: marketplace
--

ALTER TABLE ONLY public.store
    ADD CONSTRAINT store_pkey PRIMARY KEY (id);


--
-- Name: tax_provider tax_provider_pkey; Type: CONSTRAINT; Schema: public; Owner: marketplace
--

ALTER TABLE ONLY public.tax_provider
    ADD CONSTRAINT tax_provider_pkey PRIMARY KEY (id);


--
-- Name: tax_rate tax_rate_pkey; Type: CONSTRAINT; Schema: public; Owner: marketplace
--

ALTER TABLE ONLY public.tax_rate
    ADD CONSTRAINT tax_rate_pkey PRIMARY KEY (id);


--
-- Name: tax_rate_rule tax_rate_rule_pkey; Type: CONSTRAINT; Schema: public; Owner: marketplace
--

ALTER TABLE ONLY public.tax_rate_rule
    ADD CONSTRAINT tax_rate_rule_pkey PRIMARY KEY (id);


--
-- Name: tax_region tax_region_pkey; Type: CONSTRAINT; Schema: public; Owner: marketplace
--

ALTER TABLE ONLY public.tax_region
    ADD CONSTRAINT tax_region_pkey PRIMARY KEY (id);


--
-- Name: user user_pkey; Type: CONSTRAINT; Schema: public; Owner: marketplace
--

ALTER TABLE ONLY public."user"
    ADD CONSTRAINT user_pkey PRIMARY KEY (id);


--
-- Name: IDX_account_holder_deleted_at; Type: INDEX; Schema: public; Owner: marketplace
--

CREATE INDEX "IDX_account_holder_deleted_at" ON public.account_holder USING btree (deleted_at) WHERE (deleted_at IS NULL);


--
-- Name: IDX_account_holder_id_5cb3a0c0; Type: INDEX; Schema: public; Owner: marketplace
--

CREATE INDEX "IDX_account_holder_id_5cb3a0c0" ON public.customer_account_holder USING btree (account_holder_id);


--
-- Name: IDX_account_holder_provider_id_external_id_unique; Type: INDEX; Schema: public; Owner: marketplace
--

CREATE UNIQUE INDEX "IDX_account_holder_provider_id_external_id_unique" ON public.account_holder USING btree (provider_id, external_id) WHERE (deleted_at IS NULL);


--
-- Name: IDX_adjustment_item_id; Type: INDEX; Schema: public; Owner: marketplace
--

CREATE INDEX "IDX_adjustment_item_id" ON public.cart_line_item_adjustment USING btree (item_id) WHERE (deleted_at IS NULL);


--
-- Name: IDX_adjustment_shipping_method_id; Type: INDEX; Schema: public; Owner: marketplace
--

CREATE INDEX "IDX_adjustment_shipping_method_id" ON public.cart_shipping_method_adjustment USING btree (shipping_method_id) WHERE (deleted_at IS NULL);


--
-- Name: IDX_api_key_deleted_at; Type: INDEX; Schema: public; Owner: marketplace
--

CREATE INDEX "IDX_api_key_deleted_at" ON public.api_key USING btree (deleted_at) WHERE (deleted_at IS NULL);


--
-- Name: IDX_api_key_token_unique; Type: INDEX; Schema: public; Owner: marketplace
--

CREATE UNIQUE INDEX "IDX_api_key_token_unique" ON public.api_key USING btree (token);


--
-- Name: IDX_api_key_type; Type: INDEX; Schema: public; Owner: marketplace
--

CREATE INDEX "IDX_api_key_type" ON public.api_key USING btree (type);


--
-- Name: IDX_application_method_allocation; Type: INDEX; Schema: public; Owner: marketplace
--

CREATE INDEX "IDX_application_method_allocation" ON public.promotion_application_method USING btree (allocation);


--
-- Name: IDX_application_method_target_type; Type: INDEX; Schema: public; Owner: marketplace
--

CREATE INDEX "IDX_application_method_target_type" ON public.promotion_application_method USING btree (target_type);


--
-- Name: IDX_application_method_type; Type: INDEX; Schema: public; Owner: marketplace
--

CREATE INDEX "IDX_application_method_type" ON public.promotion_application_method USING btree (type);


--
-- Name: IDX_auth_identity_deleted_at; Type: INDEX; Schema: public; Owner: marketplace
--

CREATE INDEX "IDX_auth_identity_deleted_at" ON public.auth_identity USING btree (deleted_at) WHERE (deleted_at IS NULL);


--
-- Name: IDX_campaign_budget_type; Type: INDEX; Schema: public; Owner: marketplace
--

CREATE INDEX "IDX_campaign_budget_type" ON public.promotion_campaign_budget USING btree (type);


--
-- Name: IDX_capture_deleted_at; Type: INDEX; Schema: public; Owner: marketplace
--

CREATE INDEX "IDX_capture_deleted_at" ON public.capture USING btree (deleted_at);


--
-- Name: IDX_capture_payment_id; Type: INDEX; Schema: public; Owner: marketplace
--

CREATE INDEX "IDX_capture_payment_id" ON public.capture USING btree (payment_id) WHERE (deleted_at IS NULL);


--
-- Name: IDX_cart_address_deleted_at; Type: INDEX; Schema: public; Owner: marketplace
--

CREATE INDEX "IDX_cart_address_deleted_at" ON public.cart_address USING btree (deleted_at) WHERE (deleted_at IS NOT NULL);


--
-- Name: IDX_cart_billing_address_id; Type: INDEX; Schema: public; Owner: marketplace
--

CREATE INDEX "IDX_cart_billing_address_id" ON public.cart USING btree (billing_address_id) WHERE ((deleted_at IS NULL) AND (billing_address_id IS NOT NULL));


--
-- Name: IDX_cart_credit_line_reference_reference_id; Type: INDEX; Schema: public; Owner: marketplace
--

CREATE INDEX "IDX_cart_credit_line_reference_reference_id" ON public.credit_line USING btree (reference, reference_id) WHERE (deleted_at IS NOT NULL);


--
-- Name: IDX_cart_currency_code; Type: INDEX; Schema: public; Owner: marketplace
--

CREATE INDEX "IDX_cart_currency_code" ON public.cart USING btree (currency_code);


--
-- Name: IDX_cart_customer_id; Type: INDEX; Schema: public; Owner: marketplace
--

CREATE INDEX "IDX_cart_customer_id" ON public.cart USING btree (customer_id) WHERE ((deleted_at IS NULL) AND (customer_id IS NOT NULL));


--
-- Name: IDX_cart_deleted_at; Type: INDEX; Schema: public; Owner: marketplace
--

CREATE INDEX "IDX_cart_deleted_at" ON public.cart USING btree (deleted_at) WHERE (deleted_at IS NOT NULL);


--
-- Name: IDX_cart_id_-4a39f6c9; Type: INDEX; Schema: public; Owner: marketplace
--

CREATE INDEX "IDX_cart_id_-4a39f6c9" ON public.cart_payment_collection USING btree (cart_id);


--
-- Name: IDX_cart_id_-71069c16; Type: INDEX; Schema: public; Owner: marketplace
--

CREATE INDEX "IDX_cart_id_-71069c16" ON public.order_cart USING btree (cart_id);


--
-- Name: IDX_cart_id_-a9d4a70b; Type: INDEX; Schema: public; Owner: marketplace
--

CREATE INDEX "IDX_cart_id_-a9d4a70b" ON public.cart_promotion USING btree (cart_id);


--
-- Name: IDX_cart_line_item_adjustment_deleted_at; Type: INDEX; Schema: public; Owner: marketplace
--

CREATE INDEX "IDX_cart_line_item_adjustment_deleted_at" ON public.cart_line_item_adjustment USING btree (deleted_at) WHERE (deleted_at IS NOT NULL);


--
-- Name: IDX_cart_line_item_adjustment_item_id; Type: INDEX; Schema: public; Owner: marketplace
--

CREATE INDEX "IDX_cart_line_item_adjustment_item_id" ON public.cart_line_item_adjustment USING btree (item_id) WHERE (deleted_at IS NULL);


--
-- Name: IDX_cart_line_item_cart_id; Type: INDEX; Schema: public; Owner: marketplace
--

CREATE INDEX "IDX_cart_line_item_cart_id" ON public.cart_line_item USING btree (cart_id) WHERE (deleted_at IS NULL);


--
-- Name: IDX_cart_line_item_deleted_at; Type: INDEX; Schema: public; Owner: marketplace
--

CREATE INDEX "IDX_cart_line_item_deleted_at" ON public.cart_line_item USING btree (deleted_at) WHERE (deleted_at IS NOT NULL);


--
-- Name: IDX_cart_line_item_tax_line_deleted_at; Type: INDEX; Schema: public; Owner: marketplace
--

CREATE INDEX "IDX_cart_line_item_tax_line_deleted_at" ON public.cart_line_item_tax_line USING btree (deleted_at) WHERE (deleted_at IS NOT NULL);


--
-- Name: IDX_cart_line_item_tax_line_item_id; Type: INDEX; Schema: public; Owner: marketplace
--

CREATE INDEX "IDX_cart_line_item_tax_line_item_id" ON public.cart_line_item_tax_line USING btree (item_id) WHERE (deleted_at IS NULL);


--
-- Name: IDX_cart_region_id; Type: INDEX; Schema: public; Owner: marketplace
--

CREATE INDEX "IDX_cart_region_id" ON public.cart USING btree (region_id) WHERE ((deleted_at IS NULL) AND (region_id IS NOT NULL));


--
-- Name: IDX_cart_sales_channel_id; Type: INDEX; Schema: public; Owner: marketplace
--

CREATE INDEX "IDX_cart_sales_channel_id" ON public.cart USING btree (sales_channel_id) WHERE ((deleted_at IS NULL) AND (sales_channel_id IS NOT NULL));


--
-- Name: IDX_cart_shipping_address_id; Type: INDEX; Schema: public; Owner: marketplace
--

CREATE INDEX "IDX_cart_shipping_address_id" ON public.cart USING btree (shipping_address_id) WHERE ((deleted_at IS NULL) AND (shipping_address_id IS NOT NULL));


--
-- Name: IDX_cart_shipping_method_adjustment_deleted_at; Type: INDEX; Schema: public; Owner: marketplace
--

CREATE INDEX "IDX_cart_shipping_method_adjustment_deleted_at" ON public.cart_shipping_method_adjustment USING btree (deleted_at) WHERE (deleted_at IS NOT NULL);


--
-- Name: IDX_cart_shipping_method_adjustment_shipping_method_id; Type: INDEX; Schema: public; Owner: marketplace
--

CREATE INDEX "IDX_cart_shipping_method_adjustment_shipping_method_id" ON public.cart_shipping_method_adjustment USING btree (shipping_method_id) WHERE (deleted_at IS NULL);


--
-- Name: IDX_cart_shipping_method_cart_id; Type: INDEX; Schema: public; Owner: marketplace
--

CREATE INDEX "IDX_cart_shipping_method_cart_id" ON public.cart_shipping_method USING btree (cart_id) WHERE (deleted_at IS NULL);


--
-- Name: IDX_cart_shipping_method_deleted_at; Type: INDEX; Schema: public; Owner: marketplace
--

CREATE INDEX "IDX_cart_shipping_method_deleted_at" ON public.cart_shipping_method USING btree (deleted_at) WHERE (deleted_at IS NOT NULL);


--
-- Name: IDX_cart_shipping_method_tax_line_deleted_at; Type: INDEX; Schema: public; Owner: marketplace
--

CREATE INDEX "IDX_cart_shipping_method_tax_line_deleted_at" ON public.cart_shipping_method_tax_line USING btree (deleted_at) WHERE (deleted_at IS NOT NULL);


--
-- Name: IDX_cart_shipping_method_tax_line_shipping_method_id; Type: INDEX; Schema: public; Owner: marketplace
--

CREATE INDEX "IDX_cart_shipping_method_tax_line_shipping_method_id" ON public.cart_shipping_method_tax_line USING btree (shipping_method_id) WHERE (deleted_at IS NULL);


--
-- Name: IDX_category_handle_unique; Type: INDEX; Schema: public; Owner: marketplace
--

CREATE UNIQUE INDEX "IDX_category_handle_unique" ON public.product_category USING btree (handle) WHERE (deleted_at IS NULL);


--
-- Name: IDX_collection_handle_unique; Type: INDEX; Schema: public; Owner: marketplace
--

CREATE UNIQUE INDEX "IDX_collection_handle_unique" ON public.product_collection USING btree (handle) WHERE (deleted_at IS NULL);


--
-- Name: IDX_credit_line_cart_id; Type: INDEX; Schema: public; Owner: marketplace
--

CREATE INDEX "IDX_credit_line_cart_id" ON public.credit_line USING btree (cart_id) WHERE (deleted_at IS NULL);


--
-- Name: IDX_credit_line_deleted_at; Type: INDEX; Schema: public; Owner: marketplace
--

CREATE INDEX "IDX_credit_line_deleted_at" ON public.credit_line USING btree (deleted_at) WHERE (deleted_at IS NULL);


--
-- Name: IDX_customer_address_customer_id; Type: INDEX; Schema: public; Owner: marketplace
--

CREATE INDEX "IDX_customer_address_customer_id" ON public.customer_address USING btree (customer_id);


--
-- Name: IDX_customer_address_deleted_at; Type: INDEX; Schema: public; Owner: marketplace
--

CREATE INDEX "IDX_customer_address_deleted_at" ON public.customer_address USING btree (deleted_at) WHERE (deleted_at IS NULL);


--
-- Name: IDX_customer_address_unique_customer_billing; Type: INDEX; Schema: public; Owner: marketplace
--

CREATE UNIQUE INDEX "IDX_customer_address_unique_customer_billing" ON public.customer_address USING btree (customer_id) WHERE (is_default_billing = true);


--
-- Name: IDX_customer_address_unique_customer_shipping; Type: INDEX; Schema: public; Owner: marketplace
--

CREATE UNIQUE INDEX "IDX_customer_address_unique_customer_shipping" ON public.customer_address USING btree (customer_id) WHERE (is_default_shipping = true);


--
-- Name: IDX_customer_deleted_at; Type: INDEX; Schema: public; Owner: marketplace
--

CREATE INDEX "IDX_customer_deleted_at" ON public.customer USING btree (deleted_at) WHERE (deleted_at IS NULL);


--
-- Name: IDX_customer_email_has_account_unique; Type: INDEX; Schema: public; Owner: marketplace
--

CREATE UNIQUE INDEX "IDX_customer_email_has_account_unique" ON public.customer USING btree (email, has_account) WHERE (deleted_at IS NULL);


--
-- Name: IDX_customer_group_customer_customer_group_id; Type: INDEX; Schema: public; Owner: marketplace
--

CREATE INDEX "IDX_customer_group_customer_customer_group_id" ON public.customer_group_customer USING btree (customer_group_id) WHERE (deleted_at IS NULL);


--
-- Name: IDX_customer_group_customer_customer_id; Type: INDEX; Schema: public; Owner: marketplace
--

CREATE INDEX "IDX_customer_group_customer_customer_id" ON public.customer_group_customer USING btree (customer_id);


--
-- Name: IDX_customer_group_customer_deleted_at; Type: INDEX; Schema: public; Owner: marketplace
--

CREATE INDEX "IDX_customer_group_customer_deleted_at" ON public.customer_group_customer USING btree (deleted_at) WHERE (deleted_at IS NULL);


--
-- Name: IDX_customer_group_deleted_at; Type: INDEX; Schema: public; Owner: marketplace
--

CREATE INDEX "IDX_customer_group_deleted_at" ON public.customer_group USING btree (deleted_at) WHERE (deleted_at IS NULL);


--
-- Name: IDX_customer_group_name; Type: INDEX; Schema: public; Owner: marketplace
--

CREATE UNIQUE INDEX "IDX_customer_group_name" ON public.customer_group USING btree (name) WHERE (deleted_at IS NULL);


--
-- Name: IDX_customer_group_name_unique; Type: INDEX; Schema: public; Owner: marketplace
--

CREATE UNIQUE INDEX "IDX_customer_group_name_unique" ON public.customer_group USING btree (name) WHERE (deleted_at IS NULL);


--
-- Name: IDX_customer_id_5cb3a0c0; Type: INDEX; Schema: public; Owner: marketplace
--

CREATE INDEX "IDX_customer_id_5cb3a0c0" ON public.customer_account_holder USING btree (customer_id);


--
-- Name: IDX_deleted_at_-1d67bae40; Type: INDEX; Schema: public; Owner: marketplace
--

CREATE INDEX "IDX_deleted_at_-1d67bae40" ON public.publishable_api_key_sales_channel USING btree (deleted_at);


--
-- Name: IDX_deleted_at_-1e5992737; Type: INDEX; Schema: public; Owner: marketplace
--

CREATE INDEX "IDX_deleted_at_-1e5992737" ON public.location_fulfillment_provider USING btree (deleted_at);


--
-- Name: IDX_deleted_at_-31ea43a; Type: INDEX; Schema: public; Owner: marketplace
--

CREATE INDEX "IDX_deleted_at_-31ea43a" ON public.return_fulfillment USING btree (deleted_at);


--
-- Name: IDX_deleted_at_-467835428; Type: INDEX; Schema: public; Owner: marketplace
--

CREATE INDEX "IDX_deleted_at_-467835428" ON public.digitalproductmodule_digital_product_order_order_order USING btree (deleted_at);


--
-- Name: IDX_deleted_at_-4a39f6c9; Type: INDEX; Schema: public; Owner: marketplace
--

CREATE INDEX "IDX_deleted_at_-4a39f6c9" ON public.cart_payment_collection USING btree (deleted_at);


--
-- Name: IDX_deleted_at_-537762e25; Type: INDEX; Schema: public; Owner: marketplace
--

CREATE INDEX "IDX_deleted_at_-537762e25" ON public."digitalproductmodule_digital_product_variant-537762e25" USING btree (deleted_at);


--
-- Name: IDX_deleted_at_-71069c16; Type: INDEX; Schema: public; Owner: marketplace
--

CREATE INDEX "IDX_deleted_at_-71069c16" ON public.order_cart USING btree (deleted_at);


--
-- Name: IDX_deleted_at_-71518339; Type: INDEX; Schema: public; Owner: marketplace
--

CREATE INDEX "IDX_deleted_at_-71518339" ON public.order_promotion USING btree (deleted_at);


--
-- Name: IDX_deleted_at_-a9d4a70b; Type: INDEX; Schema: public; Owner: marketplace
--

CREATE INDEX "IDX_deleted_at_-a9d4a70b" ON public.cart_promotion USING btree (deleted_at);


--
-- Name: IDX_deleted_at_-e88adb96; Type: INDEX; Schema: public; Owner: marketplace
--

CREATE INDEX "IDX_deleted_at_-e88adb96" ON public.location_fulfillment_set USING btree (deleted_at);


--
-- Name: IDX_deleted_at_-e8d2543e; Type: INDEX; Schema: public; Owner: marketplace
--

CREATE INDEX "IDX_deleted_at_-e8d2543e" ON public.order_fulfillment USING btree (deleted_at);


--
-- Name: IDX_deleted_at_17a262437; Type: INDEX; Schema: public; Owner: marketplace
--

CREATE INDEX "IDX_deleted_at_17a262437" ON public.product_shipping_profile USING btree (deleted_at);


--
-- Name: IDX_deleted_at_17b4c4e35; Type: INDEX; Schema: public; Owner: marketplace
--

CREATE INDEX "IDX_deleted_at_17b4c4e35" ON public.product_variant_inventory_item USING btree (deleted_at);


--
-- Name: IDX_deleted_at_1c934dab0; Type: INDEX; Schema: public; Owner: marketplace
--

CREATE INDEX "IDX_deleted_at_1c934dab0" ON public.region_payment_provider USING btree (deleted_at);


--
-- Name: IDX_deleted_at_20b454295; Type: INDEX; Schema: public; Owner: marketplace
--

CREATE INDEX "IDX_deleted_at_20b454295" ON public.product_sales_channel USING btree (deleted_at);


--
-- Name: IDX_deleted_at_26d06f470; Type: INDEX; Schema: public; Owner: marketplace
--

CREATE INDEX "IDX_deleted_at_26d06f470" ON public.sales_channel_stock_location USING btree (deleted_at);


--
-- Name: IDX_deleted_at_52b23597; Type: INDEX; Schema: public; Owner: marketplace
--

CREATE INDEX "IDX_deleted_at_52b23597" ON public.product_variant_price_set USING btree (deleted_at);


--
-- Name: IDX_deleted_at_5cb3a0c0; Type: INDEX; Schema: public; Owner: marketplace
--

CREATE INDEX "IDX_deleted_at_5cb3a0c0" ON public.customer_account_holder USING btree (deleted_at);


--
-- Name: IDX_deleted_at_ba32fa9c; Type: INDEX; Schema: public; Owner: marketplace
--

CREATE INDEX "IDX_deleted_at_ba32fa9c" ON public.shipping_option_price_set USING btree (deleted_at);


--
-- Name: IDX_deleted_at_f42b9949; Type: INDEX; Schema: public; Owner: marketplace
--

CREATE INDEX "IDX_deleted_at_f42b9949" ON public.order_payment_collection USING btree (deleted_at);


--
-- Name: IDX_digital_product_id_-537762e25; Type: INDEX; Schema: public; Owner: marketplace
--

CREATE INDEX "IDX_digital_product_id_-537762e25" ON public."digitalproductmodule_digital_product_variant-537762e25" USING btree (digital_product_id);


--
-- Name: IDX_digital_product_media_digital_product_id; Type: INDEX; Schema: public; Owner: marketplace
--

CREATE INDEX "IDX_digital_product_media_digital_product_id" ON public.digital_product_media USING btree (digital_product_id) WHERE (deleted_at IS NULL);


--
-- Name: IDX_digital_product_order_id_-467835428; Type: INDEX; Schema: public; Owner: marketplace
--

CREATE INDEX "IDX_digital_product_order_id_-467835428" ON public.digitalproductmodule_digital_product_order_order_order USING btree (digital_product_order_id);


--
-- Name: IDX_fulfillment_address_deleted_at; Type: INDEX; Schema: public; Owner: marketplace
--

CREATE INDEX "IDX_fulfillment_address_deleted_at" ON public.fulfillment_address USING btree (deleted_at) WHERE (deleted_at IS NOT NULL);


--
-- Name: IDX_fulfillment_deleted_at; Type: INDEX; Schema: public; Owner: marketplace
--

CREATE INDEX "IDX_fulfillment_deleted_at" ON public.fulfillment USING btree (deleted_at) WHERE (deleted_at IS NOT NULL);


--
-- Name: IDX_fulfillment_id_-31ea43a; Type: INDEX; Schema: public; Owner: marketplace
--

CREATE INDEX "IDX_fulfillment_id_-31ea43a" ON public.return_fulfillment USING btree (fulfillment_id);


--
-- Name: IDX_fulfillment_id_-e8d2543e; Type: INDEX; Schema: public; Owner: marketplace
--

CREATE INDEX "IDX_fulfillment_id_-e8d2543e" ON public.order_fulfillment USING btree (fulfillment_id);


--
-- Name: IDX_fulfillment_item_deleted_at; Type: INDEX; Schema: public; Owner: marketplace
--

CREATE INDEX "IDX_fulfillment_item_deleted_at" ON public.fulfillment_item USING btree (deleted_at) WHERE (deleted_at IS NOT NULL);


--
-- Name: IDX_fulfillment_item_fulfillment_id; Type: INDEX; Schema: public; Owner: marketplace
--

CREATE INDEX "IDX_fulfillment_item_fulfillment_id" ON public.fulfillment_item USING btree (fulfillment_id) WHERE (deleted_at IS NULL);


--
-- Name: IDX_fulfillment_item_inventory_item_id; Type: INDEX; Schema: public; Owner: marketplace
--

CREATE INDEX "IDX_fulfillment_item_inventory_item_id" ON public.fulfillment_item USING btree (inventory_item_id) WHERE (deleted_at IS NULL);


--
-- Name: IDX_fulfillment_item_line_item_id; Type: INDEX; Schema: public; Owner: marketplace
--

CREATE INDEX "IDX_fulfillment_item_line_item_id" ON public.fulfillment_item USING btree (line_item_id) WHERE (deleted_at IS NULL);


--
-- Name: IDX_fulfillment_label_deleted_at; Type: INDEX; Schema: public; Owner: marketplace
--

CREATE INDEX "IDX_fulfillment_label_deleted_at" ON public.fulfillment_label USING btree (deleted_at) WHERE (deleted_at IS NOT NULL);


--
-- Name: IDX_fulfillment_label_fulfillment_id; Type: INDEX; Schema: public; Owner: marketplace
--

CREATE INDEX "IDX_fulfillment_label_fulfillment_id" ON public.fulfillment_label USING btree (fulfillment_id) WHERE (deleted_at IS NULL);


--
-- Name: IDX_fulfillment_location_id; Type: INDEX; Schema: public; Owner: marketplace
--

CREATE INDEX "IDX_fulfillment_location_id" ON public.fulfillment USING btree (location_id) WHERE (deleted_at IS NULL);


--
-- Name: IDX_fulfillment_provider_deleted_at; Type: INDEX; Schema: public; Owner: marketplace
--

CREATE INDEX "IDX_fulfillment_provider_deleted_at" ON public.fulfillment_provider USING btree (deleted_at) WHERE (deleted_at IS NULL);


--
-- Name: IDX_fulfillment_provider_id_-1e5992737; Type: INDEX; Schema: public; Owner: marketplace
--

CREATE INDEX "IDX_fulfillment_provider_id_-1e5992737" ON public.location_fulfillment_provider USING btree (fulfillment_provider_id);


--
-- Name: IDX_fulfillment_set_deleted_at; Type: INDEX; Schema: public; Owner: marketplace
--

CREATE INDEX "IDX_fulfillment_set_deleted_at" ON public.fulfillment_set USING btree (deleted_at) WHERE (deleted_at IS NOT NULL);


--
-- Name: IDX_fulfillment_set_id_-e88adb96; Type: INDEX; Schema: public; Owner: marketplace
--

CREATE INDEX "IDX_fulfillment_set_id_-e88adb96" ON public.location_fulfillment_set USING btree (fulfillment_set_id);


--
-- Name: IDX_fulfillment_set_name_unique; Type: INDEX; Schema: public; Owner: marketplace
--

CREATE UNIQUE INDEX "IDX_fulfillment_set_name_unique" ON public.fulfillment_set USING btree (name) WHERE (deleted_at IS NULL);


--
-- Name: IDX_fulfillment_shipping_option_id; Type: INDEX; Schema: public; Owner: marketplace
--

CREATE INDEX "IDX_fulfillment_shipping_option_id" ON public.fulfillment USING btree (shipping_option_id) WHERE (deleted_at IS NULL);


--
-- Name: IDX_geo_zone_city; Type: INDEX; Schema: public; Owner: marketplace
--

CREATE INDEX "IDX_geo_zone_city" ON public.geo_zone USING btree (city) WHERE ((deleted_at IS NULL) AND (city IS NOT NULL));


--
-- Name: IDX_geo_zone_country_code; Type: INDEX; Schema: public; Owner: marketplace
--

CREATE INDEX "IDX_geo_zone_country_code" ON public.geo_zone USING btree (country_code) WHERE (deleted_at IS NULL);


--
-- Name: IDX_geo_zone_deleted_at; Type: INDEX; Schema: public; Owner: marketplace
--

CREATE INDEX "IDX_geo_zone_deleted_at" ON public.geo_zone USING btree (deleted_at) WHERE (deleted_at IS NOT NULL);


--
-- Name: IDX_geo_zone_province_code; Type: INDEX; Schema: public; Owner: marketplace
--

CREATE INDEX "IDX_geo_zone_province_code" ON public.geo_zone USING btree (province_code) WHERE ((deleted_at IS NULL) AND (province_code IS NOT NULL));


--
-- Name: IDX_geo_zone_service_zone_id; Type: INDEX; Schema: public; Owner: marketplace
--

CREATE INDEX "IDX_geo_zone_service_zone_id" ON public.geo_zone USING btree (service_zone_id) WHERE (deleted_at IS NULL);


--
-- Name: IDX_id_-1d67bae40; Type: INDEX; Schema: public; Owner: marketplace
--

CREATE INDEX "IDX_id_-1d67bae40" ON public.publishable_api_key_sales_channel USING btree (id);


--
-- Name: IDX_id_-1e5992737; Type: INDEX; Schema: public; Owner: marketplace
--

CREATE INDEX "IDX_id_-1e5992737" ON public.location_fulfillment_provider USING btree (id);


--
-- Name: IDX_id_-31ea43a; Type: INDEX; Schema: public; Owner: marketplace
--

CREATE INDEX "IDX_id_-31ea43a" ON public.return_fulfillment USING btree (id);


--
-- Name: IDX_id_-467835428; Type: INDEX; Schema: public; Owner: marketplace
--

CREATE INDEX "IDX_id_-467835428" ON public.digitalproductmodule_digital_product_order_order_order USING btree (id);


--
-- Name: IDX_id_-4a39f6c9; Type: INDEX; Schema: public; Owner: marketplace
--

CREATE INDEX "IDX_id_-4a39f6c9" ON public.cart_payment_collection USING btree (id);


--
-- Name: IDX_id_-537762e25; Type: INDEX; Schema: public; Owner: marketplace
--

CREATE INDEX "IDX_id_-537762e25" ON public."digitalproductmodule_digital_product_variant-537762e25" USING btree (id);


--
-- Name: IDX_id_-71069c16; Type: INDEX; Schema: public; Owner: marketplace
--

CREATE INDEX "IDX_id_-71069c16" ON public.order_cart USING btree (id);


--
-- Name: IDX_id_-71518339; Type: INDEX; Schema: public; Owner: marketplace
--

CREATE INDEX "IDX_id_-71518339" ON public.order_promotion USING btree (id);


--
-- Name: IDX_id_-a9d4a70b; Type: INDEX; Schema: public; Owner: marketplace
--

CREATE INDEX "IDX_id_-a9d4a70b" ON public.cart_promotion USING btree (id);


--
-- Name: IDX_id_-e88adb96; Type: INDEX; Schema: public; Owner: marketplace
--

CREATE INDEX "IDX_id_-e88adb96" ON public.location_fulfillment_set USING btree (id);


--
-- Name: IDX_id_-e8d2543e; Type: INDEX; Schema: public; Owner: marketplace
--

CREATE INDEX "IDX_id_-e8d2543e" ON public.order_fulfillment USING btree (id);


--
-- Name: IDX_id_17a262437; Type: INDEX; Schema: public; Owner: marketplace
--

CREATE INDEX "IDX_id_17a262437" ON public.product_shipping_profile USING btree (id);


--
-- Name: IDX_id_17b4c4e35; Type: INDEX; Schema: public; Owner: marketplace
--

CREATE INDEX "IDX_id_17b4c4e35" ON public.product_variant_inventory_item USING btree (id);


--
-- Name: IDX_id_1c934dab0; Type: INDEX; Schema: public; Owner: marketplace
--

CREATE INDEX "IDX_id_1c934dab0" ON public.region_payment_provider USING btree (id);


--
-- Name: IDX_id_20b454295; Type: INDEX; Schema: public; Owner: marketplace
--

CREATE INDEX "IDX_id_20b454295" ON public.product_sales_channel USING btree (id);


--
-- Name: IDX_id_26d06f470; Type: INDEX; Schema: public; Owner: marketplace
--

CREATE INDEX "IDX_id_26d06f470" ON public.sales_channel_stock_location USING btree (id);


--
-- Name: IDX_id_52b23597; Type: INDEX; Schema: public; Owner: marketplace
--

CREATE INDEX "IDX_id_52b23597" ON public.product_variant_price_set USING btree (id);


--
-- Name: IDX_id_5cb3a0c0; Type: INDEX; Schema: public; Owner: marketplace
--

CREATE INDEX "IDX_id_5cb3a0c0" ON public.customer_account_holder USING btree (id);


--
-- Name: IDX_id_ba32fa9c; Type: INDEX; Schema: public; Owner: marketplace
--

CREATE INDEX "IDX_id_ba32fa9c" ON public.shipping_option_price_set USING btree (id);


--
-- Name: IDX_id_f42b9949; Type: INDEX; Schema: public; Owner: marketplace
--

CREATE INDEX "IDX_id_f42b9949" ON public.order_payment_collection USING btree (id);


--
-- Name: IDX_image_deleted_at; Type: INDEX; Schema: public; Owner: marketplace
--

CREATE INDEX "IDX_image_deleted_at" ON public.image USING btree (deleted_at) WHERE (deleted_at IS NULL);


--
-- Name: IDX_inventory_item_deleted_at; Type: INDEX; Schema: public; Owner: marketplace
--

CREATE INDEX "IDX_inventory_item_deleted_at" ON public.inventory_item USING btree (deleted_at) WHERE (deleted_at IS NOT NULL);


--
-- Name: IDX_inventory_item_id_17b4c4e35; Type: INDEX; Schema: public; Owner: marketplace
--

CREATE INDEX "IDX_inventory_item_id_17b4c4e35" ON public.product_variant_inventory_item USING btree (inventory_item_id);


--
-- Name: IDX_inventory_item_sku; Type: INDEX; Schema: public; Owner: marketplace
--

CREATE UNIQUE INDEX "IDX_inventory_item_sku" ON public.inventory_item USING btree (sku) WHERE (deleted_at IS NULL);


--
-- Name: IDX_inventory_level_deleted_at; Type: INDEX; Schema: public; Owner: marketplace
--

CREATE INDEX "IDX_inventory_level_deleted_at" ON public.inventory_level USING btree (deleted_at) WHERE (deleted_at IS NOT NULL);


--
-- Name: IDX_inventory_level_inventory_item_id; Type: INDEX; Schema: public; Owner: marketplace
--

CREATE INDEX "IDX_inventory_level_inventory_item_id" ON public.inventory_level USING btree (inventory_item_id) WHERE (deleted_at IS NULL);


--
-- Name: IDX_inventory_level_item_location; Type: INDEX; Schema: public; Owner: marketplace
--

CREATE UNIQUE INDEX "IDX_inventory_level_item_location" ON public.inventory_level USING btree (inventory_item_id, location_id) WHERE (deleted_at IS NULL);


--
-- Name: IDX_inventory_level_location_id; Type: INDEX; Schema: public; Owner: marketplace
--

CREATE INDEX "IDX_inventory_level_location_id" ON public.inventory_level USING btree (location_id) WHERE (deleted_at IS NULL);


--
-- Name: IDX_inventory_level_location_id_inventory_item_id; Type: INDEX; Schema: public; Owner: marketplace
--

CREATE UNIQUE INDEX "IDX_inventory_level_location_id_inventory_item_id" ON public.inventory_level USING btree (inventory_item_id, location_id) WHERE (deleted_at IS NULL);


--
-- Name: IDX_invite_deleted_at; Type: INDEX; Schema: public; Owner: marketplace
--

CREATE INDEX "IDX_invite_deleted_at" ON public.invite USING btree (deleted_at) WHERE (deleted_at IS NOT NULL);


--
-- Name: IDX_invite_email_unique; Type: INDEX; Schema: public; Owner: marketplace
--

CREATE UNIQUE INDEX "IDX_invite_email_unique" ON public.invite USING btree (email) WHERE (deleted_at IS NULL);


--
-- Name: IDX_invite_token; Type: INDEX; Schema: public; Owner: marketplace
--

CREATE INDEX "IDX_invite_token" ON public.invite USING btree (token) WHERE (deleted_at IS NULL);


--
-- Name: IDX_line_item_adjustment_promotion_id; Type: INDEX; Schema: public; Owner: marketplace
--

CREATE INDEX "IDX_line_item_adjustment_promotion_id" ON public.cart_line_item_adjustment USING btree (promotion_id) WHERE ((deleted_at IS NULL) AND (promotion_id IS NOT NULL));


--
-- Name: IDX_line_item_cart_id; Type: INDEX; Schema: public; Owner: marketplace
--

CREATE INDEX "IDX_line_item_cart_id" ON public.cart_line_item USING btree (cart_id) WHERE (deleted_at IS NULL);


--
-- Name: IDX_line_item_product_id; Type: INDEX; Schema: public; Owner: marketplace
--

CREATE INDEX "IDX_line_item_product_id" ON public.cart_line_item USING btree (product_id) WHERE ((deleted_at IS NULL) AND (product_id IS NOT NULL));


--
-- Name: IDX_line_item_product_type_id; Type: INDEX; Schema: public; Owner: marketplace
--

CREATE INDEX "IDX_line_item_product_type_id" ON public.cart_line_item USING btree (product_type_id) WHERE ((deleted_at IS NULL) AND (product_type_id IS NOT NULL));


--
-- Name: IDX_line_item_tax_line_tax_rate_id; Type: INDEX; Schema: public; Owner: marketplace
--

CREATE INDEX "IDX_line_item_tax_line_tax_rate_id" ON public.cart_line_item_tax_line USING btree (tax_rate_id) WHERE ((deleted_at IS NULL) AND (tax_rate_id IS NOT NULL));


--
-- Name: IDX_line_item_variant_id; Type: INDEX; Schema: public; Owner: marketplace
--

CREATE INDEX "IDX_line_item_variant_id" ON public.cart_line_item USING btree (variant_id) WHERE ((deleted_at IS NULL) AND (variant_id IS NOT NULL));


--
-- Name: IDX_notification_deleted_at; Type: INDEX; Schema: public; Owner: marketplace
--

CREATE INDEX "IDX_notification_deleted_at" ON public.notification USING btree (deleted_at) WHERE (deleted_at IS NULL);


--
-- Name: IDX_notification_idempotency_key_unique; Type: INDEX; Schema: public; Owner: marketplace
--

CREATE UNIQUE INDEX "IDX_notification_idempotency_key_unique" ON public.notification USING btree (idempotency_key) WHERE (deleted_at IS NULL);


--
-- Name: IDX_notification_provider_deleted_at; Type: INDEX; Schema: public; Owner: marketplace
--

CREATE INDEX "IDX_notification_provider_deleted_at" ON public.notification_provider USING btree (deleted_at) WHERE (deleted_at IS NULL);


--
-- Name: IDX_notification_provider_id; Type: INDEX; Schema: public; Owner: marketplace
--

CREATE INDEX "IDX_notification_provider_id" ON public.notification USING btree (provider_id);


--
-- Name: IDX_notification_receiver_id; Type: INDEX; Schema: public; Owner: marketplace
--

CREATE INDEX "IDX_notification_receiver_id" ON public.notification USING btree (receiver_id);


--
-- Name: IDX_option_product_id_title_unique; Type: INDEX; Schema: public; Owner: marketplace
--

CREATE UNIQUE INDEX "IDX_option_product_id_title_unique" ON public.product_option USING btree (product_id, title) WHERE (deleted_at IS NULL);


--
-- Name: IDX_option_value_option_id_unique; Type: INDEX; Schema: public; Owner: marketplace
--

CREATE UNIQUE INDEX "IDX_option_value_option_id_unique" ON public.product_option_value USING btree (option_id, value) WHERE (deleted_at IS NULL);


--
-- Name: IDX_order_address_customer_id; Type: INDEX; Schema: public; Owner: marketplace
--

CREATE INDEX "IDX_order_address_customer_id" ON public.order_address USING btree (customer_id);


--
-- Name: IDX_order_address_deleted_at; Type: INDEX; Schema: public; Owner: marketplace
--

CREATE INDEX "IDX_order_address_deleted_at" ON public.order_address USING btree (deleted_at) WHERE (deleted_at IS NULL);


--
-- Name: IDX_order_billing_address_id; Type: INDEX; Schema: public; Owner: marketplace
--

CREATE INDEX "IDX_order_billing_address_id" ON public."order" USING btree (billing_address_id) WHERE (deleted_at IS NULL);


--
-- Name: IDX_order_change_action_claim_id; Type: INDEX; Schema: public; Owner: marketplace
--

CREATE INDEX "IDX_order_change_action_claim_id" ON public.order_change_action USING btree (claim_id) WHERE ((claim_id IS NOT NULL) AND (deleted_at IS NULL));


--
-- Name: IDX_order_change_action_deleted_at; Type: INDEX; Schema: public; Owner: marketplace
--

CREATE INDEX "IDX_order_change_action_deleted_at" ON public.order_change_action USING btree (deleted_at);


--
-- Name: IDX_order_change_action_exchange_id; Type: INDEX; Schema: public; Owner: marketplace
--

CREATE INDEX "IDX_order_change_action_exchange_id" ON public.order_change_action USING btree (exchange_id) WHERE ((exchange_id IS NOT NULL) AND (deleted_at IS NULL));


--
-- Name: IDX_order_change_action_order_change_id; Type: INDEX; Schema: public; Owner: marketplace
--

CREATE INDEX "IDX_order_change_action_order_change_id" ON public.order_change_action USING btree (order_change_id);


--
-- Name: IDX_order_change_action_order_id; Type: INDEX; Schema: public; Owner: marketplace
--

CREATE INDEX "IDX_order_change_action_order_id" ON public.order_change_action USING btree (order_id);


--
-- Name: IDX_order_change_action_ordering; Type: INDEX; Schema: public; Owner: marketplace
--

CREATE INDEX "IDX_order_change_action_ordering" ON public.order_change_action USING btree (ordering);


--
-- Name: IDX_order_change_action_return_id; Type: INDEX; Schema: public; Owner: marketplace
--

CREATE INDEX "IDX_order_change_action_return_id" ON public.order_change_action USING btree (return_id) WHERE ((return_id IS NOT NULL) AND (deleted_at IS NULL));


--
-- Name: IDX_order_change_change_type; Type: INDEX; Schema: public; Owner: marketplace
--

CREATE INDEX "IDX_order_change_change_type" ON public.order_change USING btree (change_type);


--
-- Name: IDX_order_change_claim_id; Type: INDEX; Schema: public; Owner: marketplace
--

CREATE INDEX "IDX_order_change_claim_id" ON public.order_change USING btree (claim_id) WHERE ((claim_id IS NOT NULL) AND (deleted_at IS NULL));


--
-- Name: IDX_order_change_deleted_at; Type: INDEX; Schema: public; Owner: marketplace
--

CREATE INDEX "IDX_order_change_deleted_at" ON public.order_change USING btree (deleted_at);


--
-- Name: IDX_order_change_exchange_id; Type: INDEX; Schema: public; Owner: marketplace
--

CREATE INDEX "IDX_order_change_exchange_id" ON public.order_change USING btree (exchange_id) WHERE ((exchange_id IS NOT NULL) AND (deleted_at IS NULL));


--
-- Name: IDX_order_change_order_id; Type: INDEX; Schema: public; Owner: marketplace
--

CREATE INDEX "IDX_order_change_order_id" ON public.order_change USING btree (order_id);


--
-- Name: IDX_order_change_order_id_version; Type: INDEX; Schema: public; Owner: marketplace
--

CREATE INDEX "IDX_order_change_order_id_version" ON public.order_change USING btree (order_id, version);


--
-- Name: IDX_order_change_return_id; Type: INDEX; Schema: public; Owner: marketplace
--

CREATE INDEX "IDX_order_change_return_id" ON public.order_change USING btree (return_id) WHERE ((return_id IS NOT NULL) AND (deleted_at IS NULL));


--
-- Name: IDX_order_change_status; Type: INDEX; Schema: public; Owner: marketplace
--

CREATE INDEX "IDX_order_change_status" ON public.order_change USING btree (status);


--
-- Name: IDX_order_claim_deleted_at; Type: INDEX; Schema: public; Owner: marketplace
--

CREATE INDEX "IDX_order_claim_deleted_at" ON public.order_claim USING btree (deleted_at) WHERE (deleted_at IS NULL);


--
-- Name: IDX_order_claim_display_id; Type: INDEX; Schema: public; Owner: marketplace
--

CREATE INDEX "IDX_order_claim_display_id" ON public.order_claim USING btree (display_id) WHERE (deleted_at IS NULL);


--
-- Name: IDX_order_claim_item_claim_id; Type: INDEX; Schema: public; Owner: marketplace
--

CREATE INDEX "IDX_order_claim_item_claim_id" ON public.order_claim_item USING btree (claim_id) WHERE (deleted_at IS NULL);


--
-- Name: IDX_order_claim_item_deleted_at; Type: INDEX; Schema: public; Owner: marketplace
--

CREATE INDEX "IDX_order_claim_item_deleted_at" ON public.order_claim_item USING btree (deleted_at) WHERE (deleted_at IS NULL);


--
-- Name: IDX_order_claim_item_image_claim_item_id; Type: INDEX; Schema: public; Owner: marketplace
--

CREATE INDEX "IDX_order_claim_item_image_claim_item_id" ON public.order_claim_item_image USING btree (claim_item_id) WHERE (deleted_at IS NOT NULL);


--
-- Name: IDX_order_claim_item_image_deleted_at; Type: INDEX; Schema: public; Owner: marketplace
--

CREATE INDEX "IDX_order_claim_item_image_deleted_at" ON public.order_claim_item_image USING btree (deleted_at) WHERE (deleted_at IS NOT NULL);


--
-- Name: IDX_order_claim_item_item_id; Type: INDEX; Schema: public; Owner: marketplace
--

CREATE INDEX "IDX_order_claim_item_item_id" ON public.order_claim_item USING btree (item_id) WHERE (deleted_at IS NULL);


--
-- Name: IDX_order_claim_order_id; Type: INDEX; Schema: public; Owner: marketplace
--

CREATE INDEX "IDX_order_claim_order_id" ON public.order_claim USING btree (order_id) WHERE (deleted_at IS NULL);


--
-- Name: IDX_order_claim_return_id; Type: INDEX; Schema: public; Owner: marketplace
--

CREATE INDEX "IDX_order_claim_return_id" ON public.order_claim USING btree (return_id) WHERE ((return_id IS NOT NULL) AND (deleted_at IS NULL));


--
-- Name: IDX_order_credit_line_deleted_at; Type: INDEX; Schema: public; Owner: marketplace
--

CREATE INDEX "IDX_order_credit_line_deleted_at" ON public.order_credit_line USING btree (deleted_at) WHERE (deleted_at IS NOT NULL);


--
-- Name: IDX_order_credit_line_order_id; Type: INDEX; Schema: public; Owner: marketplace
--

CREATE INDEX "IDX_order_credit_line_order_id" ON public.order_credit_line USING btree (order_id) WHERE (deleted_at IS NOT NULL);


--
-- Name: IDX_order_currency_code; Type: INDEX; Schema: public; Owner: marketplace
--

CREATE INDEX "IDX_order_currency_code" ON public."order" USING btree (currency_code) WHERE (deleted_at IS NULL);


--
-- Name: IDX_order_customer_id; Type: INDEX; Schema: public; Owner: marketplace
--

CREATE INDEX "IDX_order_customer_id" ON public."order" USING btree (customer_id) WHERE (deleted_at IS NULL);


--
-- Name: IDX_order_deleted_at; Type: INDEX; Schema: public; Owner: marketplace
--

CREATE INDEX "IDX_order_deleted_at" ON public."order" USING btree (deleted_at);


--
-- Name: IDX_order_display_id; Type: INDEX; Schema: public; Owner: marketplace
--

CREATE INDEX "IDX_order_display_id" ON public."order" USING btree (display_id) WHERE (deleted_at IS NULL);


--
-- Name: IDX_order_exchange_deleted_at; Type: INDEX; Schema: public; Owner: marketplace
--

CREATE INDEX "IDX_order_exchange_deleted_at" ON public.order_exchange USING btree (deleted_at) WHERE (deleted_at IS NULL);


--
-- Name: IDX_order_exchange_display_id; Type: INDEX; Schema: public; Owner: marketplace
--

CREATE INDEX "IDX_order_exchange_display_id" ON public.order_exchange USING btree (display_id) WHERE (deleted_at IS NULL);


--
-- Name: IDX_order_exchange_item_deleted_at; Type: INDEX; Schema: public; Owner: marketplace
--

CREATE INDEX "IDX_order_exchange_item_deleted_at" ON public.order_exchange_item USING btree (deleted_at) WHERE (deleted_at IS NULL);


--
-- Name: IDX_order_exchange_item_exchange_id; Type: INDEX; Schema: public; Owner: marketplace
--

CREATE INDEX "IDX_order_exchange_item_exchange_id" ON public.order_exchange_item USING btree (exchange_id) WHERE (deleted_at IS NULL);


--
-- Name: IDX_order_exchange_item_item_id; Type: INDEX; Schema: public; Owner: marketplace
--

CREATE INDEX "IDX_order_exchange_item_item_id" ON public.order_exchange_item USING btree (item_id) WHERE (deleted_at IS NULL);


--
-- Name: IDX_order_exchange_order_id; Type: INDEX; Schema: public; Owner: marketplace
--

CREATE INDEX "IDX_order_exchange_order_id" ON public.order_exchange USING btree (order_id) WHERE (deleted_at IS NULL);


--
-- Name: IDX_order_exchange_return_id; Type: INDEX; Schema: public; Owner: marketplace
--

CREATE INDEX "IDX_order_exchange_return_id" ON public.order_exchange USING btree (return_id) WHERE ((return_id IS NOT NULL) AND (deleted_at IS NULL));


--
-- Name: IDX_order_id_-467835428; Type: INDEX; Schema: public; Owner: marketplace
--

CREATE INDEX "IDX_order_id_-467835428" ON public.digitalproductmodule_digital_product_order_order_order USING btree (order_id);


--
-- Name: IDX_order_id_-71069c16; Type: INDEX; Schema: public; Owner: marketplace
--

CREATE INDEX "IDX_order_id_-71069c16" ON public.order_cart USING btree (order_id);


--
-- Name: IDX_order_id_-71518339; Type: INDEX; Schema: public; Owner: marketplace
--

CREATE INDEX "IDX_order_id_-71518339" ON public.order_promotion USING btree (order_id);


--
-- Name: IDX_order_id_-e8d2543e; Type: INDEX; Schema: public; Owner: marketplace
--

CREATE INDEX "IDX_order_id_-e8d2543e" ON public.order_fulfillment USING btree (order_id);


--
-- Name: IDX_order_id_f42b9949; Type: INDEX; Schema: public; Owner: marketplace
--

CREATE INDEX "IDX_order_id_f42b9949" ON public.order_payment_collection USING btree (order_id);


--
-- Name: IDX_order_is_draft_order; Type: INDEX; Schema: public; Owner: marketplace
--

CREATE INDEX "IDX_order_is_draft_order" ON public."order" USING btree (is_draft_order) WHERE (deleted_at IS NULL);


--
-- Name: IDX_order_item_deleted_at; Type: INDEX; Schema: public; Owner: marketplace
--

CREATE INDEX "IDX_order_item_deleted_at" ON public.order_item USING btree (deleted_at) WHERE (deleted_at IS NOT NULL);


--
-- Name: IDX_order_item_item_id; Type: INDEX; Schema: public; Owner: marketplace
--

CREATE INDEX "IDX_order_item_item_id" ON public.order_item USING btree (item_id) WHERE (deleted_at IS NULL);


--
-- Name: IDX_order_item_order_id; Type: INDEX; Schema: public; Owner: marketplace
--

CREATE INDEX "IDX_order_item_order_id" ON public.order_item USING btree (order_id) WHERE (deleted_at IS NULL);


--
-- Name: IDX_order_item_order_id_version; Type: INDEX; Schema: public; Owner: marketplace
--

CREATE INDEX "IDX_order_item_order_id_version" ON public.order_item USING btree (order_id, version) WHERE (deleted_at IS NULL);


--
-- Name: IDX_order_line_item_adjustment_item_id; Type: INDEX; Schema: public; Owner: marketplace
--

CREATE INDEX "IDX_order_line_item_adjustment_item_id" ON public.order_line_item_adjustment USING btree (item_id) WHERE (deleted_at IS NULL);


--
-- Name: IDX_order_line_item_product_id; Type: INDEX; Schema: public; Owner: marketplace
--

CREATE INDEX "IDX_order_line_item_product_id" ON public.order_line_item USING btree (product_id) WHERE (deleted_at IS NULL);


--
-- Name: IDX_order_line_item_tax_line_item_id; Type: INDEX; Schema: public; Owner: marketplace
--

CREATE INDEX "IDX_order_line_item_tax_line_item_id" ON public.order_line_item_tax_line USING btree (item_id) WHERE (deleted_at IS NULL);


--
-- Name: IDX_order_line_item_variant_id; Type: INDEX; Schema: public; Owner: marketplace
--

CREATE INDEX "IDX_order_line_item_variant_id" ON public.order_line_item USING btree (variant_id) WHERE (deleted_at IS NULL);


--
-- Name: IDX_order_region_id; Type: INDEX; Schema: public; Owner: marketplace
--

CREATE INDEX "IDX_order_region_id" ON public."order" USING btree (region_id) WHERE (deleted_at IS NULL);


--
-- Name: IDX_order_shipping_address_id; Type: INDEX; Schema: public; Owner: marketplace
--

CREATE INDEX "IDX_order_shipping_address_id" ON public."order" USING btree (shipping_address_id) WHERE (deleted_at IS NULL);


--
-- Name: IDX_order_shipping_claim_id; Type: INDEX; Schema: public; Owner: marketplace
--

CREATE INDEX "IDX_order_shipping_claim_id" ON public.order_shipping USING btree (claim_id) WHERE ((claim_id IS NOT NULL) AND (deleted_at IS NULL));


--
-- Name: IDX_order_shipping_deleted_at; Type: INDEX; Schema: public; Owner: marketplace
--

CREATE INDEX "IDX_order_shipping_deleted_at" ON public.order_shipping USING btree (deleted_at) WHERE (deleted_at IS NOT NULL);


--
-- Name: IDX_order_shipping_exchange_id; Type: INDEX; Schema: public; Owner: marketplace
--

CREATE INDEX "IDX_order_shipping_exchange_id" ON public.order_shipping USING btree (exchange_id) WHERE ((exchange_id IS NOT NULL) AND (deleted_at IS NULL));


--
-- Name: IDX_order_shipping_item_id; Type: INDEX; Schema: public; Owner: marketplace
--

CREATE INDEX "IDX_order_shipping_item_id" ON public.order_shipping USING btree (shipping_method_id) WHERE (deleted_at IS NULL);


--
-- Name: IDX_order_shipping_method_adjustment_shipping_method_id; Type: INDEX; Schema: public; Owner: marketplace
--

CREATE INDEX "IDX_order_shipping_method_adjustment_shipping_method_id" ON public.order_shipping_method_adjustment USING btree (shipping_method_id) WHERE (deleted_at IS NULL);


--
-- Name: IDX_order_shipping_method_shipping_option_id; Type: INDEX; Schema: public; Owner: marketplace
--

CREATE INDEX "IDX_order_shipping_method_shipping_option_id" ON public.order_shipping_method USING btree (shipping_option_id) WHERE (deleted_at IS NULL);


--
-- Name: IDX_order_shipping_method_tax_line_shipping_method_id; Type: INDEX; Schema: public; Owner: marketplace
--

CREATE INDEX "IDX_order_shipping_method_tax_line_shipping_method_id" ON public.order_shipping_method_tax_line USING btree (shipping_method_id) WHERE (deleted_at IS NULL);


--
-- Name: IDX_order_shipping_order_id; Type: INDEX; Schema: public; Owner: marketplace
--

CREATE INDEX "IDX_order_shipping_order_id" ON public.order_shipping USING btree (order_id) WHERE (deleted_at IS NULL);


--
-- Name: IDX_order_shipping_order_id_version; Type: INDEX; Schema: public; Owner: marketplace
--

CREATE INDEX "IDX_order_shipping_order_id_version" ON public.order_shipping USING btree (order_id, version) WHERE (deleted_at IS NULL);


--
-- Name: IDX_order_shipping_return_id; Type: INDEX; Schema: public; Owner: marketplace
--

CREATE INDEX "IDX_order_shipping_return_id" ON public.order_shipping USING btree (return_id) WHERE ((return_id IS NOT NULL) AND (deleted_at IS NULL));


--
-- Name: IDX_order_summary_deleted_at; Type: INDEX; Schema: public; Owner: marketplace
--

CREATE INDEX "IDX_order_summary_deleted_at" ON public.order_summary USING btree (deleted_at) WHERE (deleted_at IS NOT NULL);


--
-- Name: IDX_order_summary_order_id_version; Type: INDEX; Schema: public; Owner: marketplace
--

CREATE INDEX "IDX_order_summary_order_id_version" ON public.order_summary USING btree (order_id, version) WHERE (deleted_at IS NULL);


--
-- Name: IDX_order_transaction_claim_id; Type: INDEX; Schema: public; Owner: marketplace
--

CREATE INDEX "IDX_order_transaction_claim_id" ON public.order_transaction USING btree (claim_id) WHERE ((claim_id IS NOT NULL) AND (deleted_at IS NULL));


--
-- Name: IDX_order_transaction_currency_code; Type: INDEX; Schema: public; Owner: marketplace
--

CREATE INDEX "IDX_order_transaction_currency_code" ON public.order_transaction USING btree (currency_code) WHERE (deleted_at IS NULL);


--
-- Name: IDX_order_transaction_exchange_id; Type: INDEX; Schema: public; Owner: marketplace
--

CREATE INDEX "IDX_order_transaction_exchange_id" ON public.order_transaction USING btree (exchange_id) WHERE ((exchange_id IS NOT NULL) AND (deleted_at IS NULL));


--
-- Name: IDX_order_transaction_order_id_version; Type: INDEX; Schema: public; Owner: marketplace
--

CREATE INDEX "IDX_order_transaction_order_id_version" ON public.order_transaction USING btree (order_id, version) WHERE (deleted_at IS NULL);


--
-- Name: IDX_order_transaction_reference_id; Type: INDEX; Schema: public; Owner: marketplace
--

CREATE INDEX "IDX_order_transaction_reference_id" ON public.order_transaction USING btree (reference_id) WHERE (deleted_at IS NULL);


--
-- Name: IDX_order_transaction_return_id; Type: INDEX; Schema: public; Owner: marketplace
--

CREATE INDEX "IDX_order_transaction_return_id" ON public.order_transaction USING btree (return_id) WHERE ((return_id IS NOT NULL) AND (deleted_at IS NULL));


--
-- Name: IDX_payment_collection_deleted_at; Type: INDEX; Schema: public; Owner: marketplace
--

CREATE INDEX "IDX_payment_collection_deleted_at" ON public.payment_collection USING btree (deleted_at) WHERE (deleted_at IS NOT NULL);


--
-- Name: IDX_payment_collection_id_-4a39f6c9; Type: INDEX; Schema: public; Owner: marketplace
--

CREATE INDEX "IDX_payment_collection_id_-4a39f6c9" ON public.cart_payment_collection USING btree (payment_collection_id);


--
-- Name: IDX_payment_collection_id_f42b9949; Type: INDEX; Schema: public; Owner: marketplace
--

CREATE INDEX "IDX_payment_collection_id_f42b9949" ON public.order_payment_collection USING btree (payment_collection_id);


--
-- Name: IDX_payment_deleted_at; Type: INDEX; Schema: public; Owner: marketplace
--

CREATE INDEX "IDX_payment_deleted_at" ON public.payment USING btree (deleted_at) WHERE (deleted_at IS NOT NULL);


--
-- Name: IDX_payment_payment_collection_id; Type: INDEX; Schema: public; Owner: marketplace
--

CREATE INDEX "IDX_payment_payment_collection_id" ON public.payment USING btree (payment_collection_id) WHERE (deleted_at IS NULL);


--
-- Name: IDX_payment_payment_session_id; Type: INDEX; Schema: public; Owner: marketplace
--

CREATE INDEX "IDX_payment_payment_session_id" ON public.payment USING btree (payment_session_id);


--
-- Name: IDX_payment_payment_session_id_unique; Type: INDEX; Schema: public; Owner: marketplace
--

CREATE UNIQUE INDEX "IDX_payment_payment_session_id_unique" ON public.payment USING btree (payment_session_id) WHERE (deleted_at IS NULL);


--
-- Name: IDX_payment_provider_deleted_at; Type: INDEX; Schema: public; Owner: marketplace
--

CREATE INDEX "IDX_payment_provider_deleted_at" ON public.payment_provider USING btree (deleted_at) WHERE (deleted_at IS NULL);


--
-- Name: IDX_payment_provider_id; Type: INDEX; Schema: public; Owner: marketplace
--

CREATE INDEX "IDX_payment_provider_id" ON public.payment USING btree (provider_id) WHERE (deleted_at IS NULL);


--
-- Name: IDX_payment_provider_id_1c934dab0; Type: INDEX; Schema: public; Owner: marketplace
--

CREATE INDEX "IDX_payment_provider_id_1c934dab0" ON public.region_payment_provider USING btree (payment_provider_id);


--
-- Name: IDX_payment_session_deleted_at; Type: INDEX; Schema: public; Owner: marketplace
--

CREATE INDEX "IDX_payment_session_deleted_at" ON public.payment_session USING btree (deleted_at);


--
-- Name: IDX_payment_session_payment_collection_id; Type: INDEX; Schema: public; Owner: marketplace
--

CREATE INDEX "IDX_payment_session_payment_collection_id" ON public.payment_session USING btree (payment_collection_id) WHERE (deleted_at IS NULL);


--
-- Name: IDX_price_currency_code; Type: INDEX; Schema: public; Owner: marketplace
--

CREATE INDEX "IDX_price_currency_code" ON public.price USING btree (currency_code) WHERE (deleted_at IS NULL);


--
-- Name: IDX_price_deleted_at; Type: INDEX; Schema: public; Owner: marketplace
--

CREATE INDEX "IDX_price_deleted_at" ON public.price USING btree (deleted_at) WHERE (deleted_at IS NOT NULL);


--
-- Name: IDX_price_list_deleted_at; Type: INDEX; Schema: public; Owner: marketplace
--

CREATE INDEX "IDX_price_list_deleted_at" ON public.price_list USING btree (deleted_at) WHERE (deleted_at IS NOT NULL);


--
-- Name: IDX_price_list_rule_deleted_at; Type: INDEX; Schema: public; Owner: marketplace
--

CREATE INDEX "IDX_price_list_rule_deleted_at" ON public.price_list_rule USING btree (deleted_at) WHERE (deleted_at IS NOT NULL);


--
-- Name: IDX_price_list_rule_price_list_id; Type: INDEX; Schema: public; Owner: marketplace
--

CREATE INDEX "IDX_price_list_rule_price_list_id" ON public.price_list_rule USING btree (price_list_id) WHERE (deleted_at IS NOT NULL);


--
-- Name: IDX_price_preference_attribute_value; Type: INDEX; Schema: public; Owner: marketplace
--

CREATE UNIQUE INDEX "IDX_price_preference_attribute_value" ON public.price_preference USING btree (attribute, value) WHERE (deleted_at IS NULL);


--
-- Name: IDX_price_preference_deleted_at; Type: INDEX; Schema: public; Owner: marketplace
--

CREATE INDEX "IDX_price_preference_deleted_at" ON public.price_preference USING btree (deleted_at) WHERE (deleted_at IS NOT NULL);


--
-- Name: IDX_price_price_list_id; Type: INDEX; Schema: public; Owner: marketplace
--

CREATE INDEX "IDX_price_price_list_id" ON public.price USING btree (price_list_id) WHERE (deleted_at IS NULL);


--
-- Name: IDX_price_price_set_id; Type: INDEX; Schema: public; Owner: marketplace
--

CREATE INDEX "IDX_price_price_set_id" ON public.price USING btree (price_set_id) WHERE (deleted_at IS NULL);


--
-- Name: IDX_price_rule_deleted_at; Type: INDEX; Schema: public; Owner: marketplace
--

CREATE INDEX "IDX_price_rule_deleted_at" ON public.price_rule USING btree (deleted_at) WHERE (deleted_at IS NOT NULL);


--
-- Name: IDX_price_rule_operator; Type: INDEX; Schema: public; Owner: marketplace
--

CREATE INDEX "IDX_price_rule_operator" ON public.price_rule USING btree (operator);


--
-- Name: IDX_price_rule_price_id; Type: INDEX; Schema: public; Owner: marketplace
--

CREATE INDEX "IDX_price_rule_price_id" ON public.price_rule USING btree (price_id) WHERE (deleted_at IS NULL);


--
-- Name: IDX_price_rule_price_id_attribute_operator_unique; Type: INDEX; Schema: public; Owner: marketplace
--

CREATE UNIQUE INDEX "IDX_price_rule_price_id_attribute_operator_unique" ON public.price_rule USING btree (price_id, attribute, operator) WHERE (deleted_at IS NULL);


--
-- Name: IDX_price_set_deleted_at; Type: INDEX; Schema: public; Owner: marketplace
--

CREATE INDEX "IDX_price_set_deleted_at" ON public.price_set USING btree (deleted_at) WHERE (deleted_at IS NOT NULL);


--
-- Name: IDX_price_set_id_52b23597; Type: INDEX; Schema: public; Owner: marketplace
--

CREATE INDEX "IDX_price_set_id_52b23597" ON public.product_variant_price_set USING btree (price_set_id);


--
-- Name: IDX_price_set_id_ba32fa9c; Type: INDEX; Schema: public; Owner: marketplace
--

CREATE INDEX "IDX_price_set_id_ba32fa9c" ON public.shipping_option_price_set USING btree (price_set_id);


--
-- Name: IDX_product_category_deleted_at; Type: INDEX; Schema: public; Owner: marketplace
--

CREATE INDEX "IDX_product_category_deleted_at" ON public.product_collection USING btree (deleted_at);


--
-- Name: IDX_product_category_parent_category_id; Type: INDEX; Schema: public; Owner: marketplace
--

CREATE INDEX "IDX_product_category_parent_category_id" ON public.product_category USING btree (parent_category_id) WHERE (deleted_at IS NULL);


--
-- Name: IDX_product_category_path; Type: INDEX; Schema: public; Owner: marketplace
--

CREATE INDEX "IDX_product_category_path" ON public.product_category USING btree (mpath) WHERE (deleted_at IS NULL);


--
-- Name: IDX_product_collection_deleted_at; Type: INDEX; Schema: public; Owner: marketplace
--

CREATE INDEX "IDX_product_collection_deleted_at" ON public.product_collection USING btree (deleted_at);


--
-- Name: IDX_product_collection_id; Type: INDEX; Schema: public; Owner: marketplace
--

CREATE INDEX "IDX_product_collection_id" ON public.product USING btree (collection_id) WHERE (deleted_at IS NULL);


--
-- Name: IDX_product_deleted_at; Type: INDEX; Schema: public; Owner: marketplace
--

CREATE INDEX "IDX_product_deleted_at" ON public.product USING btree (deleted_at);


--
-- Name: IDX_product_handle_unique; Type: INDEX; Schema: public; Owner: marketplace
--

CREATE UNIQUE INDEX "IDX_product_handle_unique" ON public.product USING btree (handle) WHERE (deleted_at IS NULL);


--
-- Name: IDX_product_id_17a262437; Type: INDEX; Schema: public; Owner: marketplace
--

CREATE INDEX "IDX_product_id_17a262437" ON public.product_shipping_profile USING btree (product_id);


--
-- Name: IDX_product_id_20b454295; Type: INDEX; Schema: public; Owner: marketplace
--

CREATE INDEX "IDX_product_id_20b454295" ON public.product_sales_channel USING btree (product_id);


--
-- Name: IDX_product_image_url; Type: INDEX; Schema: public; Owner: marketplace
--

CREATE INDEX "IDX_product_image_url" ON public.image USING btree (url) WHERE (deleted_at IS NULL);


--
-- Name: IDX_product_option_deleted_at; Type: INDEX; Schema: public; Owner: marketplace
--

CREATE INDEX "IDX_product_option_deleted_at" ON public.product_option USING btree (deleted_at);


--
-- Name: IDX_product_option_product_id; Type: INDEX; Schema: public; Owner: marketplace
--

CREATE INDEX "IDX_product_option_product_id" ON public.product_option USING btree (product_id) WHERE (deleted_at IS NULL);


--
-- Name: IDX_product_option_value_deleted_at; Type: INDEX; Schema: public; Owner: marketplace
--

CREATE INDEX "IDX_product_option_value_deleted_at" ON public.product_option_value USING btree (deleted_at);


--
-- Name: IDX_product_option_value_option_id; Type: INDEX; Schema: public; Owner: marketplace
--

CREATE INDEX "IDX_product_option_value_option_id" ON public.product_option_value USING btree (option_id) WHERE (deleted_at IS NULL);


--
-- Name: IDX_product_tag_deleted_at; Type: INDEX; Schema: public; Owner: marketplace
--

CREATE INDEX "IDX_product_tag_deleted_at" ON public.product_tag USING btree (deleted_at);


--
-- Name: IDX_product_type_deleted_at; Type: INDEX; Schema: public; Owner: marketplace
--

CREATE INDEX "IDX_product_type_deleted_at" ON public.product_type USING btree (deleted_at);


--
-- Name: IDX_product_type_id; Type: INDEX; Schema: public; Owner: marketplace
--

CREATE INDEX "IDX_product_type_id" ON public.product USING btree (type_id) WHERE (deleted_at IS NULL);


--
-- Name: IDX_product_variant_barcode_unique; Type: INDEX; Schema: public; Owner: marketplace
--

CREATE UNIQUE INDEX "IDX_product_variant_barcode_unique" ON public.product_variant USING btree (barcode) WHERE (deleted_at IS NULL);


--
-- Name: IDX_product_variant_deleted_at; Type: INDEX; Schema: public; Owner: marketplace
--

CREATE INDEX "IDX_product_variant_deleted_at" ON public.product_variant USING btree (deleted_at);


--
-- Name: IDX_product_variant_ean_unique; Type: INDEX; Schema: public; Owner: marketplace
--

CREATE UNIQUE INDEX "IDX_product_variant_ean_unique" ON public.product_variant USING btree (ean) WHERE (deleted_at IS NULL);


--
-- Name: IDX_product_variant_id_-537762e25; Type: INDEX; Schema: public; Owner: marketplace
--

CREATE INDEX "IDX_product_variant_id_-537762e25" ON public."digitalproductmodule_digital_product_variant-537762e25" USING btree (product_variant_id);


--
-- Name: IDX_product_variant_product_id; Type: INDEX; Schema: public; Owner: marketplace
--

CREATE INDEX "IDX_product_variant_product_id" ON public.product_variant USING btree (product_id) WHERE (deleted_at IS NULL);


--
-- Name: IDX_product_variant_sku_unique; Type: INDEX; Schema: public; Owner: marketplace
--

CREATE UNIQUE INDEX "IDX_product_variant_sku_unique" ON public.product_variant USING btree (sku) WHERE (deleted_at IS NULL);


--
-- Name: IDX_product_variant_upc_unique; Type: INDEX; Schema: public; Owner: marketplace
--

CREATE UNIQUE INDEX "IDX_product_variant_upc_unique" ON public.product_variant USING btree (upc) WHERE (deleted_at IS NULL);


--
-- Name: IDX_promotion_application_method_currency_code; Type: INDEX; Schema: public; Owner: marketplace
--

CREATE INDEX "IDX_promotion_application_method_currency_code" ON public.promotion_application_method USING btree (currency_code) WHERE (deleted_at IS NOT NULL);


--
-- Name: IDX_promotion_application_method_deleted_at; Type: INDEX; Schema: public; Owner: marketplace
--

CREATE INDEX "IDX_promotion_application_method_deleted_at" ON public.promotion_application_method USING btree (deleted_at) WHERE (deleted_at IS NULL);


--
-- Name: IDX_promotion_application_method_promotion_id_unique; Type: INDEX; Schema: public; Owner: marketplace
--

CREATE UNIQUE INDEX "IDX_promotion_application_method_promotion_id_unique" ON public.promotion_application_method USING btree (promotion_id) WHERE (deleted_at IS NULL);


--
-- Name: IDX_promotion_campaign_budget_campaign_id_unique; Type: INDEX; Schema: public; Owner: marketplace
--

CREATE UNIQUE INDEX "IDX_promotion_campaign_budget_campaign_id_unique" ON public.promotion_campaign_budget USING btree (campaign_id) WHERE (deleted_at IS NULL);


--
-- Name: IDX_promotion_campaign_budget_deleted_at; Type: INDEX; Schema: public; Owner: marketplace
--

CREATE INDEX "IDX_promotion_campaign_budget_deleted_at" ON public.promotion_campaign_budget USING btree (deleted_at) WHERE (deleted_at IS NULL);


--
-- Name: IDX_promotion_campaign_campaign_identifier_unique; Type: INDEX; Schema: public; Owner: marketplace
--

CREATE UNIQUE INDEX "IDX_promotion_campaign_campaign_identifier_unique" ON public.promotion_campaign USING btree (campaign_identifier) WHERE (deleted_at IS NULL);


--
-- Name: IDX_promotion_campaign_deleted_at; Type: INDEX; Schema: public; Owner: marketplace
--

CREATE INDEX "IDX_promotion_campaign_deleted_at" ON public.promotion_campaign USING btree (deleted_at) WHERE (deleted_at IS NULL);


--
-- Name: IDX_promotion_campaign_id; Type: INDEX; Schema: public; Owner: marketplace
--

CREATE INDEX "IDX_promotion_campaign_id" ON public.promotion USING btree (campaign_id) WHERE (deleted_at IS NULL);


--
-- Name: IDX_promotion_deleted_at; Type: INDEX; Schema: public; Owner: marketplace
--

CREATE INDEX "IDX_promotion_deleted_at" ON public.promotion USING btree (deleted_at) WHERE (deleted_at IS NULL);


--
-- Name: IDX_promotion_id_-71518339; Type: INDEX; Schema: public; Owner: marketplace
--

CREATE INDEX "IDX_promotion_id_-71518339" ON public.order_promotion USING btree (promotion_id);


--
-- Name: IDX_promotion_id_-a9d4a70b; Type: INDEX; Schema: public; Owner: marketplace
--

CREATE INDEX "IDX_promotion_id_-a9d4a70b" ON public.cart_promotion USING btree (promotion_id);


--
-- Name: IDX_promotion_rule_attribute; Type: INDEX; Schema: public; Owner: marketplace
--

CREATE INDEX "IDX_promotion_rule_attribute" ON public.promotion_rule USING btree (attribute);


--
-- Name: IDX_promotion_rule_deleted_at; Type: INDEX; Schema: public; Owner: marketplace
--

CREATE INDEX "IDX_promotion_rule_deleted_at" ON public.promotion_rule USING btree (deleted_at) WHERE (deleted_at IS NULL);


--
-- Name: IDX_promotion_rule_operator; Type: INDEX; Schema: public; Owner: marketplace
--

CREATE INDEX "IDX_promotion_rule_operator" ON public.promotion_rule USING btree (operator);


--
-- Name: IDX_promotion_rule_value_deleted_at; Type: INDEX; Schema: public; Owner: marketplace
--

CREATE INDEX "IDX_promotion_rule_value_deleted_at" ON public.promotion_rule_value USING btree (deleted_at) WHERE (deleted_at IS NULL);


--
-- Name: IDX_promotion_rule_value_promotion_rule_id; Type: INDEX; Schema: public; Owner: marketplace
--

CREATE INDEX "IDX_promotion_rule_value_promotion_rule_id" ON public.promotion_rule_value USING btree (promotion_rule_id) WHERE (deleted_at IS NULL);


--
-- Name: IDX_promotion_status; Type: INDEX; Schema: public; Owner: marketplace
--

CREATE INDEX "IDX_promotion_status" ON public.promotion USING btree (status) WHERE (deleted_at IS NULL);


--
-- Name: IDX_promotion_type; Type: INDEX; Schema: public; Owner: marketplace
--

CREATE INDEX "IDX_promotion_type" ON public.promotion USING btree (type);


--
-- Name: IDX_provider_identity_auth_identity_id; Type: INDEX; Schema: public; Owner: marketplace
--

CREATE INDEX "IDX_provider_identity_auth_identity_id" ON public.provider_identity USING btree (auth_identity_id);


--
-- Name: IDX_provider_identity_deleted_at; Type: INDEX; Schema: public; Owner: marketplace
--

CREATE INDEX "IDX_provider_identity_deleted_at" ON public.provider_identity USING btree (deleted_at) WHERE (deleted_at IS NULL);


--
-- Name: IDX_provider_identity_provider_entity_id; Type: INDEX; Schema: public; Owner: marketplace
--

CREATE UNIQUE INDEX "IDX_provider_identity_provider_entity_id" ON public.provider_identity USING btree (entity_id, provider);


--
-- Name: IDX_publishable_key_id_-1d67bae40; Type: INDEX; Schema: public; Owner: marketplace
--

CREATE INDEX "IDX_publishable_key_id_-1d67bae40" ON public.publishable_api_key_sales_channel USING btree (publishable_key_id);


--
-- Name: IDX_refund_deleted_at; Type: INDEX; Schema: public; Owner: marketplace
--

CREATE INDEX "IDX_refund_deleted_at" ON public.refund USING btree (deleted_at);


--
-- Name: IDX_refund_payment_id; Type: INDEX; Schema: public; Owner: marketplace
--

CREATE INDEX "IDX_refund_payment_id" ON public.refund USING btree (payment_id) WHERE (deleted_at IS NULL);


--
-- Name: IDX_refund_reason_deleted_at; Type: INDEX; Schema: public; Owner: marketplace
--

CREATE INDEX "IDX_refund_reason_deleted_at" ON public.refund_reason USING btree (deleted_at) WHERE (deleted_at IS NULL);


--
-- Name: IDX_refund_refund_reason_id; Type: INDEX; Schema: public; Owner: marketplace
--

CREATE INDEX "IDX_refund_refund_reason_id" ON public.refund USING btree (refund_reason_id) WHERE (deleted_at IS NULL);


--
-- Name: IDX_region_country_deleted_at; Type: INDEX; Schema: public; Owner: marketplace
--

CREATE INDEX "IDX_region_country_deleted_at" ON public.region_country USING btree (deleted_at) WHERE (deleted_at IS NULL);


--
-- Name: IDX_region_country_region_id; Type: INDEX; Schema: public; Owner: marketplace
--

CREATE INDEX "IDX_region_country_region_id" ON public.region_country USING btree (region_id) WHERE (deleted_at IS NULL);


--
-- Name: IDX_region_country_region_id_iso_2_unique; Type: INDEX; Schema: public; Owner: marketplace
--

CREATE UNIQUE INDEX "IDX_region_country_region_id_iso_2_unique" ON public.region_country USING btree (region_id, iso_2);


--
-- Name: IDX_region_deleted_at; Type: INDEX; Schema: public; Owner: marketplace
--

CREATE INDEX "IDX_region_deleted_at" ON public.region USING btree (deleted_at) WHERE (deleted_at IS NOT NULL);


--
-- Name: IDX_region_id_1c934dab0; Type: INDEX; Schema: public; Owner: marketplace
--

CREATE INDEX "IDX_region_id_1c934dab0" ON public.region_payment_provider USING btree (region_id);


--
-- Name: IDX_reservation_item_deleted_at; Type: INDEX; Schema: public; Owner: marketplace
--

CREATE INDEX "IDX_reservation_item_deleted_at" ON public.reservation_item USING btree (deleted_at) WHERE (deleted_at IS NOT NULL);


--
-- Name: IDX_reservation_item_inventory_item_id; Type: INDEX; Schema: public; Owner: marketplace
--

CREATE INDEX "IDX_reservation_item_inventory_item_id" ON public.reservation_item USING btree (inventory_item_id) WHERE (deleted_at IS NULL);


--
-- Name: IDX_reservation_item_line_item_id; Type: INDEX; Schema: public; Owner: marketplace
--

CREATE INDEX "IDX_reservation_item_line_item_id" ON public.reservation_item USING btree (line_item_id) WHERE (deleted_at IS NULL);


--
-- Name: IDX_reservation_item_location_id; Type: INDEX; Schema: public; Owner: marketplace
--

CREATE INDEX "IDX_reservation_item_location_id" ON public.reservation_item USING btree (location_id) WHERE (deleted_at IS NULL);


--
-- Name: IDX_return_claim_id; Type: INDEX; Schema: public; Owner: marketplace
--

CREATE INDEX "IDX_return_claim_id" ON public.return USING btree (claim_id) WHERE ((claim_id IS NOT NULL) AND (deleted_at IS NULL));


--
-- Name: IDX_return_display_id; Type: INDEX; Schema: public; Owner: marketplace
--

CREATE INDEX "IDX_return_display_id" ON public.return USING btree (display_id) WHERE (deleted_at IS NULL);


--
-- Name: IDX_return_exchange_id; Type: INDEX; Schema: public; Owner: marketplace
--

CREATE INDEX "IDX_return_exchange_id" ON public.return USING btree (exchange_id) WHERE ((exchange_id IS NOT NULL) AND (deleted_at IS NULL));


--
-- Name: IDX_return_id_-31ea43a; Type: INDEX; Schema: public; Owner: marketplace
--

CREATE INDEX "IDX_return_id_-31ea43a" ON public.return_fulfillment USING btree (return_id);


--
-- Name: IDX_return_item_deleted_at; Type: INDEX; Schema: public; Owner: marketplace
--

CREATE INDEX "IDX_return_item_deleted_at" ON public.return_item USING btree (deleted_at) WHERE (deleted_at IS NULL);


--
-- Name: IDX_return_item_item_id; Type: INDEX; Schema: public; Owner: marketplace
--

CREATE INDEX "IDX_return_item_item_id" ON public.return_item USING btree (item_id) WHERE (deleted_at IS NULL);


--
-- Name: IDX_return_item_reason_id; Type: INDEX; Schema: public; Owner: marketplace
--

CREATE INDEX "IDX_return_item_reason_id" ON public.return_item USING btree (reason_id) WHERE (deleted_at IS NULL);


--
-- Name: IDX_return_item_return_id; Type: INDEX; Schema: public; Owner: marketplace
--

CREATE INDEX "IDX_return_item_return_id" ON public.return_item USING btree (return_id) WHERE (deleted_at IS NULL);


--
-- Name: IDX_return_order_id; Type: INDEX; Schema: public; Owner: marketplace
--

CREATE INDEX "IDX_return_order_id" ON public.return USING btree (order_id) WHERE (deleted_at IS NULL);


--
-- Name: IDX_return_reason_value; Type: INDEX; Schema: public; Owner: marketplace
--

CREATE UNIQUE INDEX "IDX_return_reason_value" ON public.return_reason USING btree (value) WHERE (deleted_at IS NULL);


--
-- Name: IDX_sales_channel_deleted_at; Type: INDEX; Schema: public; Owner: marketplace
--

CREATE INDEX "IDX_sales_channel_deleted_at" ON public.sales_channel USING btree (deleted_at);


--
-- Name: IDX_sales_channel_id_-1d67bae40; Type: INDEX; Schema: public; Owner: marketplace
--

CREATE INDEX "IDX_sales_channel_id_-1d67bae40" ON public.publishable_api_key_sales_channel USING btree (sales_channel_id);


--
-- Name: IDX_sales_channel_id_20b454295; Type: INDEX; Schema: public; Owner: marketplace
--

CREATE INDEX "IDX_sales_channel_id_20b454295" ON public.product_sales_channel USING btree (sales_channel_id);


--
-- Name: IDX_sales_channel_id_26d06f470; Type: INDEX; Schema: public; Owner: marketplace
--

CREATE INDEX "IDX_sales_channel_id_26d06f470" ON public.sales_channel_stock_location USING btree (sales_channel_id);


--
-- Name: IDX_service_zone_deleted_at; Type: INDEX; Schema: public; Owner: marketplace
--

CREATE INDEX "IDX_service_zone_deleted_at" ON public.service_zone USING btree (deleted_at) WHERE (deleted_at IS NOT NULL);


--
-- Name: IDX_service_zone_fulfillment_set_id; Type: INDEX; Schema: public; Owner: marketplace
--

CREATE INDEX "IDX_service_zone_fulfillment_set_id" ON public.service_zone USING btree (fulfillment_set_id) WHERE (deleted_at IS NULL);


--
-- Name: IDX_service_zone_name_unique; Type: INDEX; Schema: public; Owner: marketplace
--

CREATE UNIQUE INDEX "IDX_service_zone_name_unique" ON public.service_zone USING btree (name) WHERE (deleted_at IS NULL);


--
-- Name: IDX_shipping_method_adjustment_promotion_id; Type: INDEX; Schema: public; Owner: marketplace
--

CREATE INDEX "IDX_shipping_method_adjustment_promotion_id" ON public.cart_shipping_method_adjustment USING btree (promotion_id) WHERE ((deleted_at IS NULL) AND (promotion_id IS NOT NULL));


--
-- Name: IDX_shipping_method_cart_id; Type: INDEX; Schema: public; Owner: marketplace
--

CREATE INDEX "IDX_shipping_method_cart_id" ON public.cart_shipping_method USING btree (cart_id) WHERE (deleted_at IS NULL);


--
-- Name: IDX_shipping_method_option_id; Type: INDEX; Schema: public; Owner: marketplace
--

CREATE INDEX "IDX_shipping_method_option_id" ON public.cart_shipping_method USING btree (shipping_option_id) WHERE ((deleted_at IS NULL) AND (shipping_option_id IS NOT NULL));


--
-- Name: IDX_shipping_method_tax_line_tax_rate_id; Type: INDEX; Schema: public; Owner: marketplace
--

CREATE INDEX "IDX_shipping_method_tax_line_tax_rate_id" ON public.cart_shipping_method_tax_line USING btree (tax_rate_id) WHERE ((deleted_at IS NULL) AND (tax_rate_id IS NOT NULL));


--
-- Name: IDX_shipping_option_deleted_at; Type: INDEX; Schema: public; Owner: marketplace
--

CREATE INDEX "IDX_shipping_option_deleted_at" ON public.shipping_option USING btree (deleted_at) WHERE (deleted_at IS NOT NULL);


--
-- Name: IDX_shipping_option_id_ba32fa9c; Type: INDEX; Schema: public; Owner: marketplace
--

CREATE INDEX "IDX_shipping_option_id_ba32fa9c" ON public.shipping_option_price_set USING btree (shipping_option_id);


--
-- Name: IDX_shipping_option_provider_id; Type: INDEX; Schema: public; Owner: marketplace
--

CREATE INDEX "IDX_shipping_option_provider_id" ON public.shipping_option USING btree (provider_id) WHERE (deleted_at IS NULL);


--
-- Name: IDX_shipping_option_rule_deleted_at; Type: INDEX; Schema: public; Owner: marketplace
--

CREATE INDEX "IDX_shipping_option_rule_deleted_at" ON public.shipping_option_rule USING btree (deleted_at) WHERE (deleted_at IS NOT NULL);


--
-- Name: IDX_shipping_option_rule_shipping_option_id; Type: INDEX; Schema: public; Owner: marketplace
--

CREATE INDEX "IDX_shipping_option_rule_shipping_option_id" ON public.shipping_option_rule USING btree (shipping_option_id) WHERE (deleted_at IS NULL);


--
-- Name: IDX_shipping_option_service_zone_id; Type: INDEX; Schema: public; Owner: marketplace
--

CREATE INDEX "IDX_shipping_option_service_zone_id" ON public.shipping_option USING btree (service_zone_id) WHERE (deleted_at IS NULL);


--
-- Name: IDX_shipping_option_shipping_profile_id; Type: INDEX; Schema: public; Owner: marketplace
--

CREATE INDEX "IDX_shipping_option_shipping_profile_id" ON public.shipping_option USING btree (shipping_profile_id) WHERE (deleted_at IS NULL);


--
-- Name: IDX_shipping_option_type_deleted_at; Type: INDEX; Schema: public; Owner: marketplace
--

CREATE INDEX "IDX_shipping_option_type_deleted_at" ON public.shipping_option_type USING btree (deleted_at) WHERE (deleted_at IS NOT NULL);


--
-- Name: IDX_shipping_profile_deleted_at; Type: INDEX; Schema: public; Owner: marketplace
--

CREATE INDEX "IDX_shipping_profile_deleted_at" ON public.shipping_profile USING btree (deleted_at) WHERE (deleted_at IS NOT NULL);


--
-- Name: IDX_shipping_profile_id_17a262437; Type: INDEX; Schema: public; Owner: marketplace
--

CREATE INDEX "IDX_shipping_profile_id_17a262437" ON public.product_shipping_profile USING btree (shipping_profile_id);


--
-- Name: IDX_shipping_profile_name_unique; Type: INDEX; Schema: public; Owner: marketplace
--

CREATE UNIQUE INDEX "IDX_shipping_profile_name_unique" ON public.shipping_profile USING btree (name) WHERE (deleted_at IS NULL);


--
-- Name: IDX_single_default_region; Type: INDEX; Schema: public; Owner: marketplace
--

CREATE UNIQUE INDEX "IDX_single_default_region" ON public.tax_rate USING btree (tax_region_id) WHERE ((is_default = true) AND (deleted_at IS NULL));


--
-- Name: IDX_stock_location_address_deleted_at; Type: INDEX; Schema: public; Owner: marketplace
--

CREATE INDEX "IDX_stock_location_address_deleted_at" ON public.stock_location_address USING btree (deleted_at) WHERE (deleted_at IS NOT NULL);


--
-- Name: IDX_stock_location_address_id_unique; Type: INDEX; Schema: public; Owner: marketplace
--

CREATE UNIQUE INDEX "IDX_stock_location_address_id_unique" ON public.stock_location USING btree (address_id) WHERE (deleted_at IS NULL);


--
-- Name: IDX_stock_location_deleted_at; Type: INDEX; Schema: public; Owner: marketplace
--

CREATE INDEX "IDX_stock_location_deleted_at" ON public.stock_location USING btree (deleted_at) WHERE (deleted_at IS NOT NULL);


--
-- Name: IDX_stock_location_id_-1e5992737; Type: INDEX; Schema: public; Owner: marketplace
--

CREATE INDEX "IDX_stock_location_id_-1e5992737" ON public.location_fulfillment_provider USING btree (stock_location_id);


--
-- Name: IDX_stock_location_id_-e88adb96; Type: INDEX; Schema: public; Owner: marketplace
--

CREATE INDEX "IDX_stock_location_id_-e88adb96" ON public.location_fulfillment_set USING btree (stock_location_id);


--
-- Name: IDX_stock_location_id_26d06f470; Type: INDEX; Schema: public; Owner: marketplace
--

CREATE INDEX "IDX_stock_location_id_26d06f470" ON public.sales_channel_stock_location USING btree (stock_location_id);


--
-- Name: IDX_store_currency_deleted_at; Type: INDEX; Schema: public; Owner: marketplace
--

CREATE INDEX "IDX_store_currency_deleted_at" ON public.store_currency USING btree (deleted_at) WHERE (deleted_at IS NOT NULL);


--
-- Name: IDX_store_currency_store_id; Type: INDEX; Schema: public; Owner: marketplace
--

CREATE INDEX "IDX_store_currency_store_id" ON public.store_currency USING btree (store_id) WHERE (deleted_at IS NULL);


--
-- Name: IDX_store_deleted_at; Type: INDEX; Schema: public; Owner: marketplace
--

CREATE INDEX "IDX_store_deleted_at" ON public.store USING btree (deleted_at) WHERE (deleted_at IS NOT NULL);


--
-- Name: IDX_tag_value_unique; Type: INDEX; Schema: public; Owner: marketplace
--

CREATE UNIQUE INDEX "IDX_tag_value_unique" ON public.product_tag USING btree (value) WHERE (deleted_at IS NULL);


--
-- Name: IDX_tax_line_item_id; Type: INDEX; Schema: public; Owner: marketplace
--

CREATE INDEX "IDX_tax_line_item_id" ON public.cart_line_item_tax_line USING btree (item_id) WHERE (deleted_at IS NULL);


--
-- Name: IDX_tax_line_shipping_method_id; Type: INDEX; Schema: public; Owner: marketplace
--

CREATE INDEX "IDX_tax_line_shipping_method_id" ON public.cart_shipping_method_tax_line USING btree (shipping_method_id) WHERE (deleted_at IS NULL);


--
-- Name: IDX_tax_provider_deleted_at; Type: INDEX; Schema: public; Owner: marketplace
--

CREATE INDEX "IDX_tax_provider_deleted_at" ON public.tax_provider USING btree (deleted_at) WHERE (deleted_at IS NULL);


--
-- Name: IDX_tax_rate_deleted_at; Type: INDEX; Schema: public; Owner: marketplace
--

CREATE INDEX "IDX_tax_rate_deleted_at" ON public.tax_rate USING btree (deleted_at) WHERE (deleted_at IS NOT NULL);


--
-- Name: IDX_tax_rate_rule_deleted_at; Type: INDEX; Schema: public; Owner: marketplace
--

CREATE INDEX "IDX_tax_rate_rule_deleted_at" ON public.tax_rate_rule USING btree (deleted_at) WHERE (deleted_at IS NOT NULL);


--
-- Name: IDX_tax_rate_rule_reference_id; Type: INDEX; Schema: public; Owner: marketplace
--

CREATE INDEX "IDX_tax_rate_rule_reference_id" ON public.tax_rate_rule USING btree (reference_id) WHERE (deleted_at IS NULL);


--
-- Name: IDX_tax_rate_rule_tax_rate_id; Type: INDEX; Schema: public; Owner: marketplace
--

CREATE INDEX "IDX_tax_rate_rule_tax_rate_id" ON public.tax_rate_rule USING btree (tax_rate_id) WHERE (deleted_at IS NULL);


--
-- Name: IDX_tax_rate_rule_unique_rate_reference; Type: INDEX; Schema: public; Owner: marketplace
--

CREATE UNIQUE INDEX "IDX_tax_rate_rule_unique_rate_reference" ON public.tax_rate_rule USING btree (tax_rate_id, reference_id) WHERE (deleted_at IS NULL);


--
-- Name: IDX_tax_rate_tax_region_id; Type: INDEX; Schema: public; Owner: marketplace
--

CREATE INDEX "IDX_tax_rate_tax_region_id" ON public.tax_rate USING btree (tax_region_id) WHERE (deleted_at IS NULL);


--
-- Name: IDX_tax_region_deleted_at; Type: INDEX; Schema: public; Owner: marketplace
--

CREATE INDEX "IDX_tax_region_deleted_at" ON public.tax_region USING btree (deleted_at) WHERE (deleted_at IS NOT NULL);


--
-- Name: IDX_tax_region_parent_id; Type: INDEX; Schema: public; Owner: marketplace
--

CREATE INDEX "IDX_tax_region_parent_id" ON public.tax_region USING btree (parent_id);


--
-- Name: IDX_tax_region_provider_id; Type: INDEX; Schema: public; Owner: marketplace
--

CREATE INDEX "IDX_tax_region_provider_id" ON public.tax_region USING btree (provider_id) WHERE (deleted_at IS NULL);


--
-- Name: IDX_tax_region_unique_country_nullable_province; Type: INDEX; Schema: public; Owner: marketplace
--

CREATE UNIQUE INDEX "IDX_tax_region_unique_country_nullable_province" ON public.tax_region USING btree (country_code) WHERE ((province_code IS NULL) AND (deleted_at IS NULL));


--
-- Name: IDX_tax_region_unique_country_province; Type: INDEX; Schema: public; Owner: marketplace
--

CREATE UNIQUE INDEX "IDX_tax_region_unique_country_province" ON public.tax_region USING btree (country_code, province_code) WHERE (deleted_at IS NULL);


--
-- Name: IDX_type_value_unique; Type: INDEX; Schema: public; Owner: marketplace
--

CREATE UNIQUE INDEX "IDX_type_value_unique" ON public.product_type USING btree (value) WHERE (deleted_at IS NULL);


--
-- Name: IDX_unique_promotion_code; Type: INDEX; Schema: public; Owner: marketplace
--

CREATE UNIQUE INDEX "IDX_unique_promotion_code" ON public.promotion USING btree (code) WHERE (deleted_at IS NULL);


--
-- Name: IDX_user_deleted_at; Type: INDEX; Schema: public; Owner: marketplace
--

CREATE INDEX "IDX_user_deleted_at" ON public."user" USING btree (deleted_at) WHERE (deleted_at IS NOT NULL);


--
-- Name: IDX_user_email_unique; Type: INDEX; Schema: public; Owner: marketplace
--

CREATE UNIQUE INDEX "IDX_user_email_unique" ON public."user" USING btree (email) WHERE (deleted_at IS NULL);


--
-- Name: IDX_variant_id_17b4c4e35; Type: INDEX; Schema: public; Owner: marketplace
--

CREATE INDEX "IDX_variant_id_17b4c4e35" ON public.product_variant_inventory_item USING btree (variant_id);


--
-- Name: IDX_variant_id_52b23597; Type: INDEX; Schema: public; Owner: marketplace
--

CREATE INDEX "IDX_variant_id_52b23597" ON public.product_variant_price_set USING btree (variant_id);


--
-- Name: IDX_workflow_execution_deleted_at; Type: INDEX; Schema: public; Owner: marketplace
--

CREATE INDEX "IDX_workflow_execution_deleted_at" ON public.workflow_execution USING btree (deleted_at) WHERE (deleted_at IS NULL);


--
-- Name: IDX_workflow_execution_id; Type: INDEX; Schema: public; Owner: marketplace
--

CREATE INDEX "IDX_workflow_execution_id" ON public.workflow_execution USING btree (id) WHERE (deleted_at IS NULL);


--
-- Name: IDX_workflow_execution_state; Type: INDEX; Schema: public; Owner: marketplace
--

CREATE INDEX "IDX_workflow_execution_state" ON public.workflow_execution USING btree (state) WHERE (deleted_at IS NULL);


--
-- Name: IDX_workflow_execution_transaction_id; Type: INDEX; Schema: public; Owner: marketplace
--

CREATE INDEX "IDX_workflow_execution_transaction_id" ON public.workflow_execution USING btree (transaction_id) WHERE (deleted_at IS NULL);


--
-- Name: IDX_workflow_execution_workflow_id; Type: INDEX; Schema: public; Owner: marketplace
--

CREATE INDEX "IDX_workflow_execution_workflow_id" ON public.workflow_execution USING btree (workflow_id) WHERE (deleted_at IS NULL);


--
-- Name: idx_script_name_unique; Type: INDEX; Schema: public; Owner: marketplace
--

CREATE UNIQUE INDEX idx_script_name_unique ON public.script_migrations USING btree (script_name);


--
-- Name: tax_rate_rule FK_tax_rate_rule_tax_rate_id; Type: FK CONSTRAINT; Schema: public; Owner: marketplace
--

ALTER TABLE ONLY public.tax_rate_rule
    ADD CONSTRAINT "FK_tax_rate_rule_tax_rate_id" FOREIGN KEY (tax_rate_id) REFERENCES public.tax_rate(id) ON DELETE CASCADE;


--
-- Name: tax_rate FK_tax_rate_tax_region_id; Type: FK CONSTRAINT; Schema: public; Owner: marketplace
--

ALTER TABLE ONLY public.tax_rate
    ADD CONSTRAINT "FK_tax_rate_tax_region_id" FOREIGN KEY (tax_region_id) REFERENCES public.tax_region(id) ON DELETE CASCADE;


--
-- Name: tax_region FK_tax_region_parent_id; Type: FK CONSTRAINT; Schema: public; Owner: marketplace
--

ALTER TABLE ONLY public.tax_region
    ADD CONSTRAINT "FK_tax_region_parent_id" FOREIGN KEY (parent_id) REFERENCES public.tax_region(id) ON DELETE CASCADE;


--
-- Name: tax_region FK_tax_region_provider_id; Type: FK CONSTRAINT; Schema: public; Owner: marketplace
--

ALTER TABLE ONLY public.tax_region
    ADD CONSTRAINT "FK_tax_region_provider_id" FOREIGN KEY (provider_id) REFERENCES public.tax_provider(id) ON DELETE SET NULL;


--
-- Name: application_method_buy_rules application_method_buy_rules_application_method_id_foreign; Type: FK CONSTRAINT; Schema: public; Owner: marketplace
--

ALTER TABLE ONLY public.application_method_buy_rules
    ADD CONSTRAINT application_method_buy_rules_application_method_id_foreign FOREIGN KEY (application_method_id) REFERENCES public.promotion_application_method(id) ON UPDATE CASCADE ON DELETE CASCADE;


--
-- Name: application_method_buy_rules application_method_buy_rules_promotion_rule_id_foreign; Type: FK CONSTRAINT; Schema: public; Owner: marketplace
--

ALTER TABLE ONLY public.application_method_buy_rules
    ADD CONSTRAINT application_method_buy_rules_promotion_rule_id_foreign FOREIGN KEY (promotion_rule_id) REFERENCES public.promotion_rule(id) ON UPDATE CASCADE ON DELETE CASCADE;


--
-- Name: application_method_target_rules application_method_target_rules_application_method_id_foreign; Type: FK CONSTRAINT; Schema: public; Owner: marketplace
--

ALTER TABLE ONLY public.application_method_target_rules
    ADD CONSTRAINT application_method_target_rules_application_method_id_foreign FOREIGN KEY (application_method_id) REFERENCES public.promotion_application_method(id) ON UPDATE CASCADE ON DELETE CASCADE;


--
-- Name: application_method_target_rules application_method_target_rules_promotion_rule_id_foreign; Type: FK CONSTRAINT; Schema: public; Owner: marketplace
--

ALTER TABLE ONLY public.application_method_target_rules
    ADD CONSTRAINT application_method_target_rules_promotion_rule_id_foreign FOREIGN KEY (promotion_rule_id) REFERENCES public.promotion_rule(id) ON UPDATE CASCADE ON DELETE CASCADE;


--
-- Name: capture capture_payment_id_foreign; Type: FK CONSTRAINT; Schema: public; Owner: marketplace
--

ALTER TABLE ONLY public.capture
    ADD CONSTRAINT capture_payment_id_foreign FOREIGN KEY (payment_id) REFERENCES public.payment(id) ON UPDATE CASCADE ON DELETE CASCADE;


--
-- Name: cart cart_billing_address_id_foreign; Type: FK CONSTRAINT; Schema: public; Owner: marketplace
--

ALTER TABLE ONLY public.cart
    ADD CONSTRAINT cart_billing_address_id_foreign FOREIGN KEY (billing_address_id) REFERENCES public.cart_address(id) ON UPDATE CASCADE ON DELETE SET NULL;


--
-- Name: cart_line_item_adjustment cart_line_item_adjustment_item_id_foreign; Type: FK CONSTRAINT; Schema: public; Owner: marketplace
--

ALTER TABLE ONLY public.cart_line_item_adjustment
    ADD CONSTRAINT cart_line_item_adjustment_item_id_foreign FOREIGN KEY (item_id) REFERENCES public.cart_line_item(id) ON UPDATE CASCADE ON DELETE CASCADE;


--
-- Name: cart_line_item cart_line_item_cart_id_foreign; Type: FK CONSTRAINT; Schema: public; Owner: marketplace
--

ALTER TABLE ONLY public.cart_line_item
    ADD CONSTRAINT cart_line_item_cart_id_foreign FOREIGN KEY (cart_id) REFERENCES public.cart(id) ON UPDATE CASCADE ON DELETE CASCADE;


--
-- Name: cart_line_item_tax_line cart_line_item_tax_line_item_id_foreign; Type: FK CONSTRAINT; Schema: public; Owner: marketplace
--

ALTER TABLE ONLY public.cart_line_item_tax_line
    ADD CONSTRAINT cart_line_item_tax_line_item_id_foreign FOREIGN KEY (item_id) REFERENCES public.cart_line_item(id) ON UPDATE CASCADE ON DELETE CASCADE;


--
-- Name: cart cart_shipping_address_id_foreign; Type: FK CONSTRAINT; Schema: public; Owner: marketplace
--

ALTER TABLE ONLY public.cart
    ADD CONSTRAINT cart_shipping_address_id_foreign FOREIGN KEY (shipping_address_id) REFERENCES public.cart_address(id) ON UPDATE CASCADE ON DELETE SET NULL;


--
-- Name: cart_shipping_method_adjustment cart_shipping_method_adjustment_shipping_method_id_foreign; Type: FK CONSTRAINT; Schema: public; Owner: marketplace
--

ALTER TABLE ONLY public.cart_shipping_method_adjustment
    ADD CONSTRAINT cart_shipping_method_adjustment_shipping_method_id_foreign FOREIGN KEY (shipping_method_id) REFERENCES public.cart_shipping_method(id) ON UPDATE CASCADE ON DELETE CASCADE;


--
-- Name: cart_shipping_method cart_shipping_method_cart_id_foreign; Type: FK CONSTRAINT; Schema: public; Owner: marketplace
--

ALTER TABLE ONLY public.cart_shipping_method
    ADD CONSTRAINT cart_shipping_method_cart_id_foreign FOREIGN KEY (cart_id) REFERENCES public.cart(id) ON UPDATE CASCADE ON DELETE CASCADE;


--
-- Name: cart_shipping_method_tax_line cart_shipping_method_tax_line_shipping_method_id_foreign; Type: FK CONSTRAINT; Schema: public; Owner: marketplace
--

ALTER TABLE ONLY public.cart_shipping_method_tax_line
    ADD CONSTRAINT cart_shipping_method_tax_line_shipping_method_id_foreign FOREIGN KEY (shipping_method_id) REFERENCES public.cart_shipping_method(id) ON UPDATE CASCADE ON DELETE CASCADE;


--
-- Name: credit_line credit_line_cart_id_foreign; Type: FK CONSTRAINT; Schema: public; Owner: marketplace
--

ALTER TABLE ONLY public.credit_line
    ADD CONSTRAINT credit_line_cart_id_foreign FOREIGN KEY (cart_id) REFERENCES public.cart(id) ON UPDATE CASCADE;


--
-- Name: customer_address customer_address_customer_id_foreign; Type: FK CONSTRAINT; Schema: public; Owner: marketplace
--

ALTER TABLE ONLY public.customer_address
    ADD CONSTRAINT customer_address_customer_id_foreign FOREIGN KEY (customer_id) REFERENCES public.customer(id) ON UPDATE CASCADE ON DELETE CASCADE;


--
-- Name: customer_group_customer customer_group_customer_customer_group_id_foreign; Type: FK CONSTRAINT; Schema: public; Owner: marketplace
--

ALTER TABLE ONLY public.customer_group_customer
    ADD CONSTRAINT customer_group_customer_customer_group_id_foreign FOREIGN KEY (customer_group_id) REFERENCES public.customer_group(id) ON UPDATE CASCADE ON DELETE CASCADE;


--
-- Name: customer_group_customer customer_group_customer_customer_id_foreign; Type: FK CONSTRAINT; Schema: public; Owner: marketplace
--

ALTER TABLE ONLY public.customer_group_customer
    ADD CONSTRAINT customer_group_customer_customer_id_foreign FOREIGN KEY (customer_id) REFERENCES public.customer(id) ON UPDATE CASCADE ON DELETE CASCADE;


--
-- Name: digital_product_media digital_product_media_digital_product_id_foreign; Type: FK CONSTRAINT; Schema: public; Owner: marketplace
--

ALTER TABLE ONLY public.digital_product_media
    ADD CONSTRAINT digital_product_media_digital_product_id_foreign FOREIGN KEY (digital_product_id) REFERENCES public.digital_product(id) ON UPDATE CASCADE ON DELETE CASCADE;


--
-- Name: digitalproduct_digitalproductorders digitalproduct_digitalproductorders_digital_produ_c0c21_foreign; Type: FK CONSTRAINT; Schema: public; Owner: marketplace
--

ALTER TABLE ONLY public.digitalproduct_digitalproductorders
    ADD CONSTRAINT digitalproduct_digitalproductorders_digital_produ_c0c21_foreign FOREIGN KEY (digital_product_order_id) REFERENCES public.digital_product_order(id) ON UPDATE CASCADE ON DELETE CASCADE;


--
-- Name: digitalproduct_digitalproductorders digitalproduct_digitalproductorders_digital_product_id_foreign; Type: FK CONSTRAINT; Schema: public; Owner: marketplace
--

ALTER TABLE ONLY public.digitalproduct_digitalproductorders
    ADD CONSTRAINT digitalproduct_digitalproductorders_digital_product_id_foreign FOREIGN KEY (digital_product_id) REFERENCES public.digital_product(id) ON UPDATE CASCADE ON DELETE CASCADE;


--
-- Name: fulfillment fulfillment_delivery_address_id_foreign; Type: FK CONSTRAINT; Schema: public; Owner: marketplace
--

ALTER TABLE ONLY public.fulfillment
    ADD CONSTRAINT fulfillment_delivery_address_id_foreign FOREIGN KEY (delivery_address_id) REFERENCES public.fulfillment_address(id) ON UPDATE CASCADE ON DELETE SET NULL;


--
-- Name: fulfillment_item fulfillment_item_fulfillment_id_foreign; Type: FK CONSTRAINT; Schema: public; Owner: marketplace
--

ALTER TABLE ONLY public.fulfillment_item
    ADD CONSTRAINT fulfillment_item_fulfillment_id_foreign FOREIGN KEY (fulfillment_id) REFERENCES public.fulfillment(id) ON UPDATE CASCADE ON DELETE CASCADE;


--
-- Name: fulfillment_label fulfillment_label_fulfillment_id_foreign; Type: FK CONSTRAINT; Schema: public; Owner: marketplace
--

ALTER TABLE ONLY public.fulfillment_label
    ADD CONSTRAINT fulfillment_label_fulfillment_id_foreign FOREIGN KEY (fulfillment_id) REFERENCES public.fulfillment(id) ON UPDATE CASCADE ON DELETE CASCADE;


--
-- Name: fulfillment fulfillment_provider_id_foreign; Type: FK CONSTRAINT; Schema: public; Owner: marketplace
--

ALTER TABLE ONLY public.fulfillment
    ADD CONSTRAINT fulfillment_provider_id_foreign FOREIGN KEY (provider_id) REFERENCES public.fulfillment_provider(id) ON UPDATE CASCADE ON DELETE SET NULL;


--
-- Name: fulfillment fulfillment_shipping_option_id_foreign; Type: FK CONSTRAINT; Schema: public; Owner: marketplace
--

ALTER TABLE ONLY public.fulfillment
    ADD CONSTRAINT fulfillment_shipping_option_id_foreign FOREIGN KEY (shipping_option_id) REFERENCES public.shipping_option(id) ON UPDATE CASCADE ON DELETE SET NULL;


--
-- Name: geo_zone geo_zone_service_zone_id_foreign; Type: FK CONSTRAINT; Schema: public; Owner: marketplace
--

ALTER TABLE ONLY public.geo_zone
    ADD CONSTRAINT geo_zone_service_zone_id_foreign FOREIGN KEY (service_zone_id) REFERENCES public.service_zone(id) ON UPDATE CASCADE ON DELETE CASCADE;


--
-- Name: image image_product_id_foreign; Type: FK CONSTRAINT; Schema: public; Owner: marketplace
--

ALTER TABLE ONLY public.image
    ADD CONSTRAINT image_product_id_foreign FOREIGN KEY (product_id) REFERENCES public.product(id) ON UPDATE CASCADE ON DELETE CASCADE;


--
-- Name: inventory_level inventory_level_inventory_item_id_foreign; Type: FK CONSTRAINT; Schema: public; Owner: marketplace
--

ALTER TABLE ONLY public.inventory_level
    ADD CONSTRAINT inventory_level_inventory_item_id_foreign FOREIGN KEY (inventory_item_id) REFERENCES public.inventory_item(id) ON UPDATE CASCADE ON DELETE CASCADE;


--
-- Name: notification notification_provider_id_foreign; Type: FK CONSTRAINT; Schema: public; Owner: marketplace
--

ALTER TABLE ONLY public.notification
    ADD CONSTRAINT notification_provider_id_foreign FOREIGN KEY (provider_id) REFERENCES public.notification_provider(id) ON UPDATE CASCADE ON DELETE SET NULL;


--
-- Name: order order_billing_address_id_foreign; Type: FK CONSTRAINT; Schema: public; Owner: marketplace
--

ALTER TABLE ONLY public."order"
    ADD CONSTRAINT order_billing_address_id_foreign FOREIGN KEY (billing_address_id) REFERENCES public.order_address(id) ON UPDATE CASCADE ON DELETE CASCADE;


--
-- Name: order_change_action order_change_action_order_change_id_foreign; Type: FK CONSTRAINT; Schema: public; Owner: marketplace
--

ALTER TABLE ONLY public.order_change_action
    ADD CONSTRAINT order_change_action_order_change_id_foreign FOREIGN KEY (order_change_id) REFERENCES public.order_change(id) ON UPDATE CASCADE ON DELETE CASCADE;


--
-- Name: order_change order_change_order_id_foreign; Type: FK CONSTRAINT; Schema: public; Owner: marketplace
--

ALTER TABLE ONLY public.order_change
    ADD CONSTRAINT order_change_order_id_foreign FOREIGN KEY (order_id) REFERENCES public."order"(id) ON UPDATE CASCADE ON DELETE CASCADE;


--
-- Name: order_credit_line order_credit_line_order_id_foreign; Type: FK CONSTRAINT; Schema: public; Owner: marketplace
--

ALTER TABLE ONLY public.order_credit_line
    ADD CONSTRAINT order_credit_line_order_id_foreign FOREIGN KEY (order_id) REFERENCES public."order"(id) ON UPDATE CASCADE;


--
-- Name: order_item order_item_item_id_foreign; Type: FK CONSTRAINT; Schema: public; Owner: marketplace
--

ALTER TABLE ONLY public.order_item
    ADD CONSTRAINT order_item_item_id_foreign FOREIGN KEY (item_id) REFERENCES public.order_line_item(id) ON UPDATE CASCADE ON DELETE CASCADE;


--
-- Name: order_item order_item_order_id_foreign; Type: FK CONSTRAINT; Schema: public; Owner: marketplace
--

ALTER TABLE ONLY public.order_item
    ADD CONSTRAINT order_item_order_id_foreign FOREIGN KEY (order_id) REFERENCES public."order"(id) ON UPDATE CASCADE ON DELETE CASCADE;


--
-- Name: order_line_item_adjustment order_line_item_adjustment_item_id_foreign; Type: FK CONSTRAINT; Schema: public; Owner: marketplace
--

ALTER TABLE ONLY public.order_line_item_adjustment
    ADD CONSTRAINT order_line_item_adjustment_item_id_foreign FOREIGN KEY (item_id) REFERENCES public.order_line_item(id) ON UPDATE CASCADE ON DELETE CASCADE;


--
-- Name: order_line_item_tax_line order_line_item_tax_line_item_id_foreign; Type: FK CONSTRAINT; Schema: public; Owner: marketplace
--

ALTER TABLE ONLY public.order_line_item_tax_line
    ADD CONSTRAINT order_line_item_tax_line_item_id_foreign FOREIGN KEY (item_id) REFERENCES public.order_line_item(id) ON UPDATE CASCADE ON DELETE CASCADE;


--
-- Name: order_line_item order_line_item_totals_id_foreign; Type: FK CONSTRAINT; Schema: public; Owner: marketplace
--

ALTER TABLE ONLY public.order_line_item
    ADD CONSTRAINT order_line_item_totals_id_foreign FOREIGN KEY (totals_id) REFERENCES public.order_item(id) ON UPDATE CASCADE ON DELETE CASCADE;


--
-- Name: order order_shipping_address_id_foreign; Type: FK CONSTRAINT; Schema: public; Owner: marketplace
--

ALTER TABLE ONLY public."order"
    ADD CONSTRAINT order_shipping_address_id_foreign FOREIGN KEY (shipping_address_id) REFERENCES public.order_address(id) ON UPDATE CASCADE ON DELETE CASCADE;


--
-- Name: order_shipping_method_adjustment order_shipping_method_adjustment_shipping_method_id_foreign; Type: FK CONSTRAINT; Schema: public; Owner: marketplace
--

ALTER TABLE ONLY public.order_shipping_method_adjustment
    ADD CONSTRAINT order_shipping_method_adjustment_shipping_method_id_foreign FOREIGN KEY (shipping_method_id) REFERENCES public.order_shipping_method(id) ON UPDATE CASCADE ON DELETE CASCADE;


--
-- Name: order_shipping_method_tax_line order_shipping_method_tax_line_shipping_method_id_foreign; Type: FK CONSTRAINT; Schema: public; Owner: marketplace
--

ALTER TABLE ONLY public.order_shipping_method_tax_line
    ADD CONSTRAINT order_shipping_method_tax_line_shipping_method_id_foreign FOREIGN KEY (shipping_method_id) REFERENCES public.order_shipping_method(id) ON UPDATE CASCADE ON DELETE CASCADE;


--
-- Name: order_shipping order_shipping_order_id_foreign; Type: FK CONSTRAINT; Schema: public; Owner: marketplace
--

ALTER TABLE ONLY public.order_shipping
    ADD CONSTRAINT order_shipping_order_id_foreign FOREIGN KEY (order_id) REFERENCES public."order"(id) ON UPDATE CASCADE ON DELETE CASCADE;


--
-- Name: order_transaction order_transaction_order_id_foreign; Type: FK CONSTRAINT; Schema: public; Owner: marketplace
--

ALTER TABLE ONLY public.order_transaction
    ADD CONSTRAINT order_transaction_order_id_foreign FOREIGN KEY (order_id) REFERENCES public."order"(id) ON UPDATE CASCADE ON DELETE CASCADE;


--
-- Name: payment_collection_payment_providers payment_collection_payment_providers_payment_col_aa276_foreign; Type: FK CONSTRAINT; Schema: public; Owner: marketplace
--

ALTER TABLE ONLY public.payment_collection_payment_providers
    ADD CONSTRAINT payment_collection_payment_providers_payment_col_aa276_foreign FOREIGN KEY (payment_collection_id) REFERENCES public.payment_collection(id) ON UPDATE CASCADE ON DELETE CASCADE;


--
-- Name: payment_collection_payment_providers payment_collection_payment_providers_payment_pro_2d555_foreign; Type: FK CONSTRAINT; Schema: public; Owner: marketplace
--

ALTER TABLE ONLY public.payment_collection_payment_providers
    ADD CONSTRAINT payment_collection_payment_providers_payment_pro_2d555_foreign FOREIGN KEY (payment_provider_id) REFERENCES public.payment_provider(id) ON UPDATE CASCADE ON DELETE CASCADE;


--
-- Name: payment payment_payment_collection_id_foreign; Type: FK CONSTRAINT; Schema: public; Owner: marketplace
--

ALTER TABLE ONLY public.payment
    ADD CONSTRAINT payment_payment_collection_id_foreign FOREIGN KEY (payment_collection_id) REFERENCES public.payment_collection(id) ON UPDATE CASCADE ON DELETE CASCADE;


--
-- Name: payment_session payment_session_payment_collection_id_foreign; Type: FK CONSTRAINT; Schema: public; Owner: marketplace
--

ALTER TABLE ONLY public.payment_session
    ADD CONSTRAINT payment_session_payment_collection_id_foreign FOREIGN KEY (payment_collection_id) REFERENCES public.payment_collection(id) ON UPDATE CASCADE ON DELETE CASCADE;


--
-- Name: price_list_rule price_list_rule_price_list_id_foreign; Type: FK CONSTRAINT; Schema: public; Owner: marketplace
--

ALTER TABLE ONLY public.price_list_rule
    ADD CONSTRAINT price_list_rule_price_list_id_foreign FOREIGN KEY (price_list_id) REFERENCES public.price_list(id) ON UPDATE CASCADE ON DELETE CASCADE;


--
-- Name: price price_price_list_id_foreign; Type: FK CONSTRAINT; Schema: public; Owner: marketplace
--

ALTER TABLE ONLY public.price
    ADD CONSTRAINT price_price_list_id_foreign FOREIGN KEY (price_list_id) REFERENCES public.price_list(id) ON UPDATE CASCADE ON DELETE CASCADE;


--
-- Name: price price_price_set_id_foreign; Type: FK CONSTRAINT; Schema: public; Owner: marketplace
--

ALTER TABLE ONLY public.price
    ADD CONSTRAINT price_price_set_id_foreign FOREIGN KEY (price_set_id) REFERENCES public.price_set(id) ON UPDATE CASCADE ON DELETE CASCADE;


--
-- Name: price_rule price_rule_price_id_foreign; Type: FK CONSTRAINT; Schema: public; Owner: marketplace
--

ALTER TABLE ONLY public.price_rule
    ADD CONSTRAINT price_rule_price_id_foreign FOREIGN KEY (price_id) REFERENCES public.price(id) ON UPDATE CASCADE ON DELETE CASCADE;


--
-- Name: product_category product_category_parent_category_id_foreign; Type: FK CONSTRAINT; Schema: public; Owner: marketplace
--

ALTER TABLE ONLY public.product_category
    ADD CONSTRAINT product_category_parent_category_id_foreign FOREIGN KEY (parent_category_id) REFERENCES public.product_category(id) ON UPDATE CASCADE ON DELETE CASCADE;


--
-- Name: product_category_product product_category_product_product_category_id_foreign; Type: FK CONSTRAINT; Schema: public; Owner: marketplace
--

ALTER TABLE ONLY public.product_category_product
    ADD CONSTRAINT product_category_product_product_category_id_foreign FOREIGN KEY (product_category_id) REFERENCES public.product_category(id) ON UPDATE CASCADE ON DELETE CASCADE;


--
-- Name: product_category_product product_category_product_product_id_foreign; Type: FK CONSTRAINT; Schema: public; Owner: marketplace
--

ALTER TABLE ONLY public.product_category_product
    ADD CONSTRAINT product_category_product_product_id_foreign FOREIGN KEY (product_id) REFERENCES public.product(id) ON UPDATE CASCADE ON DELETE CASCADE;


--
-- Name: product product_collection_id_foreign; Type: FK CONSTRAINT; Schema: public; Owner: marketplace
--

ALTER TABLE ONLY public.product
    ADD CONSTRAINT product_collection_id_foreign FOREIGN KEY (collection_id) REFERENCES public.product_collection(id) ON UPDATE CASCADE ON DELETE SET NULL;


--
-- Name: product_option product_option_product_id_foreign; Type: FK CONSTRAINT; Schema: public; Owner: marketplace
--

ALTER TABLE ONLY public.product_option
    ADD CONSTRAINT product_option_product_id_foreign FOREIGN KEY (product_id) REFERENCES public.product(id) ON UPDATE CASCADE ON DELETE CASCADE;


--
-- Name: product_option_value product_option_value_option_id_foreign; Type: FK CONSTRAINT; Schema: public; Owner: marketplace
--

ALTER TABLE ONLY public.product_option_value
    ADD CONSTRAINT product_option_value_option_id_foreign FOREIGN KEY (option_id) REFERENCES public.product_option(id) ON UPDATE CASCADE ON DELETE CASCADE;


--
-- Name: product_tags product_tags_product_id_foreign; Type: FK CONSTRAINT; Schema: public; Owner: marketplace
--

ALTER TABLE ONLY public.product_tags
    ADD CONSTRAINT product_tags_product_id_foreign FOREIGN KEY (product_id) REFERENCES public.product(id) ON UPDATE CASCADE ON DELETE CASCADE;


--
-- Name: product_tags product_tags_product_tag_id_foreign; Type: FK CONSTRAINT; Schema: public; Owner: marketplace
--

ALTER TABLE ONLY public.product_tags
    ADD CONSTRAINT product_tags_product_tag_id_foreign FOREIGN KEY (product_tag_id) REFERENCES public.product_tag(id) ON UPDATE CASCADE ON DELETE CASCADE;


--
-- Name: product product_type_id_foreign; Type: FK CONSTRAINT; Schema: public; Owner: marketplace
--

ALTER TABLE ONLY public.product
    ADD CONSTRAINT product_type_id_foreign FOREIGN KEY (type_id) REFERENCES public.product_type(id) ON UPDATE CASCADE ON DELETE SET NULL;


--
-- Name: product_variant_option product_variant_option_option_value_id_foreign; Type: FK CONSTRAINT; Schema: public; Owner: marketplace
--

ALTER TABLE ONLY public.product_variant_option
    ADD CONSTRAINT product_variant_option_option_value_id_foreign FOREIGN KEY (option_value_id) REFERENCES public.product_option_value(id) ON UPDATE CASCADE ON DELETE CASCADE;


--
-- Name: product_variant_option product_variant_option_variant_id_foreign; Type: FK CONSTRAINT; Schema: public; Owner: marketplace
--

ALTER TABLE ONLY public.product_variant_option
    ADD CONSTRAINT product_variant_option_variant_id_foreign FOREIGN KEY (variant_id) REFERENCES public.product_variant(id) ON UPDATE CASCADE ON DELETE CASCADE;


--
-- Name: product_variant product_variant_product_id_foreign; Type: FK CONSTRAINT; Schema: public; Owner: marketplace
--

ALTER TABLE ONLY public.product_variant
    ADD CONSTRAINT product_variant_product_id_foreign FOREIGN KEY (product_id) REFERENCES public.product(id) ON UPDATE CASCADE ON DELETE CASCADE;


--
-- Name: promotion_application_method promotion_application_method_promotion_id_foreign; Type: FK CONSTRAINT; Schema: public; Owner: marketplace
--

ALTER TABLE ONLY public.promotion_application_method
    ADD CONSTRAINT promotion_application_method_promotion_id_foreign FOREIGN KEY (promotion_id) REFERENCES public.promotion(id) ON UPDATE CASCADE ON DELETE CASCADE;


--
-- Name: promotion_campaign_budget promotion_campaign_budget_campaign_id_foreign; Type: FK CONSTRAINT; Schema: public; Owner: marketplace
--

ALTER TABLE ONLY public.promotion_campaign_budget
    ADD CONSTRAINT promotion_campaign_budget_campaign_id_foreign FOREIGN KEY (campaign_id) REFERENCES public.promotion_campaign(id) ON UPDATE CASCADE ON DELETE CASCADE;


--
-- Name: promotion promotion_campaign_id_foreign; Type: FK CONSTRAINT; Schema: public; Owner: marketplace
--

ALTER TABLE ONLY public.promotion
    ADD CONSTRAINT promotion_campaign_id_foreign FOREIGN KEY (campaign_id) REFERENCES public.promotion_campaign(id) ON UPDATE CASCADE ON DELETE SET NULL;


--
-- Name: promotion_promotion_rule promotion_promotion_rule_promotion_id_foreign; Type: FK CONSTRAINT; Schema: public; Owner: marketplace
--

ALTER TABLE ONLY public.promotion_promotion_rule
    ADD CONSTRAINT promotion_promotion_rule_promotion_id_foreign FOREIGN KEY (promotion_id) REFERENCES public.promotion(id) ON UPDATE CASCADE ON DELETE CASCADE;


--
-- Name: promotion_promotion_rule promotion_promotion_rule_promotion_rule_id_foreign; Type: FK CONSTRAINT; Schema: public; Owner: marketplace
--

ALTER TABLE ONLY public.promotion_promotion_rule
    ADD CONSTRAINT promotion_promotion_rule_promotion_rule_id_foreign FOREIGN KEY (promotion_rule_id) REFERENCES public.promotion_rule(id) ON UPDATE CASCADE ON DELETE CASCADE;


--
-- Name: promotion_rule_value promotion_rule_value_promotion_rule_id_foreign; Type: FK CONSTRAINT; Schema: public; Owner: marketplace
--

ALTER TABLE ONLY public.promotion_rule_value
    ADD CONSTRAINT promotion_rule_value_promotion_rule_id_foreign FOREIGN KEY (promotion_rule_id) REFERENCES public.promotion_rule(id) ON UPDATE CASCADE ON DELETE CASCADE;


--
-- Name: provider_identity provider_identity_auth_identity_id_foreign; Type: FK CONSTRAINT; Schema: public; Owner: marketplace
--

ALTER TABLE ONLY public.provider_identity
    ADD CONSTRAINT provider_identity_auth_identity_id_foreign FOREIGN KEY (auth_identity_id) REFERENCES public.auth_identity(id) ON UPDATE CASCADE ON DELETE CASCADE;


--
-- Name: refund refund_payment_id_foreign; Type: FK CONSTRAINT; Schema: public; Owner: marketplace
--

ALTER TABLE ONLY public.refund
    ADD CONSTRAINT refund_payment_id_foreign FOREIGN KEY (payment_id) REFERENCES public.payment(id) ON UPDATE CASCADE ON DELETE CASCADE;


--
-- Name: region_country region_country_region_id_foreign; Type: FK CONSTRAINT; Schema: public; Owner: marketplace
--

ALTER TABLE ONLY public.region_country
    ADD CONSTRAINT region_country_region_id_foreign FOREIGN KEY (region_id) REFERENCES public.region(id) ON UPDATE CASCADE ON DELETE SET NULL;


--
-- Name: reservation_item reservation_item_inventory_item_id_foreign; Type: FK CONSTRAINT; Schema: public; Owner: marketplace
--

ALTER TABLE ONLY public.reservation_item
    ADD CONSTRAINT reservation_item_inventory_item_id_foreign FOREIGN KEY (inventory_item_id) REFERENCES public.inventory_item(id) ON UPDATE CASCADE ON DELETE CASCADE;


--
-- Name: return_reason return_reason_parent_return_reason_id_foreign; Type: FK CONSTRAINT; Schema: public; Owner: marketplace
--

ALTER TABLE ONLY public.return_reason
    ADD CONSTRAINT return_reason_parent_return_reason_id_foreign FOREIGN KEY (parent_return_reason_id) REFERENCES public.return_reason(id);


--
-- Name: service_zone service_zone_fulfillment_set_id_foreign; Type: FK CONSTRAINT; Schema: public; Owner: marketplace
--

ALTER TABLE ONLY public.service_zone
    ADD CONSTRAINT service_zone_fulfillment_set_id_foreign FOREIGN KEY (fulfillment_set_id) REFERENCES public.fulfillment_set(id) ON UPDATE CASCADE ON DELETE CASCADE;


--
-- Name: shipping_option shipping_option_provider_id_foreign; Type: FK CONSTRAINT; Schema: public; Owner: marketplace
--

ALTER TABLE ONLY public.shipping_option
    ADD CONSTRAINT shipping_option_provider_id_foreign FOREIGN KEY (provider_id) REFERENCES public.fulfillment_provider(id) ON UPDATE CASCADE ON DELETE SET NULL;


--
-- Name: shipping_option_rule shipping_option_rule_shipping_option_id_foreign; Type: FK CONSTRAINT; Schema: public; Owner: marketplace
--

ALTER TABLE ONLY public.shipping_option_rule
    ADD CONSTRAINT shipping_option_rule_shipping_option_id_foreign FOREIGN KEY (shipping_option_id) REFERENCES public.shipping_option(id) ON UPDATE CASCADE ON DELETE CASCADE;


--
-- Name: shipping_option shipping_option_service_zone_id_foreign; Type: FK CONSTRAINT; Schema: public; Owner: marketplace
--

ALTER TABLE ONLY public.shipping_option
    ADD CONSTRAINT shipping_option_service_zone_id_foreign FOREIGN KEY (service_zone_id) REFERENCES public.service_zone(id) ON UPDATE CASCADE ON DELETE CASCADE;


--
-- Name: shipping_option shipping_option_shipping_option_type_id_foreign; Type: FK CONSTRAINT; Schema: public; Owner: marketplace
--

ALTER TABLE ONLY public.shipping_option
    ADD CONSTRAINT shipping_option_shipping_option_type_id_foreign FOREIGN KEY (shipping_option_type_id) REFERENCES public.shipping_option_type(id) ON UPDATE CASCADE;


--
-- Name: shipping_option shipping_option_shipping_profile_id_foreign; Type: FK CONSTRAINT; Schema: public; Owner: marketplace
--

ALTER TABLE ONLY public.shipping_option
    ADD CONSTRAINT shipping_option_shipping_profile_id_foreign FOREIGN KEY (shipping_profile_id) REFERENCES public.shipping_profile(id) ON UPDATE CASCADE ON DELETE SET NULL;


--
-- Name: stock_location stock_location_address_id_foreign; Type: FK CONSTRAINT; Schema: public; Owner: marketplace
--

ALTER TABLE ONLY public.stock_location
    ADD CONSTRAINT stock_location_address_id_foreign FOREIGN KEY (address_id) REFERENCES public.stock_location_address(id) ON UPDATE CASCADE ON DELETE CASCADE;


--
-- Name: store_currency store_currency_store_id_foreign; Type: FK CONSTRAINT; Schema: public; Owner: marketplace
--

ALTER TABLE ONLY public.store_currency
    ADD CONSTRAINT store_currency_store_id_foreign FOREIGN KEY (store_id) REFERENCES public.store(id) ON UPDATE CASCADE ON DELETE CASCADE;


--
-- PostgreSQL database dump complete
--

